time,dcBusCurrent
0.405, 0
0.509, 0
0.618, 0
0.725, 0
0.834, 0
0.941, 0
1.047, 0
1.159, 0
1.268, 0
1.378, 0
1.487, 0
1.596, 0
1.703, 0
1.812, 0
1.921, 0
2.03, 0
2.137, 0
2.246, 0
2.355, 0
2.465, 0
2.571, 0
2.675, 0
2.784, 0
2.891, 0
3, 0
3.109, 0
3.218, 0
3.328, 0
3.434, 0
3.541, 0
3.647, 0
3.756, 0
3.866, 0
3.972, 0
4.082, 0
4.191, 0
4.297, 0
4.404, 0
4.51, 0
4.62, 0
4.729, 0
4.835, 0
4.945, 0
5.054, 0
5.163, 0
5.272, 0
5.382, 0
5.488, 0
5.597, 0
5.707, 0
5.813, 0
5.925, 0
6.032, 0
6.141, 0
6.25, 0
6.357, 0
6.463, 0
6.57, 0
6.676, 0
6.785, 0
6.895, 0
7.004, 0
7.113, 0
7.223, 0
7.326, 0
7.436, 0
7.542, 0
7.651, 0
7.758, 0
7.865, 0
7.976, 0
8.086, 0
8.192, 0
8.299, 0
8.408, 0
8.512, 0
8.621, 0
8.73, 0
8.837, 0
8.943, 0
9.053, 0
9.162, 0
9.268, 0
9.375, 0
9.484, 0
9.593, 0
9.7, 0
9.806, 0
9.913, 0
10.022, 0
10.129, 0
10.238, 0
10.347, 0
10.456, 0
10.563, 0
10.667, 0
10.776, 0
10.88, 0
10.986, 0
11.093, 0
11.199, 0
11.308, 0
11.415, 0
11.522, 0
11.631, 0
11.74, 0
11.849, 0
11.958, 0
12.062, 0
12.172, 0
12.278, 0
12.387, 0
12.494, 0
12.601, 0
12.712, 0
12.822, 0
12.931, 0
13.04, 0
13.149, 0
13.256, 0
13.365, 0
13.474, 0
13.584, 0
13.69, 0
13.799, 0
13.909, 0
14.018, 0
14.124, 0
14.228, 0
14.337, 0
14.444, 0
14.553, 0
14.662, 0
14.772, 0
14.881, 0
14.987, 0
15.094, 0
15.2, 0
15.31, 0
15.419, 0
15.526, 0
15.635, 0
15.744, 0
15.85, 0
15.957, 0
16.064, 0
16.173, 0
16.282, 0
16.389, 0
16.498, 0
16.607, 0
16.716, 0
16.826, 0
16.935, 0
17.041, 0
17.151, 0
17.26, 0
17.367, 0
17.478, 0
17.585, 0
17.694, 0
17.804, 0
17.91, 0
18.016, 0
18.123, 0
18.23, 0
18.339, 0
18.448, 0
18.557, 0
18.666, 0
18.776, 0
18.879, 0
18.989, 0
19.095, 0
19.205, 0
19.311, 0
19.418, 0
19.53, 0
19.639, 0
19.745, 0
19.852, 0
19.961, 0
20.068, 0
20.174, 0
20.283, 0
20.393, 0
20.502, 0
20.611, 0
20.72, 0
20.83, 0
20.936, 0
21.045, 0
21.155, 0
21.264, 0
21.373, 0
21.48, 0
21.589, 0
21.698, 0
21.805, 0
21.908, 0
22.018, 0
22.124, 0
22.233, 0
22.343, 0
22.452, 0
22.561, 0
22.668, 0
22.774, 0
22.881, 0
22.99, 0
23.099, 0
23.206, 0
23.315, 0
23.424, 0
23.531, 0
23.638, 0
23.744, 0
23.853, 0
23.96, 0
24.069, 0
24.178, 0
24.287, 0
24.397, 0
24.506, 0
24.615, 0
24.724, 0
24.831, 0
24.94, 0
25.049, 0
25.159, 0
25.265, 0
25.374, 0
25.484, 0
25.593, 0
25.697, 0
25.803, 0
25.912, 0
26.019, 0
26.128, 0
26.235, 0
26.347, 0
26.456, 0
26.563, 0
26.669, 0
26.776, 0
26.885, 0
26.994, 0
27.101, 0
27.21, 0
27.319, 0
27.428, 0
27.538, 0
27.647, 0
27.753, 0
27.863, 0
27.972, 0
28.079, 0
28.182, 0
28.291, 0
28.401, 0
28.51, 0
28.617, 0
28.726, 0
28.835, 0
28.942, 0
29.051, 0
29.16, 0
29.269, 0
29.378, 0
29.485, 0
29.591, 0
29.701, 0
29.81, 0
29.919, 0
30.023, 0
30.132, 0
30.242, 0
30.348, 0
30.455, 0
30.561, 0
30.668, 0
30.777, 0
30.886, 0
30.995, 0
31.105, 0
31.214, 0
31.318, 0
31.427, 0
31.534, 0
31.643, 0
31.749, 0
31.856, 0
31.968, 0
32.077, 0
32.186, 0
32.295, 0
32.405, 0
32.511, 0
32.62, 0
32.73, 0
32.839, 0
32.946, 0
33.055, 0
33.164, 0
33.273, 0
33.38, 0
33.483, 0
33.593, 0
33.699, 0
33.809, 0
33.918, 0
34.025, 0
34.136, 0
34.243, 0
34.347, 0
34.456, 0
34.562, 0
34.672, 0
34.781, 0
34.89, 0
34.999, 0
35.106, 0
35.212, 0
35.322, 0
35.426, 0
35.535, 0
35.644, 0
35.753, 0
35.862, 0
35.972, 0
36.081, 0
36.19, 0
36.297, 0
36.406, 0
36.515, 0
36.622, 0
36.734, 0
36.84, 0
36.949, 0
37.059, 0
37.166, 0
37.272, 0
37.378, 0
37.485, 0
37.594, 0
37.703, 0
37.813, 0
37.922, 0
38.031, 0
38.135, 0
38.244, 0
38.351, 0
38.46, 0
38.567, 0
38.673, 0
38.785, 0
38.894, 0
39.001, 0
39.107, 0
39.216, 0
39.32, 0
39.429, 0
39.539, 0
39.648, 0
39.757, 0
39.866, 0
39.976, 0
40.085, 0
40.191, 0
40.301, 0
40.41, 0
40.519, 0
40.629, 0
40.735, 0
40.844, 0
40.954, 0
41.06, 0
41.164, 0
41.273, 0
41.38, 0
41.489, 0
41.598, 0
41.707, 0
41.817, 0
41.923, 0
42.03, 0
42.136, 0
42.245, 0
42.355, 0
42.461, 0
42.57, 0
42.68, 0
42.786, 0
42.893, 0
43.002, 0
43.108, 0
43.215, 0
43.324, 0
43.434, 0
43.543, 0
43.652, 0
43.761, 0
43.871, 0
43.98, 0
44.086, 0
44.196, 0
44.305, 0
44.414, 0
44.52, 0
44.63, 0
44.739, 0
44.848, 0
44.952, 0
45.059, 0
45.168, 0
45.275, 0
45.384, 0
45.49, 0
45.602, 0
45.711, 0
45.818, 0
45.924, 0
46.031, 0
46.141, 0
46.249, 0
46.356, 0
46.465, 0
46.574, 0
46.681, 0
46.787, 0
46.894, 0
47.003, 0
47.113, 0
47.219, 0
47.328, 0
47.438, 0
47.547, 0
47.656, 0
47.765, 0
47.872, 0
47.981, 0
48.09, 0
48.2, 0
48.309, 0
48.415, 0
48.525, 0
48.634, 0
48.74, 0
48.844, 0
48.953, 0
49.06, 0
49.167, 0
49.279, 0
49.388, 0
49.497, 0
49.604, 0
49.71, 0
49.817, 0
49.923, 0
50.032, 0
50.142, 0
50.251, 0
50.36, 0
50.469, 0
50.573, 0
50.682, 0
50.789, 0
50.895, 0
51.005, 0
51.111, 0
51.223, 0
51.332, 0
51.442, 0
51.551, 0
51.66, 0
51.767, 0
51.876, 0
51.985, 0
52.094, 0
52.201, 0
52.31, 0
52.419, 0
52.529, 0
52.635, 0
52.739, 0
52.848, 0
52.955, 0
53.064, 0
53.173, 0
53.28, 0
53.392, 0
53.498, 0
53.602, 0
53.711, 0
53.82, 22
53.929, 56
54.038, 61
54.145, 64
54.257, 58
54.366, 74
54.475, 67
54.585, 78
54.694, 77
54.801, 79
54.892, 79
55.001, 87
55.107, 90
55.216, 94
55.328, 98
55.438, 100
55.547, 98
55.656, 104
55.766, 103
55.875, 104
55.984, 104
56.094, 99
56.203, 100
56.312, 97
56.418, 97
56.527, 100
56.634, 103
56.743, 111
56.85, 116
56.954, 132
57.063, 164
57.17, 200
57.279, 241
57.389, 270
57.498, 289
57.607, 305
57.717, 325
57.826, 340
57.935, 353
58.044, 371
58.154, 393
58.264, 411
58.37, 436
58.474, 489
58.581, 552
58.69, 614
58.797, 672
58.903, 759
59.012, 850
59.122, 914
59.232, 960
59.341, 791
59.45, 689
59.559, 590
59.669, 475
59.778, 405
59.887, 370
59.994, 348
60.104, 286
60.213, 165
60.317, 96
60.424, 67
60.53, 59
60.642, 73
60.748, 253
60.858, 483
60.965, 632
61.069, 758
61.175, 809
61.282, 526
61.392, 264
61.499, 132
61.608, 79
61.715, 67
61.824, 195
61.933, 424
62.043, 580
62.146, 675
62.256, 749
62.365, 660
62.472, 380
62.581, 187
62.687, 100
62.797, 69
62.904, 97
63.013, 365
63.12, 687
63.229, 952
63.338, 1121
63.448, 1188
63.552, 1066
63.658, 612
63.765, 295
63.871, 142
63.981, 83
64.087, 64
64.196, 217
64.303, 722
64.409, 1050
64.519, 1226
64.626, 1275
64.732, 1054
64.839, 570
64.945, 268
65.055, 129
65.164, 78
65.27, 63
65.375, 242
65.487, 728
65.596, 1023
65.703, 1149
65.815, 1219
65.924, 829
66.034, 408
66.14, 191
66.244, 103
66.353, 70
66.457, 60
66.564, 57
66.673, 55
66.78, 65
66.886, 110
66.993, 142
67.103, 269
67.209, 223
67.316, 132
67.425, 81
67.534, 62
67.64, 57
67.75, 56
67.854, 55
67.96, 55
68.067, 103
68.173, 273
68.283, 380
68.393, 434
68.499, 492
68.608, 648
68.718, 842
68.826, 1023
68.933, 1146
69.037, 1232
69.146, 1284
69.258, 1336
69.368, 1332
69.477, 1363
69.586, 1391
69.693, 1424
69.799, 1467
69.909, 1489
70.019, 1511
70.128, 1541
70.237, 1549
70.347, 1600
70.456, 1730
70.563, 1926
70.672, 2070
70.779, 2148
70.888, 2180
70.997, 2198
71.106, 2212
71.216, 2146
71.325, 1981
71.432, 1785
71.539, 1559
71.649, 1379
71.758, 1197
71.869, 989
71.979, 831
72.085, 709
72.195, 604
72.304, 534
72.413, 476
72.522, 422
72.632, 392
72.743, 349
72.853, 337
72.962, 319
73.074, 319
73.18, 333
73.271, 329
73.377, 335
73.484, 333
73.593, 316
73.702, 326
73.812, 342
73.918, 367
74.022, 376
74.131, 366
74.241, 371
74.347, 376
74.454, 376
74.564, 363
74.675, 370
74.786, 370
74.895, 368
75.004, 369
75.113, 375
75.223, 376
75.329, 369
75.441, 378
75.545, 376
75.651, 370
75.758, 372
75.868, 373
75.977, 375
76.081, 374
76.188, 368
76.3, 366
76.407, 361
76.518, 363
76.625, 370
76.737, 363
76.846, 364
76.95, 352
77.056, 338
77.166, 339
77.278, 346
77.384, 356
77.489, 356
77.595, 347
77.701, 358
77.792, 351
77.898, 353
78.008, 353
78.114, 346
78.223, 353
78.33, 346
78.44, 342
78.546, 345
78.652, 354
78.745, 359
78.857, 363
78.964, 367
79.07, 367
79.18, 373
79.286, 374
79.39, 374
79.499, 378
79.611, 375
79.72, 368
79.827, 358
79.936, 348
80.048, 338
80.157, 338
80.267, 313
80.376, 303
80.485, 297
80.595, 295
80.698, 311
80.808, 326
80.915, 330
81.021, 351
81.127, 370
81.234, 367
81.344, 363
81.453, 382
81.562, 388
81.669, 382
81.778, 384
81.869, 378
81.978, 357
82.085, 351
82.194, 302
82.301, 175
82.407, 97
82.513, 67
82.62, 58
82.727, 56
82.836, 55
82.943, 54
83.055, 54
83.162, 55
83.273, 54
83.383, 54
83.492, 54
83.598, 55
83.708, 54
83.82, 54
83.929, 54
84.038, 55
84.15, 54
84.257, 54
84.363, 54
84.467, 55
84.576, 64
84.684, 253
84.793, 568
84.904, 843
84.995, 1051
85.101, 1271
85.192, 1424
85.298, 1528
85.41, 1555
85.517, 1532
85.629, 1404
85.735, 1255
85.842, 1161
85.951, 1114
86.06, 1083
86.169, 1015
86.276, 932
86.388, 841
86.5, 755
86.612, 702
86.719, 647
86.825, 596
86.932, 561
87.023, 546
87.129, 530
87.241, 551
87.347, 581
87.456, 604
87.563, 619
87.672, 634
87.779, 641
87.888, 618
87.981, 595
88.09, 590
88.2, 560
88.292, 515
88.402, 502
88.511, 476
88.623, 450
88.732, 441
88.842, 445
88.953, 453
89.061, 447
89.167, 429
89.274, 415
89.383, 420
89.493, 428
89.605, 415
89.712, 411
89.823, 415
89.933, 418
90.042, 413
90.154, 406
90.263, 397
90.369, 396
90.476, 380
90.58, 362
90.687, 349
90.791, 335
90.9, 327
91.006, 320
91.115, 307
91.225, 299
91.337, 290
91.449, 303
91.556, 317
91.662, 309
91.769, 309
91.878, 316
91.984, 327
92.094, 334
92.204, 335
92.313, 335
92.422, 342
92.529, 351
92.639, 357
92.75, 350
92.859, 352
92.969, 366
93.078, 366
93.184, 353
93.288, 349
93.398, 708
93.507, 1899
93.614, 2303
93.72, 2115
93.832, 1768
93.941, 1860
94.048, 2118
94.157, 2392
94.266, 2557
94.374, 2651
94.483, 2673
94.589, 2704
94.693, 2744
94.802, 2761
94.916, 2791
95.023, 2807
95.133, 2834
95.239, 2857
95.348, 2888
95.455, 2878
95.564, 2886
95.671, 2920
95.783, 2941
95.894, 2965
96.004, 2989
96.111, 3007
96.221, 3004
96.329, 3025
96.436, 2991
96.54, 2368
96.646, 1259
96.753, 597
96.867, 499
96.977, 743
97.089, 986
97.196, 1244
97.302, 1438
97.409, 1480
97.518, 1428
97.628, 1302
97.736, 1182
97.846, 1097
97.952, 1027
98.062, 1041
98.172, 1225
98.281, 1441
98.39, 1712
98.494, 1962
98.601, 2167
98.707, 2285
98.814, 2462
98.92, 2639
99.027, 2754
99.134, 2838
99.243, 2889
99.352, 2938
99.459, 2967
99.57, 3020
99.68, 3048
99.79, 3072
99.899, 3071
100.011, 3081
100.118, 3085
100.227, 3079
100.336, 3078
100.443, 3037
100.555, 2171
100.661, 1089
100.768, 507
100.872, 223
100.979, 111
101.087, 72
101.194, 59
101.303, 55
101.41, 53
101.517, 54
101.623, 54
101.735, 55
101.842, 55
101.946, 55
102.054, 55
102.145, 55
102.251, 54
102.36, 55
102.467, 54
102.576, 55
102.683, 55
102.774, 55
102.88, 55
102.986, 55
103.077, 55
103.183, 55
103.29, 55
103.396, 55
103.503, 55
103.612, 55
103.716, 55
103.819, 54
103.929, 55
104.035, 55
104.126, 55
104.237, 54
104.344, 55
104.456, 54
104.568, 54
104.68, 55
104.789, 55
104.901, 54
105.01, 55
105.117, 54
105.226, 54
105.333, 54
105.44, 55
105.549, 55
105.658, 54
105.762, 54
105.869, 76
105.976, 226
106.082, 349
106.188, 435
106.298, 500
106.407, 596
106.517, 550
106.623, 402
106.727, 269
106.833, 148
106.943, 88
107.052, 65
107.162, 58
107.27, 56
107.381, 55
107.49, 126
107.599, 358
107.705, 554
107.815, 701
107.922, 821
108.031, 933
108.138, 1031
108.242, 1127
108.351, 1214
108.444, 1278
108.553, 1343
108.66, 1422
108.769, 1586
108.88, 1783
108.986, 1947
109.098, 2108
109.208, 2204
109.317, 2243
109.426, 2305
109.535, 2395
109.645, 2474
109.751, 2534
109.86, 2590
109.968, 2506
110.077, 1693
110.183, 849
110.293, 376
110.399, 170
110.506, 95
110.618, 67
110.727, 59
110.836, 56
110.943, 55
111.049, 55
111.158, 54
111.268, 55
111.377, 54
111.481, 54
111.588, 55
111.697, 55
111.806, 55
111.918, 54
112.025, 54
112.134, 54
112.241, 55
112.35, 55
112.459, 55
112.569, 54
112.672, 54
112.779, 54
112.888, 55
112.979, 55
113.082, 55
113.191, 54
113.295, 60
113.404, 220
113.514, 480
113.623, 678
113.727, 858
113.836, 1117
113.943, 1380
114.044, 1579
114.137, 1729
114.241, 1852
114.348, 1930
114.457, 2029
114.563, 2175
114.673, 2329
114.785, 2435
114.896, 2497
115.008, 2535
115.118, 2550
115.222, 2580
115.334, 2592
115.437, 2630
115.547, 2648
115.656, 2677
115.765, 2694
115.875, 2725
115.979, 2740
116.086, 2782
116.198, 2806
116.307, 2815
116.413, 2847
116.526, 2856
116.632, 2874
116.744, 2891
116.851, 2918
116.963, 2938
117.075, 2944
117.183, 2970
117.274, 2970
117.383, 2986
117.493, 2998
117.602, 3005
117.709, 3038
117.818, 3019
117.909, 3036
118.016, 3014
118.125, 3023
118.234, 3025
118.341, 3045
118.448, 3032
118.554, 3038
118.661, 3043
118.772, 3057
118.884, 3049
118.996, 3066
119.106, 3075
119.212, 3068
119.316, 3086
119.425, 3091
119.532, 3094
119.641, 3106
119.751, 3105
119.858, 3104
119.97, 3103
120.079, 3122
120.189, 3116
120.295, 3099
120.404, 3110
120.511, 3053
120.621, 2970
120.727, 2802
120.841, 2689
120.951, 2547
121.06, 2471
121.169, 2435
121.276, 2416
121.383, 2452
121.489, 2545
121.596, 2662
121.7, 2842
121.806, 2973
121.916, 2991
122.025, 3017
122.135, 2971
122.243, 2956
122.353, 2962
122.462, 2940
122.566, 2935
122.675, 2912
122.785, 2934
122.891, 2932
122.998, 2890
123.11, 2921
123.219, 2933
123.329, 2937
123.438, 2934
123.541, 2814
123.651, 2879
123.762, 2877
123.872, 2878
123.978, 2864
124.085, 2851
124.194, 2795
124.304, 2842
124.41, 2810
124.514, 2813
124.623, 2824
124.733, 2832
124.842, 2820
124.954, 2812
125.06, 2777
125.17, 2770
125.273, 2766
125.38, 2749
125.489, 2734
125.597, 2736
125.708, 2728
125.815, 2728
125.921, 2718
126.028, 2699
126.14, 2674
126.246, 2648
126.353, 2634
126.465, 2613
126.577, 2589
126.686, 2561
126.793, 2541
126.907, 2515
127.017, 2503
127.126, 2470
127.233, 2446
127.339, 2450
127.449, 2440
127.561, 2412
127.67, 2413
127.777, 2400
127.884, 2390
127.995, 2383
128.105, 2382
128.214, 2361
128.32, 2344
128.43, 2306
128.54, 2246
128.646, 1965
128.756, 1580
128.865, 1319
128.974, 1187
129.086, 1102
129.195, 1058
129.305, 1017
129.414, 996
129.52, 995
129.627, 1019
129.737, 1063
129.844, 1113
129.956, 1143
130.065, 1152
130.174, 1163
130.283, 1184
130.39, 1179
130.499, 1182
130.606, 1234
130.716, 1306
130.824, 1452
130.934, 1454
131.04, 1464
131.152, 1445
131.264, 1474
131.373, 1586
131.48, 1770
131.589, 1902
131.698, 1993
131.805, 2052
131.909, 2083
132.019, 2102
132.13, 2039
132.24, 1925
132.349, 1819
132.458, 1734
132.565, 1707
132.677, 1748
132.786, 1788
132.893, 1833
132.999, 1687
133.106, 1056
133.215, 554
133.325, 247
133.431, 123
133.541, 77
133.65, 62
133.757, 57
133.863, 56
133.973, 55
134.085, 55
134.194, 55
134.303, 55
134.412, 54
134.522, 55
134.634, 55
134.743, 54
134.858, 54
134.967, 55
135.076, 55
135.186, 54
135.295, 55
135.402, 54
135.508, 54
135.615, 55
135.727, 55
135.833, 54
135.945, 54
136.055, 55
136.163, 55
136.27, 55
136.383, 55
136.487, 54
136.595, 55
136.686, 55
136.795, 54
136.901, 55
136.992, 55
137.101, 54
137.213, 55
137.319, 55
137.429, 55
137.536, 54
137.64, 54
137.749, 54
137.858, 54
137.97, 55
138.077, 54
138.186, 54
138.292, 55
138.396, 84
138.506, 209
138.607, 325
138.714, 444
138.825, 543
138.932, 609
139.041, 696
139.148, 837
139.257, 1027
139.363, 1236
139.473, 1489
139.582, 1735
139.694, 1934
139.8, 2066
139.907, 2108
140.014, 2118
140.126, 2103
140.235, 2112
140.344, 2115
140.453, 2121
140.56, 2136
140.663, 2142
140.773, 2156
140.882, 2215
140.984, 2313
141.09, 2366
141.202, 2397
141.311, 2415
141.418, 2441
141.524, 2466
141.634, 2489
141.743, 2506
141.852, 2533
141.959, 2562
142.062, 2630
142.172, 2776
142.278, 2942
142.388, 3005
142.497, 3023
142.601, 3023
142.71, 3029
142.82, 3031
142.926, 3017
143.035, 3024
143.143, 3024
143.249, 3039
143.355, 3029
143.463, 3041
143.569, 3049
143.676, 3036
143.788, 3053
143.894, 3041
144, 3040
144.107, 3040
144.219, 3055
144.328, 3058
144.435, 3060
144.544, 3066
144.651, 3068
144.761, 3066
144.87, 3076
144.979, 3085
145.086, 3090
145.197, 3089
145.309, 3102
145.415, 3113
145.522, 3113
145.628, 3119
145.738, 3104
145.847, 3088
145.957, 3047
146.063, 3035
146.17, 2991
146.279, 2971
146.391, 2943
146.495, 2919
146.601, 2883
146.708, 2860
146.818, 2843
146.924, 2811
147.031, 2786
147.14, 2744
147.246, 2711
147.353, 2667
147.462, 2644
147.572, 2621
147.678, 2599
147.785, 2592
147.892, 2588
147.998, 2552
148.108, 2552
148.217, 2559
148.324, 2561
148.428, 2554
148.537, 2532
148.647, 2523
148.755, 2513
148.867, 2506
148.974, 2485
149.084, 2457
149.19, 2433
149.3, 2330
149.409, 2169
149.516, 2070
149.625, 2015
149.737, 2025
149.846, 2029
149.955, 1972
150.062, 1775
150.171, 1394
150.278, 1045
150.388, 846
150.498, 705
150.604, 655
150.716, 643
150.825, 703
150.935, 840
151.041, 991
151.148, 1064
151.257, 1204
151.366, 1309
151.473, 1356
151.579, 1363
151.686, 1323
151.795, 1247
151.899, 1187
152.003, 1249
152.107, 1325
152.217, 1467
152.309, 1550
152.415, 1580
152.506, 1629
152.612, 1705
152.719, 1637
152.826, 968
152.937, 511
153.046, 228
153.156, 115
153.262, 75
153.369, 62
153.479, 57
153.588, 56
153.698, 55
153.807, 55
153.916, 55
154.026, 54
154.132, 55
154.241, 55
154.348, 54
154.454, 55
154.545, 54
154.654, 55
154.76, 55
154.864, 55
154.976, 55
155.083, 54
155.189, 55
155.296, 55
155.402, 55
155.506, 54
155.615, 54
155.722, 54
155.829, 55
155.938, 54
156.044, 55
156.135, 55
156.245, 55
156.351, 54
156.455, 55
156.567, 54
156.676, 55
156.785, 55
156.895, 55
157.002, 55
157.108, 54
157.215, 55
157.321, 55
157.43, 54
157.537, 54
157.649, 55
157.758, 55
157.868, 68
157.974, 127
158.084, 127
158.19, 190
158.3, 273
158.409, 344
158.518, 412
158.628, 516
158.734, 748
158.841, 1190
158.952, 1668
159.062, 1984
159.168, 2294
159.278, 2455
159.384, 2520
159.494, 2561
159.603, 2581
159.712, 2612
159.819, 2631
159.91, 2651
160.017, 2661
160.126, 2687
160.217, 2710
160.326, 2714
160.433, 2753
160.544, 2773
160.656, 2781
160.768, 2809
160.878, 2825
160.984, 2845
161.093, 2860
161.201, 2875
161.307, 2906
161.416, 2901
161.52, 2910
161.626, 2933
161.737, 2950
161.843, 2959
161.949, 2977
162.059, 2988
162.162, 2985
162.272, 2991
162.381, 2980
162.488, 3000
162.597, 2970
162.707, 2983
162.814, 2991
162.922, 2995
163.029, 3015
163.133, 3007
163.242, 3010
163.344, 3008
163.45, 3024
163.562, 3019
163.674, 3011
163.786, 3023
163.892, 3030
164.002, 3027
164.108, 3023
164.217, 3032
164.324, 3049
164.433, 3052
164.54, 3044
164.646, 3040
164.753, 3051
164.859, 3054
164.969, 3061
165.075, 3071
165.185, 3075
165.294, 3075
165.401, 3076
165.504, 3077
165.616, 3062
165.723, 3031
165.814, 2258
165.921, 1125
166.028, 525
166.134, 227
166.246, 111
166.355, 73
166.461, 61
166.569, 56
166.677, 55
166.787, 54
166.896, 54
167.005, 54
167.112, 54
167.219, 55
167.328, 55
167.438, 55
167.547, 55
167.657, 54
167.765, 55
167.876, 54
167.982, 55
168.092, 55
168.198, 55
168.308, 55
168.414, 55
168.518, 54
168.624, 55
168.735, 54
168.845, 54
168.956, 55
169.065, 54
169.172, 55
169.283, 55
169.39, 55
169.499, 54
169.606, 55
169.715, 55
169.821, 54
169.928, 55
170.037, 54
170.144, 55
170.25, 54
170.36, 55
170.469, 72
170.575, 106
170.679, 143
170.791, 176
170.898, 221
171.004, 270
171.114, 319
171.22, 374
171.332, 490
171.439, 622
171.548, 757
171.657, 897
171.764, 996
171.873, 1034
171.98, 1044
172.087, 1054
172.197, 1046
172.305, 1044
172.411, 1041
172.517, 1043
172.624, 1049
172.73, 1054
172.837, 1052
172.949, 1061
173.061, 1059
173.17, 1065
173.282, 1080
173.388, 1096
173.498, 1103
173.604, 1114
173.711, 1111
173.821, 1127
173.93, 1140
174.037, 1134
174.149, 1141
174.253, 1155
174.362, 1172
174.471, 1178
174.581, 1186
174.687, 1201
174.794, 1221
174.904, 1211
175.013, 1219
175.117, 1235
175.224, 1251
175.335, 1255
175.445, 1262
175.551, 1269
175.657, 1296
175.767, 1310
175.877, 1319
175.983, 1328
176.089, 1347
176.18, 1368
176.289, 1377
176.395, 1389
176.504, 1397
176.611, 1408
176.717, 1409
176.821, 1416
176.931, 1424
177.037, 1442
177.144, 1469
177.248, 1478
177.357, 1504
177.466, 1529
177.573, 1547
177.684, 1575
177.794, 1602
177.903, 1620
178.012, 1628
178.12, 1634
178.226, 1649
178.335, 1662
178.439, 1689
178.545, 1702
178.655, 1720
178.761, 1730
178.871, 1727
178.977, 1740
179.084, 1756
179.19, 1762
179.297, 1785
179.406, 1791
179.515, 1799
179.619, 1824
179.728, 1853
179.835, 1869
179.944, 1873
180.056, 1898
180.165, 1916
180.272, 1947
180.382, 1948
180.491, 1959
180.603, 1981
180.713, 1994
180.822, 2015
180.929, 2020
181.038, 2030
181.142, 2050
181.253, 2056
181.363, 2049
181.469, 2051
181.56, 2051
181.668, 2069
181.775, 2076
181.882, 2081
181.988, 2091
182.097, 2098
182.204, 2090
182.311, 2089
182.415, 2087
182.524, 2090
182.628, 2106
182.732, 2106
182.841, 2113
182.951, 2117
183.057, 2142
183.164, 2161
183.27, 2169
183.38, 2174
183.486, 2197
183.593, 2195
183.699, 2190
183.809, 2189
183.915, 2209
184.021, 2231
184.128, 2252
184.235, 2252
184.347, 2268
184.456, 2301
184.562, 2269
184.666, 2197
184.757, 2239
184.863, 2366
184.97, 2478
185.076, 2384
185.183, 2352
185.289, 2320
185.399, 2326
185.508, 2308
185.617, 2289
185.721, 2272
185.83, 2267
185.937, 2252
186.044, 2233
186.156, 2234
186.262, 2231
186.353, 2234
186.459, 2241
186.568, 2239
186.678, 2231
186.787, 2230
186.896, 2221
187.006, 2218
187.112, 2239
187.218, 2243
187.325, 2233
187.432, 2220
187.544, 2207
187.651, 2209
187.763, 2198
187.869, 2182
187.976, 2189
188.067, 2204
188.176, 2197
188.282, 2196
188.389, 2202
188.496, 2201
188.606, 2206
188.715, 2213
188.825, 2209
188.933, 2188
189.024, 2190
189.13, 2175
189.24, 2184
189.346, 2183
189.452, 2164
189.562, 2161
189.669, 2166
189.78, 2165
189.89, 2153
189.996, 2144
190.106, 2148
190.212, 2139
190.322, 2133
190.432, 2148
190.541, 2159
190.65, 2153
190.757, 2158
190.863, 2141
190.954, 2158
191.06, 2157
191.167, 2146
191.274, 2139
191.38, 2122
191.492, 2126
191.599, 2103
191.708, 2095
191.82, 2092
191.929, 2096
192.036, 2094
192.143, 2069
192.252, 2075
192.359, 2085
192.468, 2090
192.578, 2089
192.687, 2073
192.796, 2057
192.905, 2050
193.012, 2038
193.121, 2021
193.233, 2010
193.339, 2012
193.449, 2008
193.558, 2014
193.667, 2025
193.777, 2047
193.883, 2057
193.974, 2059
194.08, 2055
194.187, 2062
194.293, 2063
194.398, 2090
194.507, 2090
194.611, 2077
194.722, 2071
194.831, 2045
194.938, 2038
195.043, 2049
195.149, 2063
195.258, 2079
195.365, 2078
195.477, 2071
195.588, 2088
195.7, 2108
195.81, 2110
195.916, 2109
196.026, 2113
196.135, 2109
196.244, 2111
196.351, 2111
196.461, 2111
196.567, 2116
196.671, 2120
196.783, 2111
196.892, 2110
197.001, 2112
197.111, 2110
197.217, 2109
197.323, 2101
197.433, 1846
197.543, 977
197.649, 511
197.752, 236
197.843, 129
197.952, 79
198.056, 63
198.162, 58
198.269, 56
198.378, 55
198.487, 55
198.591, 55
198.693, 55
198.799, 55
198.905, 55
199.012, 55
199.122, 55
199.231, 55
199.339, 55
199.445, 55
199.551, 55
199.655, 55
199.767, 55
199.874, 55
199.98, 55
200.086, 55
200.194, 55
200.303, 55
200.412, 55
200.522, 55
200.631, 54
200.74, 55
200.846, 54
200.953, 55
201.062, 54
201.171, 54
201.278, 55
201.385, 54
201.491, 55
201.598, 55
201.704, 54
201.811, 55
201.92, 54
202.029, 55
202.136, 54
202.248, 55
202.36, 55
202.472, 55
202.581, 55
202.687, 54
202.778, 55
202.888, 54
202.995, 55
203.104, 54
203.214, 54
203.317, 54
203.426, 55
203.538, 65
203.645, 196
203.749, 324
203.859, 472
203.965, 676
204.077, 980
204.181, 1242
204.288, 1433
204.397, 1524
204.504, 1573
204.615, 1633
204.724, 1679
204.834, 1794
204.94, 1841
205.047, 1864
205.154, 1895
205.26, 1907
205.371, 1921
205.48, 1938
205.589, 1948
205.698, 1978
205.804, 2010
205.911, 2029
206.018, 2060
206.122, 2088
206.225, 2106
206.33, 2143
206.436, 2165
206.545, 2195
206.652, 2211
206.761, 2251
206.868, 2276
206.975, 2299
207.087, 2319
207.195, 2340
207.305, 2353
207.412, 2384
207.518, 2395
207.625, 2423
207.728, 2430
207.835, 2432
207.942, 2446
208.049, 2472
208.161, 2496
208.27, 2530
208.377, 2518
208.484, 2509
208.592, 2516
208.701, 2502
208.806, 2515
208.912, 2513
209.019, 2510
209.134, 2532
209.238, 2531
209.347, 2534
209.459, 2542
209.565, 2554
209.672, 2557
209.781, 2568
209.89, 2574
209.997, 2581
210.102, 2576
210.208, 2569
210.317, 2561
210.427, 2551
210.536, 2536
210.645, 2535
210.754, 2541
210.861, 2543
210.973, 2528
211.085, 2515
211.197, 2506
211.307, 2486
211.414, 2487
211.52, 2463
211.626, 2448
211.735, 2461
211.839, 2442
211.943, 2429
212.05, 2433
212.157, 2431
212.263, 2432
212.375, 2418
212.484, 2400
212.591, 2388
212.7, 2340
212.806, 2277
212.913, 2308
213.019, 2392
213.123, 2447
213.23, 2468
213.34, 2478
213.451, 2385
213.561, 2270
213.664, 2258
213.771, 2335
213.88, 2440
213.984, 2499
214.09, 2320
214.197, 2071
214.303, 1839
214.41, 1677
214.517, 1683
214.621, 1802
214.727, 1745
214.818, 1744
214.929, 1736
215.02, 1758
215.129, 1753
215.235, 1744
215.345, 1741
215.452, 1736
215.558, 1736
215.667, 1734
215.772, 1738
215.878, 1723
215.982, 1704
216.088, 1693
216.198, 1539
216.307, 830
216.413, 425
216.517, 204
216.624, 108
216.73, 72
216.842, 60
216.949, 57
217.058, 55
217.165, 55
217.268, 55
217.378, 54
217.48, 55
217.585, 55
217.689, 55
217.796, 54
217.905, 55
218.012, 55
218.118, 55
218.228, 55
218.334, 55
218.425, 55
218.531, 55
218.641, 55
218.747, 55
218.853, 55
218.96, 54
219.066, 55
219.176, 54
219.29, 55
219.4, 55
219.507, 55
219.617, 54
219.721, 55
219.828, 54
219.939, 55
220.049, 55
220.155, 54
220.246, 55
220.355, 55
220.461, 54
220.568, 54
220.675, 54
220.784, 55
220.888, 55
220.994, 55
221.101, 55
221.207, 55
221.317, 55
221.421, 54
221.532, 55
221.642, 55
221.749, 130
221.858, 269
221.964, 457
222.076, 710
222.188, 892
222.3, 932
222.41, 983
222.516, 979
222.622, 980
222.732, 1049
222.841, 1093
222.948, 1115
223.059, 1163
223.169, 1210
223.276, 1201
223.382, 1177
223.491, 1189
223.601, 1204
223.71, 1222
223.822, 1240
223.934, 1250
224.043, 1260
224.15, 1280
224.256, 1290
224.366, 1303
224.472, 1308
224.576, 1322
224.683, 1339
224.791, 1365
224.896, 1381
225.003, 1400
225.11, 1236
225.216, 672
225.32, 339
225.43, 162
225.536, 92
225.642, 67
225.752, 59
225.864, 56
225.97, 55
226.077, 54
226.187, 54
226.296, 54
226.403, 54
226.515, 55
226.624, 54
226.715, 54
226.821, 54
226.928, 54
227.034, 55
227.141, 54
227.25, 55
227.341, 55
227.45, 59
227.556, 208
227.668, 353
227.778, 497
227.887, 780
227.99, 1078
228.097, 1269
228.21, 1346
228.319, 1399
228.425, 1432
228.532, 1454
228.638, 1485
228.748, 1499
228.852, 1544
228.958, 1543
229.065, 1561
229.172, 1640
229.278, 1703
229.39, 1670
229.496, 1692
229.606, 1727
229.71, 1751
229.819, 1771
229.926, 1794
230.032, 1818
230.141, 1836
230.248, 1853
230.357, 1881
230.466, 1895
230.573, 1920
230.68, 1935
230.786, 1953
230.896, 1968
231.002, 1984
231.111, 1991
231.221, 2012
231.332, 2028
231.423, 2036
231.532, 2063
231.639, 2064
231.745, 2088
231.852, 2095
231.958, 2115
232.065, 2135
232.177, 2151
232.283, 2170
232.39, 2188
232.499, 2188
232.606, 2200
232.71, 2213
232.822, 2213
232.931, 2234
233.037, 2249
233.147, 2257
233.254, 2273
233.365, 2254
233.473, 2279
233.582, 2291
233.691, 2293
233.801, 2291
233.91, 2293
234.017, 2300
234.129, 2308
234.238, 2315
234.345, 2324
234.448, 2324
234.555, 2336
234.661, 2318
234.771, 2319
234.881, 2307
234.99, 2315
235.099, 2318
235.206, 2305
235.315, 2306
235.421, 2299
235.512, 2312
235.624, 2300
235.733, 2281
235.84, 2281
235.946, 2275
236.05, 2262
236.16, 2268
236.266, 2264
236.376, 2259
236.486, 2221
236.593, 2202
236.707, 2171
236.817, 2137
236.923, 2119
237.03, 2084
237.142, 2074
237.251, 2058
237.36, 2024
237.467, 1994
237.576, 1971
237.68, 1944
237.786, 1920
237.893, 1891
238, 1865
238.107, 1845
238.213, 1830
238.32, 1808
238.429, 1801
238.541, 1792
238.65, 1769
238.759, 1761
238.866, 1753
238.976, 1747
239.082, 1737
239.189, 1719
239.298, 1709
239.404, 1697
239.514, 1682
239.62, 1681
239.727, 1656
239.836, 1645
239.946, 1630
240.055, 1608
240.164, 1600
240.271, 1596
240.38, 1593
240.487, 1581
240.596, 1582
240.702, 1577
240.81, 1571
240.918, 1560
241.027, 1557
241.137, 1557
241.247, 1556
241.356, 1557
241.465, 1557
241.572, 1533
241.682, 1535
241.788, 1535
241.898, 1534
242.001, 1537
242.108, 1529
242.217, 1529
242.324, 1526
242.433, 1527
242.539, 1527
242.651, 1533
242.763, 1533
242.873, 1538
242.984, 1536
243.094, 1533
243.203, 1539
243.312, 1543
243.422, 1550
243.531, 1559
243.64, 1563
243.749, 1575
243.856, 1584
243.965, 1587
244.074, 1577
244.184, 1576
244.291, 1580
244.4, 1597
244.506, 1608
244.597, 1610
244.703, 1617
244.812, 1621
244.921, 1623
245.033, 1623
245.14, 1624
245.241, 1630
245.353, 1641
245.46, 1638
245.566, 1635
245.678, 1631
245.788, 1634
245.895, 1640
246.004, 1647
246.11, 1649
246.22, 1649
246.332, 1642
246.444, 1645
246.553, 1650
246.659, 1651
246.766, 1657
246.873, 1648
246.982, 1644
247.089, 1638
247.195, 1655
247.304, 1658
247.408, 1676
247.52, 1686
247.632, 1701
247.742, 1702
247.853, 1711
247.96, 1722
248.069, 1715
248.176, 1720
248.282, 1719
248.391, 1722
248.498, 1735
248.602, 1743
248.709, 1749
248.816, 1757
248.925, 1771
249.031, 1793
249.138, 1815
249.244, 1831
249.354, 1861
249.46, 1827
249.569, 1910
249.676, 1974
249.78, 1551
249.884, 817
249.996, 393
250.102, 184
250.207, 101
250.31, 71
250.42, 60
250.529, 57
250.638, 56
250.742, 55
250.851, 55
250.96, 55
251.064, 55
251.155, 55
251.264, 55
251.37, 54
251.48, 55
251.589, 55
251.696, 55
251.805, 55
251.911, 55
252.013, 54
252.119, 54
252.231, 55
252.337, 55
252.442, 54
252.553, 55
252.663, 54
252.769, 55
252.876, 55
252.985, 54
253.095, 54
253.201, 55
253.305, 55
253.411, 55
253.52, 54
253.627, 55
253.733, 55
253.843, 55
253.949, 54
254.059, 54
254.162, 55
254.269, 55
254.378, 54
254.485, 54
254.594, 54
254.698, 54
254.805, 54
254.911, 57
255.023, 178
255.132, 302
255.241, 447
255.348, 649
255.455, 820
255.562, 1011
255.673, 1258
255.778, 1377
255.884, 1418
255.994, 1417
256.103, 1406
256.212, 1398
256.324, 1430
256.434, 1473
256.543, 1510
256.649, 1567
256.759, 1639
256.865, 1721
256.975, 1761
257.081, 1803
257.193, 1838
257.302, 1882
257.412, 1941
257.521, 1989
257.625, 2029
257.732, 2062
257.836, 2076
257.947, 2107
258.054, 2139
258.161, 2156
258.273, 2179
258.382, 2201
258.494, 2218
258.6, 2242
258.71, 2257
258.811, 2262
258.917, 2283
259.027, 2295
259.134, 2310
259.243, 2325
259.35, 2372
259.461, 2417
259.57, 2436
259.68, 2457
259.789, 2458
259.901, 2467
260.013, 2478
260.125, 2494
260.234, 2494
260.346, 2498
260.455, 2511
260.565, 2525
260.674, 2533
260.781, 2534
260.89, 2530
260.996, 2510
261.103, 2505
261.212, 2484
261.316, 2482
261.42, 2479
261.524, 2492
261.631, 2515
261.737, 2516
261.846, 2537
261.95, 2540
262.062, 2548
262.169, 2542
262.275, 2552
262.382, 2561
262.491, 2553
262.6, 2546
262.691, 2523
262.8, 2534
262.907, 2511
263.014, 2495
263.12, 2474
263.227, 2448
263.336, 2429
263.446, 2425
263.549, 2420
263.656, 2413
263.765, 2407
263.877, 2406
263.987, 2390
264.096, 2377
264.207, 2366
264.314, 2366
264.42, 2382
264.527, 2362
264.637, 2342
264.743, 2314
264.85, 2330
264.959, 2245
265.068, 2308
265.178, 2356
265.284, 2405
265.394, 2439
265.505, 2459
265.615, 2515
265.724, 2445
265.834, 2372
265.943, 2276
266.053, 2236
266.161, 2217
266.271, 2188
266.377, 2158
266.487, 2146
266.596, 2112
266.702, 2093
266.809, 2073
266.915, 2059
267.025, 2020
267.131, 1858
267.238, 1651
267.345, 1466
267.449, 1313
267.558, 1247
267.664, 1234
267.771, 1215
267.88, 1223
267.984, 1296
268.096, 1398
268.202, 1492
268.306, 1584
268.416, 1620
268.527, 1619
268.634, 1542
268.741, 1455
268.847, 1367
268.957, 1271
269.063, 1228
269.17, 1209
269.279, 1218
269.383, 1218
269.489, 1212
269.597, 1227
269.706, 1271
269.815, 1310
269.924, 1219
270.036, 691
270.143, 365
270.249, 177
270.359, 98
270.465, 69
270.575, 60
270.681, 57
270.791, 55
270.894, 55
271.004, 55
271.11, 55
271.212, 55
271.318, 55
271.425, 54
271.531, 55
271.638, 55
271.744, 55
271.853, 55
271.96, 55
272.07, 54
272.179, 54
272.289, 55
272.395, 54
272.504, 55
272.608, 55
272.717, 55
272.824, 55
272.932, 55
273.043, 55
273.153, 55
273.262, 55
273.374, 54
273.486, 55
273.595, 55
273.701, 54
273.805, 54
273.918, 55
274.027, 54
274.136, 54
274.246, 55
274.353, 54
274.462, 55
274.566, 55
274.672, 54
274.782, 54
274.891, 98
274.998, 222
275.102, 283
275.214, 344
275.32, 426
275.425, 591
275.528, 834
275.64, 1008
275.749, 1066
275.858, 1104
275.968, 1100
276.075, 1153
276.184, 1230
276.291, 1284
276.4, 1338
276.506, 1405
276.61, 1424
276.701, 1382
276.81, 1394
276.919, 1404
277.026, 1406
277.132, 1403
277.239, 1396
277.345, 1391
277.452, 1400
277.555, 1403
277.66, 1408
277.766, 1400
277.873, 1412
277.979, 1426
278.088, 1443
278.195, 1460
278.304, 1473
278.413, 1484
278.517, 1497
278.608, 1499
278.714, 1510
278.826, 1519
278.935, 1529
279.045, 1538
279.154, 1556
279.266, 1574
279.372, 1590
279.482, 1614
279.592, 1620
279.698, 1636
279.804, 1643
279.911, 1657
280.017, 1666
280.127, 1683
280.236, 1692
280.346, 1701
280.455, 1705
280.562, 1718
280.668, 1735
280.775, 1737
280.879, 1744
280.988, 1761
281.095, 1773
281.204, 1786
281.313, 1802
281.417, 1812
281.524, 1825
281.631, 1835
281.74, 1841
281.844, 1859
281.953, 1879
282.062, 1892
282.171, 1917
282.281, 1909
282.39, 1912
282.496, 1915
282.603, 1920
282.712, 1930
282.821, 1933
282.925, 1948
283.032, 1960
283.138, 1964
283.248, 1964
283.357, 1974
283.467, 1968
283.573, 1957
283.682, 1987
283.789, 1991
283.896, 1988
284.007, 1980
284.12, 1987
284.226, 1998
284.333, 2002
284.442, 2017
284.552, 2017
284.658, 1428
284.768, 713
284.874, 333
284.983, 154
285.087, 90
285.196, 66
285.298, 59
285.404, 56
285.508, 55
285.615, 55
285.724, 55
285.833, 55
285.943, 55
286.052, 55
286.161, 55
286.267, 55
286.358, 55
286.467, 55
286.577, 55
286.683, 54
286.787, 54
286.893, 55
287.003, 54
287.109, 54
287.222, 55
287.331, 55
287.438, 54
287.545, 55
287.648, 54
287.755, 55
287.865, 55
287.971, 55
288.078, 55
288.19, 56
288.297, 91
288.409, 126
288.518, 156
288.627, 177
288.737, 196
288.843, 238
288.948, 294
289.054, 370
289.164, 515
289.273, 730
289.38, 989
289.484, 1235
289.595, 1484
289.702, 1583
289.806, 1626
289.91, 1672
290.022, 1692
290.131, 1712
290.24, 1735
290.35, 1750
290.461, 1771
290.564, 1793
290.67, 1818
290.78, 1838
290.886, 1848
290.996, 1868
291.102, 1884
291.211, 1898
291.318, 1918
291.427, 1933
291.534, 1941
291.64, 1953
291.747, 1959
291.854, 1969
291.96, 1975
292.067, 1979
292.176, 1992
292.285, 1992
292.392, 2010
292.501, 2033
292.608, 2041
292.719, 2050
292.829, 2053
292.938, 2063
293.045, 2077
293.151, 2108
293.258, 2121
293.368, 2098
293.474, 2126
293.58, 2145
293.687, 2164
293.793, 2184
293.898, 2194
294.01, 2214
294.119, 2231
294.225, 2237
294.337, 2238
294.443, 2244
294.55, 2237
294.657, 2246
294.748, 2262
294.854, 2274
294.961, 2288
295.068, 2315
295.174, 2346
295.281, 2357
295.387, 2392
295.494, 2404
295.6, 2401
295.71, 2394
295.82, 2375
295.929, 2374
296.035, 2366
296.14, 2371
296.249, 2355
296.355, 2351
296.465, 2330
296.575, 2285
296.684, 2290
296.793, 2298
296.903, 2302
297.012, 2292
297.119, 2257
297.231, 2307
297.341, 2230
297.45, 2061
297.559, 1994
297.669, 1906
297.778, 1943
297.885, 1985
297.994, 1937
298.104, 2038
298.215, 2031
298.323, 2075
298.431, 2128
298.538, 2140
298.645, 2147
298.751, 2140
298.858, 2153
298.967, 2142
299.074, 2148
299.186, 2135
299.293, 2100
299.399, 2074
299.506, 2080
299.612, 2165
299.719, 2042
299.825, 1972
299.932, 2031
300.042, 2139
300.151, 2217
300.26, 2157
300.37, 2127
300.479, 2109
300.585, 2100
300.692, 2092
300.799, 2087
300.9, 2089
301.007, 2091
301.113, 2062
301.22, 2040
301.326, 2015
301.433, 1995
301.539, 1983
301.649, 1965
301.755, 1958
301.846, 1950
301.957, 1948
302.064, 1970
302.173, 1965
302.282, 1951
302.392, 1935
302.501, 1907
302.61, 1902
302.717, 1907
302.826, 1902
302.933, 1884
303.037, 1878
303.14, 1896
303.25, 1888
303.359, 1864
303.469, 1850
303.578, 1819
303.682, 1798
303.789, 1789
303.901, 1782
304.01, 1775
304.114, 1779
304.224, 1797
304.333, 1787
304.44, 1782
304.546, 1787
304.656, 1793
304.763, 1787
304.874, 1792
304.981, 1791
305.088, 1797
305.197, 1792
305.306, 1792
305.412, 1808
305.519, 1831
305.623, 1840
305.73, 1839
305.842, 1852
305.948, 1849
306.052, 1827
306.159, 1817
306.269, 1792
306.379, 1773
306.483, 1773
306.589, 1786
306.698, 1796
306.802, 1786
306.906, 1781
306.997, 1775
307.106, 1773
307.212, 1766
307.321, 1768
307.431, 1768
307.543, 1784
307.649, 1782
307.756, 1781
307.863, 1785
307.969, 1782
308.076, 1782
308.182, 1797
308.291, 1796
308.398, 1807
308.51, 1823
308.619, 1819
308.728, 1830
308.838, 1842
308.947, 1872
309.054, 1891
309.16, 1891
309.269, 1867
309.373, 1865
309.48, 1859
309.584, 1860
309.69, 1869
309.797, 1860
309.904, 1863
310.01, 1858
310.114, 1879
310.22, 1887
310.327, 1881
310.437, 1891
310.543, 1888
310.652, 1883
310.762, 1903
310.868, 1920
310.978, 1930
311.082, 1916
311.188, 1922
311.297, 1924
311.406, 1929
311.516, 1940
311.625, 1954
311.732, 1987
311.844, 1989
311.95, 2004
312.054, 2018
312.161, 2028
312.271, 2037
312.377, 2032
312.489, 2020
312.596, 2041
312.687, 2046
312.795, 2029
312.899, 2015
313.008, 2005
313.118, 2007
313.224, 2008
313.328, 2019
313.434, 2023
313.541, 2039
313.651, 2048
313.76, 2049
313.866, 2048
313.976, 2069
314.082, 2091
314.186, 2100
314.298, 2108
314.407, 2129
314.517, 2145
314.623, 1675
314.729, 860
314.839, 412
314.948, 184
315.055, 99
315.167, 69
315.274, 60
315.386, 56
315.495, 55
315.599, 55
315.708, 55
315.815, 54
315.924, 55
316.028, 54
316.135, 54
316.245, 55
316.354, 55
316.464, 55
316.573, 55
316.68, 55
316.783, 55
316.89, 54
316.997, 55
317.109, 54
317.218, 55
317.327, 55
317.439, 55
317.551, 55
317.661, 55
317.767, 55
317.873, 55
317.983, 55
318.09, 55
318.202, 54
318.311, 55
318.417, 54
318.522, 54
318.628, 55
318.734, 55
318.841, 55
318.947, 54
319.057, 55
319.169, 54
319.278, 54
319.384, 55
319.491, 54
319.595, 55
319.702, 55
319.811, 54
319.917, 54
320.027, 55
320.136, 54
320.243, 66
320.349, 224
320.453, 368
320.56, 469
320.671, 538
320.781, 632
320.89, 846
320.997, 1079
321.106, 1225
321.216, 1412
321.322, 1552
321.432, 1695
321.538, 1753
321.647, 1812
321.754, 1833
321.861, 1838
321.972, 1865
322.079, 1873
322.186, 1895
322.295, 1920
322.404, 1935
322.513, 1960
322.623, 1982
322.73, 2005
322.839, 2037
322.943, 2072
323.049, 2084
323.159, 2111
323.268, 2110
323.374, 2126
323.478, 2147
323.584, 2161
323.691, 2189
323.801, 2216
323.91, 2243
324.019, 2262
324.126, 2259
324.235, 2274
324.341, 2276
324.448, 2302
324.56, 2307
324.669, 2309
324.776, 2337
324.882, 2352
324.992, 2343
325.098, 2347
325.208, 2359
325.317, 2367
325.429, 2383
325.535, 2414
325.645, 2419
325.754, 2440
325.863, 2478
325.973, 2469
326.082, 2484
326.191, 2466
326.301, 2463
326.407, 2472
326.513, 2460
326.62, 2475
326.724, 2490
326.828, 2499
326.94, 2484
327.052, 2479
327.162, 2460
327.273, 2443
327.382, 2436
327.492, 2428
327.604, 2422
327.713, 2417
327.82, 2390
327.931, 2375
328.022, 2360
328.134, 2346
328.241, 2335
328.35, 2327
328.46, 2329
328.568, 2328
328.678, 2321
328.787, 2310
328.896, 2290
329.005, 2311
329.112, 2309
329.224, 2325
329.333, 2320
329.443, 2286
329.552, 2259
329.656, 2229
329.765, 2220
329.875, 2202
329.986, 2175
330.093, 2148
330.202, 2120
330.312, 2107
330.418, 2086
330.525, 2069
330.632, 2052
330.742, 2032
330.851, 2033
330.957, 1991
331.064, 1994
331.171, 1964
331.277, 1944
331.387, 1981
331.493, 1878
331.603, 1888
331.709, 1823
331.819, 1832
331.926, 1751
332.038, 1721
332.145, 1705
332.251, 1662
332.36, 1653
332.467, 1666
332.576, 1683
332.688, 1686
332.794, 1664
332.904, 1652
333.013, 1631
333.12, 1626
333.226, 1611
333.336, 1575
333.445, 987
333.551, 526
333.658, 250
333.764, 126
333.871, 80
333.981, 63
334.09, 57
334.201, 56
334.292, 55
334.401, 55
334.508, 55
334.601, 55
334.71, 55
334.811, 55
334.917, 55
335.024, 55
335.131, 55
335.24, 55
335.35, 55
335.458, 55
335.549, 54
335.659, 55
335.768, 54
335.875, 55
335.981, 54
336.091, 55
336.197, 54
336.304, 55
336.413, 55
336.52, 54
336.627, 55
336.736, 55
336.845, 55
336.952, 55
337.058, 55
337.165, 55
337.271, 55
337.381, 55
337.487, 55
337.592, 54
337.703, 55
337.811, 55
337.917, 73
338.024, 92
338.134, 121
338.243, 165
338.355, 188
338.464, 207
338.573, 240
338.682, 295
338.792, 427
338.901, 634
339.01, 736
339.12, 816
339.232, 912
339.344, 1007
339.453, 1093
339.56, 1163
339.669, 1228
339.778, 1237
339.882, 1183
339.988, 1197
340.098, 1177
340.204, 1173
340.308, 1174
340.42, 1179
340.527, 1188
340.633, 1191
340.745, 1207
340.857, 1220
340.964, 1230
341.07, 1234
341.177, 1231
341.286, 1238
341.393, 1248
341.502, 1247
341.608, 1258
341.715, 1278
341.824, 1286
341.934, 1300
342.043, 1314
342.152, 915
342.262, 465
342.368, 226
342.473, 119
342.579, 77
342.686, 62
342.795, 57
342.899, 55
343.011, 55
343.121, 55
343.23, 54
343.337, 55
343.446, 55
343.553, 54
343.662, 54
343.771, 54
343.877, 55
343.982, 55
344.088, 54
344.197, 55
344.303, 109
344.41, 289
344.519, 477
344.629, 659
344.738, 848
344.844, 1074
344.951, 1211
345.06, 1274
345.167, 1311
345.276, 1333
345.383, 1345
345.492, 1365
345.602, 1400
345.708, 1397
345.815, 1465
345.926, 1530
346.017, 1575
346.123, 1639
346.23, 1627
346.339, 1642
346.446, 1641
346.552, 1640
346.662, 1651
346.768, 1647
346.877, 1653
346.984, 1657
347.091, 1664
347.192, 1679
347.304, 1684
347.41, 1696
347.521, 1713
347.627, 1732
347.733, 1748
347.84, 1764
347.946, 1786
348.056, 1796
348.165, 1814
348.275, 1827
348.381, 1838
348.485, 1844
348.592, 1856
348.696, 1875
348.805, 1890
348.911, 1904
349.02, 1913
349.13, 1930
349.239, 1945
349.351, 1954
349.46, 1967
349.567, 1984
349.676, 2006
349.78, 2020
349.887, 2039
349.997, 2054
350.104, 2065
350.21, 2088
350.317, 2087
350.424, 2093
350.53, 2098
350.639, 2094
350.748, 2080
350.853, 2101
350.959, 2111
351.066, 2111
351.172, 2105
351.28, 2108
351.391, 2112
351.501, 2115
351.61, 2108
351.72, 2128
351.826, 2140
351.938, 2153
352.047, 2141
352.157, 2150
352.263, 2137
352.375, 2147
352.479, 2138
352.589, 2124
352.698, 2127
352.804, 2123
352.911, 2109
353.017, 2103
353.127, 2072
353.233, 2068
353.34, 2057
353.449, 2058
353.556, 2040
353.666, 2024
353.775, 2005
353.885, 1993
353.994, 1980
354.101, 1960
354.208, 1945
354.317, 1943
354.423, 1908
354.527, 1880
354.618, 1878
354.724, 1864
354.831, 1845
354.937, 1843
355.044, 1847
355.15, 1822
355.257, 1809
355.366, 1792
355.475, 1783
355.582, 1758
355.694, 1748
355.803, 1728
355.912, 1702
356.019, 1692
356.125, 1669
356.229, 1654
356.34, 1649
356.449, 1644
356.558, 1644
356.667, 1639
356.777, 1642
356.886, 1626
356.995, 1628
357.105, 1611
357.211, 1611
357.32, 1588
357.411, 1595
357.517, 1584
357.623, 1573
357.733, 1570
357.837, 1571
357.946, 1552
358.055, 1555
358.165, 1558
358.276, 1556
358.367, 1550
358.476, 1548
358.583, 1548
358.692, 1545
358.798, 1541
358.905, 1542
359.017, 1540
359.126, 1542
359.238, 1537
359.344, 1523
359.451, 1514
359.563, 1509
359.67, 1506
359.779, 1512
359.883, 1515
359.989, 1516
360.093, 1521
360.205, 1517
360.314, 1524
360.421, 1521
360.527, 1529
360.634, 1550
360.744, 1551
360.853, 1545
360.959, 1558
361.066, 1564
361.175, 1570
361.282, 1574
361.388, 1566
361.498, 1561
361.607, 1576
361.713, 1582
361.82, 1588
361.926, 1584
362.034, 1589
362.14, 1581
362.249, 1583
362.356, 1584
362.462, 1567
362.569, 1573
362.678, 1580
362.787, 1567
362.897, 1563
363.006, 1576
363.116, 1578
363.226, 1584
363.329, 1607
363.439, 1618
363.545, 1626
363.649, 1632
363.755, 1632
363.866, 1646
363.977, 1637
364.087, 1665
364.197, 1668
364.305, 1674
364.416, 1669
364.523, 1668
364.632, 1666
364.739, 1664
364.848, 1673
364.955, 1669
365.064, 1670
365.17, 1669
365.28, 1656
365.389, 1659
365.493, 1651
365.599, 1647
365.706, 1650
365.812, 1659
365.903, 1666
366.012, 1676
366.121, 1710
366.23, 1727
366.337, 1732
366.449, 1741
366.556, 1765
366.665, 1769
366.774, 1775
366.883, 1789
366.99, 1794
367.094, 1792
367.203, 1793
367.31, 1792
367.422, 1539
367.528, 821
367.635, 411
367.744, 190
367.854, 100
367.963, 70
368.072, 60
368.184, 56
368.291, 55
368.4, 55
368.507, 54
368.613, 55
368.72, 54
368.824, 55
368.927, 55
369.031, 54
369.138, 55
369.245, 55
369.354, 55
369.464, 55
369.573, 55
369.679, 55
369.786, 54
369.893, 54
369.999, 55
370.106, 54
370.21, 55
370.319, 55
370.428, 54
370.535, 55
370.641, 54
370.745, 55
370.852, 54
370.958, 55
371.065, 55
371.177, 54
371.286, 55
371.396, 54
371.505, 54
371.614, 54
371.721, 55
371.833, 55
371.939, 54
372.046, 54
372.155, 55
372.265, 163
372.374, 302
372.484, 388
372.59, 436
372.694, 498
372.798, 619
372.905, 783
373.014, 924
373.12, 1045
373.229, 1111
373.336, 1141
373.445, 1158
373.554, 1185
373.661, 1253
373.768, 1407
373.877, 1540
373.986, 1599
374.098, 1642
374.207, 1670
374.314, 1693
374.42, 1714
374.511, 1738
374.618, 1760
374.722, 1785
374.828, 1810
374.935, 1830
375.046, 1861
375.156, 1875
375.265, 1901
375.369, 1917
375.478, 1936
375.585, 1954
375.688, 1996
375.795, 2018
375.902, 2044
376.009, 2054
376.118, 2073
376.227, 2097
376.338, 2113
376.448, 2134
376.555, 2149
376.646, 2168
376.754, 2188
376.861, 2222
376.973, 2243
377.082, 2257
377.192, 2274
377.302, 2282
377.41, 2307
377.52, 2308
377.629, 2300
377.736, 2314
377.839, 2311
377.946, 2300
378.056, 2297
378.166, 2300
378.275, 2295
378.384, 2294
378.491, 2296
378.598, 2314
378.707, 2328
378.817, 2341
378.928, 2363
379.04, 2373
379.147, 2388
379.256, 2383
379.36, 2387
379.469, 2388
379.562, 2388
379.671, 2380
379.781, 2403
379.882, 2393
379.989, 2386
380.095, 2355
380.202, 2351
380.311, 2344
380.423, 2350
380.532, 2358
380.642, 2375
380.749, 2378
380.853, 2357
380.964, 2319
381.074, 2292
381.183, 2279
381.292, 2281
381.396, 2273
381.5, 2268
381.606, 2256
381.715, 2236
381.825, 2230
381.931, 2237
382.038, 2210
382.142, 2192
382.252, 2181
382.358, 2187
382.468, 2177
382.575, 2168
382.683, 2153
382.79, 2147
382.9, 2147
383.006, 2129
383.112, 2116
383.219, 2089
383.326, 2061
383.432, 2041
383.542, 2034
383.653, 2049
383.763, 2004
383.869, 2034
383.96, 1929
384.069, 1844
384.178, 1912
384.284, 1948
384.394, 1816
384.5, 1746
384.61, 1814
384.719, 1817
384.826, 1814
384.935, 1848
385.041, 1853
385.148, 1866
385.257, 1870
385.364, 1882
385.47, 1883
385.577, 1847
385.687, 1799
385.794, 1680
385.903, 1592
386.012, 1572
386.116, 1602
386.228, 1621
386.337, 1648
386.447, 1678
386.556, 1723
386.666, 1720
386.775, 1705
386.884, 1710
386.994, 1691
387.1, 1704
387.207, 1686
387.314, 1678
387.417, 1685
387.521, 1696
387.625, 1689
387.732, 1558
387.841, 870
387.948, 461
388.057, 213
388.169, 108
388.275, 73
388.382, 61
388.491, 56
388.596, 55
388.705, 55
388.817, 54
388.908, 55
389.017, 55
389.121, 55
389.23, 54
389.339, 54
389.446, 55
389.55, 55
389.656, 55
389.763, 55
389.87, 55
389.981, 55
390.093, 55
390.197, 54
390.307, 55
390.413, 55
390.52, 55
390.629, 55
390.738, 54
390.845, 54
390.951, 54
391.058, 54
391.17, 55
391.276, 54
391.38, 55
391.487, 55
391.596, 55
391.705, 55
391.814, 54
391.924, 54
392.033, 54
392.142, 55
392.252, 54
392.362, 55
392.471, 55
392.575, 55
392.684, 55
392.791, 54
392.897, 55
393.007, 155
393.113, 320
393.223, 589
393.329, 910
393.436, 1043
393.54, 1059
393.644, 1101
393.75, 1125
393.854, 1094
393.961, 1091
394.052, 1117
394.159, 1141
394.268, 1128
394.359, 1159
394.468, 1234
394.572, 1238
394.678, 1276
394.788, 1280
394.9, 1297
395.009, 1322
395.118, 1339
395.23, 1350
395.342, 1356
395.449, 1361
395.561, 1365
395.667, 1371
395.774, 1376
395.883, 1395
395.992, 1415
396.102, 1440
396.205, 1444
396.315, 1456
396.421, 1463
396.528, 1468
396.637, 1493
396.746, 1504
396.85, 1510
396.957, 1530
397.069, 1545
397.178, 1556
397.287, 1571
397.397, 1587
397.508, 1598
397.615, 1610
397.721, 1631
397.828, 1641
397.937, 1660
398.047, 1674
398.153, 1688
398.26, 1698
398.366, 1704
398.457, 1717
398.564, 1730
398.673, 1746
398.784, 1752
398.893, 1764
398.999, 1784
399.108, 1795
399.218, 1808
399.328, 1812
399.434, 1817
399.543, 1832
399.647, 1841
399.759, 1840
399.871, 1842
399.981, 1842
400.092, 1851
400.199, 1865
400.306, 1873
400.412, 1875
400.524, 1884
400.633, 1893
400.74, 1890
400.849, 1897
400.956, 1899
401.062, 1891
401.169, 1887
401.275, 1886
401.382, 1890
401.489, 1906
401.595, 1912
401.705, 1934
401.814, 1943
401.923, 1945
402.033, 1933
402.139, 1939
402.248, 1947
402.352, 1946
402.464, 1941
402.571, 1792
402.677, 1010
402.784, 499
402.893, 225
403.002, 113
403.107, 75
403.213, 62
403.32, 57
403.429, 55
403.533, 55
403.645, 55
403.752, 55
403.861, 55
403.97, 55
404.079, 54
404.184, 55
404.293, 55
404.403, 54
404.509, 55
404.616, 55
404.728, 54
404.835, 55
404.941, 55
405.05, 55
405.157, 54
405.263, 55
405.373, 54
405.476, 55
405.583, 54
405.689, 55
405.796, 55
405.903, 55
406.01, 54
406.113, 54
406.22, 54
406.329, 55
406.436, 111
406.548, 196
406.654, 298
406.761, 396
406.87, 490
406.977, 538
407.081, 561
407.192, 601
407.302, 732
407.412, 921
407.518, 1146
407.627, 1378
407.736, 1503
407.843, 1548
407.95, 1570
408.057, 1586
408.163, 1607
408.27, 1625
408.379, 1635
408.485, 1650
408.597, 1659
408.706, 1681
408.816, 1705
408.925, 1720
409.034, 1737
409.144, 1756
409.253, 1762
409.362, 1786
409.469, 1804
409.575, 1836
409.683, 1850
409.786, 1863
409.89, 1875
409.994, 1890
410.101, 1890
410.21, 1900
410.319, 1907
410.426, 1920
410.532, 1946
410.639, 1951
410.746, 1959
410.856, 1977
410.965, 1989
411.069, 2001
411.179, 2002
411.287, 2015
411.397, 2029
411.503, 2048
411.607, 2039
411.716, 2049
411.823, 2066
411.93, 2077
412.039, 2091
412.148, 2098
412.257, 2110
412.361, 2104
412.47, 2122
412.575, 2127
412.687, 2140
412.796, 2156
412.906, 2179
413.018, 2198
413.125, 2198
413.232, 2215
413.338, 2235
413.448, 2258
413.554, 2263
413.664, 2267
413.773, 2242
413.882, 2225
413.991, 2250
414.098, 2249
414.208, 2254
414.317, 2241
414.421, 2234
414.527, 2237
414.639, 2244
414.746, 2264
414.852, 2246
414.964, 2226
415.071, 2201
415.181, 2195
415.29, 2184
415.4, 2209
415.509, 2207
415.618, 2192
415.727, 2206
415.837, 2176
415.946, 2225
416.053, 2117
416.166, 2012
416.276, 1929
416.383, 1626
416.495, 1412
416.604, 1443
416.711, 1430
416.82, 1488
416.932, 1544
417.041, 1759
417.15, 1927
417.257, 1962
417.363, 1987
417.47, 2039
417.572, 2043
417.683, 2008
417.79, 1996
417.9, 1974
418.007, 1959
418.114, 1956
418.22, 1956
418.332, 1937
418.442, 1944
418.556, 1953
418.666, 1941
418.772, 1951
418.879, 1931
418.986, 1980
419.092, 2074
419.199, 2118
419.305, 2005
419.412, 1806
419.519, 1642
419.63, 1588
419.742, 1659
419.853, 1731
419.961, 1763
420.071, 1657
420.18, 1534
420.287, 1543
420.393, 1704
420.5, 1784
420.612, 1739
420.718, 1832
420.827, 1791
420.934, 1849
421.043, 1825
421.15, 1832
421.254, 1860
421.36, 1861
421.47, 1844
421.579, 1835
421.689, 1841
421.798, 1859
421.907, 1868
422.017, 1850
422.128, 1846
422.235, 1846
422.344, 1841
422.451, 1837
422.557, 1849
422.666, 1839
422.773, 1829
422.864, 1825
422.973, 1856
423.083, 1868
423.192, 1848
423.299, 1851
423.408, 1856
423.518, 1862
423.624, 1851
423.734, 1841
423.84, 1849
423.931, 1854
424.037, 1853
424.144, 1843
424.248, 1866
424.359, 1886
424.469, 1879
424.575, 1863
424.682, 1860
424.786, 1852
424.89, 1841
424.994, 1838
425.1, 1837
425.207, 1847
425.317, 1854
425.426, 1863
425.535, 1866
425.644, 1879
425.751, 1881
425.86, 1865
425.953, 1862
426.062, 1858
426.171, 1842
426.281, 1832
426.391, 1828
426.5, 1838
426.606, 1844
426.716, 1844
426.822, 1848
426.931, 1843
427.041, 1852
427.147, 1857
427.257, 1862
427.366, 1863
427.478, 1865
427.587, 1864
427.696, 1871
427.806, 1887
427.913, 1898
428.019, 1896
428.129, 1902
428.238, 1916
428.345, 1935
428.451, 1950
428.561, 1962
428.67, 1974
428.78, 1963
428.889, 1969
428.996, 1955
429.102, 1952
429.195, 1961
429.304, 1978
429.41, 1985
429.517, 1980
429.628, 1968
429.737, 1986
429.843, 1999
429.955, 1981
430.062, 1968
430.174, 1962
430.281, 1978
430.39, 1966
430.499, 1957
430.606, 1956
430.715, 1967
430.824, 1994
430.932, 2028
431.038, 2050
431.148, 2047
431.254, 2072
431.363, 2081
431.47, 2099
431.58, 2101
431.689, 2105
431.795, 2107
431.902, 2109
432.008, 2102
432.099, 2105
432.206, 2116
432.315, 2136
432.421, 2135
432.528, 2144
432.637, 2142
432.741, 2146
432.845, 2150
432.957, 2147
433.064, 1725
433.176, 862
433.282, 425
433.392, 189
433.498, 102
433.608, 71
433.714, 60
433.821, 57
433.927, 55
434.034, 55
434.138, 55
434.247, 55
434.356, 54
434.463, 54
434.57, 55
434.674, 54
434.78, 55
434.889, 55
434.996, 55
435.106, 55
435.215, 54
435.318, 55
435.428, 54
435.532, 55
435.642, 55
435.751, 55
435.86, 55
435.967, 55
436.077, 55
436.183, 55
436.29, 54
436.401, 54
436.511, 54
436.617, 54
436.708, 55
436.814, 54
436.921, 54
437.027, 54
437.134, 54
437.24, 54
437.347, 54
437.458, 54
437.564, 55
437.671, 54
437.778, 54
437.89, 55
437.999, 54
438.108, 54
438.218, 54
438.327, 54
438.436, 55
438.543, 55
438.649, 68
438.756, 249
438.863, 406
438.97, 502
439.082, 563
439.191, 637
439.298, 753
439.407, 983
439.519, 1244
439.628, 1496
439.733, 1660
439.839, 1716
439.946, 1726
440.055, 1739
440.164, 1773
440.273, 1800
440.383, 1799
440.492, 1813
440.602, 1840
440.714, 1865
440.818, 1884
440.929, 1903
441.036, 1923
441.143, 1943
441.252, 1957
441.361, 1982
441.471, 1997
441.577, 2007
441.686, 2024
441.796, 2035
441.905, 2057
442.014, 2084
442.121, 2092
442.23, 2111
442.335, 2118
442.441, 2133
442.55, 2159
442.659, 2169
442.766, 2180
442.872, 2193
442.976, 2200
443.086, 2209
443.192, 2213
443.302, 2214
443.413, 2223
443.523, 2226
443.627, 2236
443.739, 2259
443.845, 2261
443.952, 2266
444.061, 2275
444.165, 2286
444.274, 2278
444.384, 2289
444.494, 2282
444.6, 2266
444.709, 2263
444.816, 2260
444.925, 2265
445.032, 2272
445.141, 2294
445.251, 2313
445.36, 2318
445.467, 2318
445.576, 2315
445.686, 2315
445.795, 2316
445.902, 2309
446.009, 2311
446.115, 2315
446.221, 2307
446.331, 2295
446.44, 2288
446.546, 2281
446.65, 2271
446.757, 2258
446.863, 2249
446.97, 2247
447.077, 2241
447.183, 2231
447.287, 2215
447.397, 2207
447.506, 2188
447.613, 2198
447.721, 2215
447.828, 2202
447.937, 2193
448.044, 2183
448.151, 2186
448.26, 2173
448.369, 2147
448.476, 2118
448.58, 2077
448.692, 2058
448.801, 2073
448.908, 2060
449.02, 2033
449.126, 2002
449.228, 1991
449.334, 1969
449.441, 1942
449.547, 1936
449.654, 1929
449.76, 1932
449.867, 1922
449.976, 1918
450.083, 1885
450.193, 1852
450.299, 1834
450.408, 1796
450.515, 1785
450.621, 1764
450.728, 1753
450.84, 1736
450.949, 1725
451.058, 1703
451.167, 1690
451.277, 1694
451.384, 1678
451.493, 1659
451.602, 1648
451.709, 1632
451.816, 1616
451.925, 1441
452.032, 790
452.138, 400
452.245, 190
452.354, 101
452.466, 70
452.578, 60
452.687, 57
452.794, 55
452.901, 55
453.01, 54
453.116, 55
453.223, 55
453.332, 54
453.439, 55
453.545, 55
453.655, 55
453.764, 55
453.871, 55
453.978, 55
454.084, 55
454.191, 55
454.3, 54
454.41, 55
454.516, 54
454.628, 54
454.734, 55
454.846, 55
454.95, 55
455.06, 54
455.169, 54
455.278, 55
455.39, 55
455.499, 55
455.606, 54
455.713, 54
455.821, 54
455.932, 55
456.038, 55
456.147, 55
456.257, 54
456.363, 54
456.471, 54
456.58, 55
456.689, 56
456.799, 91
456.909, 135
457.02, 210
457.129, 272
457.235, 308
457.326, 345
457.435, 484
457.541, 720
457.645, 825
457.758, 877
457.867, 966
457.976, 1041
458.086, 1086
458.195, 1095
458.301, 1119
458.408, 1169
458.518, 1221
458.627, 1195
458.736, 1211
458.843, 1201
458.955, 1199
459.061, 1199
459.168, 1208
459.275, 1210
459.381, 1216
459.487, 1222
459.597, 1225
459.703, 1233
459.815, 1242
459.925, 1253
460.037, 1245
460.144, 1259
460.25, 1276
460.357, 1293
460.469, 1299
460.578, 1312
460.687, 1330
460.797, 997
460.903, 523
461.013, 249
461.12, 127
461.224, 81
461.327, 64
461.437, 57
461.543, 56
461.645, 55
461.751, 55
461.863, 54
461.975, 55
462.082, 55
462.191, 54
462.3, 55
462.409, 54
462.519, 54
462.625, 55
462.734, 55
462.838, 54
462.945, 55
463.054, 58
463.158, 117
463.262, 121
463.368, 166
463.475, 317
463.585, 547
463.694, 757
463.804, 885
463.913, 1033
464.023, 1219
464.135, 1291
464.244, 1322
464.356, 1352
464.466, 1374
464.572, 1391
464.678, 1408
464.782, 1407
464.891, 1455
465.001, 1445
465.11, 1443
465.217, 1500
465.326, 1527
465.432, 1521
465.539, 1559
465.646, 1584
465.752, 1603
465.864, 1615
465.973, 1629
466.083, 1643
466.192, 1646
466.301, 1653
466.405, 1671
466.515, 1689
466.621, 1699
466.728, 1724
466.837, 1742
466.946, 1781
467.056, 1801
467.162, 1820
467.274, 1845
467.384, 1865
467.49, 1869
467.597, 1890
467.706, 1905
467.813, 1909
467.92, 1926
468.029, 1947
468.138, 1959
468.245, 1954
468.351, 1980
468.458, 1999
468.567, 2010
468.677, 2019
468.786, 2031
468.893, 2051
468.999, 2058
469.106, 2071
469.212, 2066
469.316, 2066
469.423, 2066
469.529, 2067
469.638, 2077
469.745, 2091
469.854, 2078
469.961, 2087
470.067, 2099
470.177, 2100
470.286, 2108
470.393, 2111
470.502, 2102
470.611, 2101
470.715, 2109
470.825, 2114
470.936, 2117
471.046, 2119
471.155, 2116
471.262, 2112
471.368, 2109
471.477, 2107
471.589, 2104
471.698, 2110
471.789, 2105
471.895, 2093
472.007, 2079
472.116, 2056
472.226, 2039
472.335, 2018
472.447, 2013
472.554, 1992
472.663, 1966
472.769, 1945
472.873, 1923
472.98, 1908
473.089, 1888
473.198, 1864
473.308, 1859
473.417, 1837
473.527, 1820
473.636, 1801
473.745, 1780
473.855, 1751
473.961, 1719
474.065, 1706
474.174, 1686
474.283, 1672
474.385, 1670
474.491, 1661
474.601, 1662
474.71, 1672
474.817, 1647
474.926, 1638
475.035, 1631
475.145, 1602
475.254, 1587
475.36, 1577
475.47, 1570
475.561, 1553
475.667, 1543
475.776, 1543
475.88, 1542
475.99, 1528
476.098, 1511
476.205, 1509
476.315, 1507
476.421, 1506
476.531, 1489
476.637, 1482
476.739, 1472
476.845, 1471
476.952, 1468
477.061, 1462
477.167, 1465
477.274, 1465
477.386, 1475
477.493, 1477
477.6, 1459
477.706, 1448
477.815, 1455
477.924, 1454
478.029, 1464
478.135, 1466
478.242, 1453
478.348, 1447
478.458, 1429
478.567, 1419
478.673, 1431
478.78, 1427
478.886, 1418
478.998, 1415
479.111, 1419
479.219, 1413
479.329, 1417
479.438, 1418
479.548, 1431
479.66, 1432
479.769, 1433
479.873, 1429
479.979, 1431
480.07, 1433
480.179, 1437
480.283, 1434
480.389, 1433
480.496, 1438
480.602, 1439
480.707, 1439
480.813, 1441
480.919, 1431
481.027, 1438
481.137, 1447
481.244, 1470
481.356, 1478
481.46, 1486
481.553, 1487
481.664, 1487
481.77, 1493
481.874, 1490
481.983, 1492
482.093, 1505
482.202, 1519
482.311, 1530
482.421, 1519
482.53, 1524
482.642, 1542
482.748, 1554
482.858, 1560
482.965, 1563
483.071, 1566
483.18, 1584
483.285, 1584
483.394, 1584
483.498, 1606
483.604, 1616
483.708, 1630
483.812, 1621
483.919, 1631
484.031, 1637
484.137, 1639
484.244, 1649
484.35, 1642
484.454, 1637
484.563, 1627
484.668, 1632
484.774, 1634
484.881, 1641
484.987, 1648
485.097, 1651
485.207, 1633
485.316, 1629
485.426, 1637
485.532, 1657
485.639, 1664
485.748, 1683
485.857, 1693
485.967, 1719
486.078, 1727
486.185, 1723
486.295, 1715
486.409, 1718
486.519, 1720
486.625, 1674
486.729, 1025
486.835, 539
486.945, 249
487.054, 123
487.164, 78
487.27, 63
487.374, 58
487.483, 56
487.59, 55
487.699, 55
487.809, 54
487.918, 54
488.025, 55
488.136, 55
488.243, 54
488.35, 54
488.459, 54
488.565, 54
488.656, 54
488.762, 55
488.871, 54
488.978, 54
489.085, 55
489.189, 55
489.292, 54
489.397, 55
489.509, 54
489.618, 55
489.727, 54
489.837, 55
489.943, 54
490.05, 55
490.159, 54
490.268, 55
490.378, 54
490.487, 55
490.596, 54
490.706, 54
490.815, 55
490.922, 55
491.028, 55
491.134, 54
491.238, 54
491.348, 54
491.457, 55
491.567, 55
491.679, 195
491.789, 385
491.89, 489
491.997, 567
492.103, 639
492.212, 748
492.316, 872
492.407, 957
492.515, 1098
492.622, 1299
492.726, 1454
492.835, 1529
492.942, 1575
493.051, 1613
493.158, 1644
493.269, 1671
493.376, 1691
493.488, 1704
493.598, 1726
493.704, 1744
493.808, 1759
493.92, 1782
494.029, 1799
494.138, 1825
494.248, 1843
494.358, 1858
494.466, 1876
494.576, 1904
494.685, 1921
494.794, 1935
494.904, 1944
495.013, 1957
495.123, 1986
495.23, 2015
495.339, 2043
495.449, 2054
495.558, 2073
495.664, 2092
495.774, 2096
495.88, 2117
495.987, 2133
496.096, 2145
496.203, 2160
496.314, 2163
496.424, 2181
496.533, 2193
496.642, 2208
496.753, 2190
496.864, 2182
496.97, 2189
497.079, 2185
497.185, 2184
497.295, 2185
497.402, 2185
497.511, 2193
497.617, 2202
497.726, 2223
497.833, 2229
497.945, 2255
498.051, 2263
498.158, 2283
498.268, 2298
498.375, 2311
498.484, 2306
498.588, 2310
498.694, 2310
498.804, 2320
498.913, 2309
499.02, 2307
499.129, 2307
499.236, 2307
499.342, 2318
499.449, 2332
499.559, 2323
499.662, 2304
499.772, 2253
499.876, 2241
499.982, 2239
500.092, 2253
500.201, 2261
500.308, 2255
500.417, 2228
500.524, 2217
500.635, 2206
500.745, 2192
500.854, 2193
500.964, 2171
501.07, 2171
501.174, 2148
501.286, 2135
501.393, 2126
501.499, 2123
501.606, 2118
501.717, 2120
501.824, 2115
501.928, 2095
502.04, 2084
502.147, 2071
502.254, 2066
502.36, 2054
502.466, 2038
502.573, 2011
502.679, 2005
502.789, 1992
502.895, 1979
502.986, 1967
503.095, 1978
503.204, 1974
503.311, 1951
503.414, 1939
503.525, 1919
503.634, 1869
503.743, 1906
503.85, 1873
503.959, 1795
504.068, 1873
504.178, 2005
504.287, 2055
504.39, 1981
504.5, 1971
504.609, 1934
504.716, 1938
504.823, 1903
504.932, 1888
505.035, 1871
505.142, 1853
505.249, 1839
505.359, 1844
505.465, 1833
505.572, 1766
505.681, 1697
505.785, 1580
505.894, 1346
506.001, 1057
506.11, 872
506.217, 869
506.323, 931
506.43, 1033
506.536, 1077
506.646, 1154
506.752, 1259
506.859, 1384
506.971, 1362
507.08, 966
507.19, 528
507.296, 255
507.4, 130
507.504, 82
507.611, 64
507.719, 58
507.826, 55
507.936, 55
508.047, 54
508.157, 54
508.268, 55
508.371, 55
508.48, 55
508.587, 54
508.694, 55
508.803, 54
508.915, 55
509.021, 55
509.128, 55
509.235, 55
509.341, 55
509.453, 54
509.562, 54
509.672, 55
509.781, 54
509.885, 55
509.994, 55
510.1, 54
510.204, 55
510.316, 55
510.423, 54
510.535, 55
510.641, 55
510.751, 54
510.86, 55
510.951, 55
511.057, 54
511.164, 55
511.27, 55
511.361, 54
511.467, 55
511.576, 55
511.683, 55
511.792, 54
511.883, 55
511.989, 59
512.099, 160
512.208, 248
512.318, 299
512.427, 349
512.533, 480
512.64, 746
512.744, 1011
512.85, 1163
512.958, 1257
513.064, 1339
513.173, 1372
513.277, 1336
513.384, 1350
513.495, 1330
513.602, 1319
513.711, 1324
513.818, 1327
513.927, 1330
514.037, 1333
514.143, 1342
514.253, 1357
514.359, 1367
514.466, 1369
514.575, 1395
514.685, 1403
514.791, 1414
514.9, 1421
515.012, 1423
515.122, 1435
515.228, 1446
515.34, 1449
515.449, 1451
515.554, 1468
515.665, 1482
515.775, 1499
515.884, 1505
515.991, 1519
516.098, 1528
516.204, 1546
516.314, 1557
516.423, 1570
516.533, 1581
516.643, 1586
516.749, 1585
516.858, 1593
516.965, 1592
517.072, 1597
517.183, 1616
517.293, 1629
517.402, 1641
517.511, 1647
517.618, 1660
517.724, 1675
517.829, 1683
517.938, 1702
518.044, 1711
518.154, 1717
518.26, 1720
518.37, 1718
518.474, 1722
518.578, 1728
518.688, 1743
518.794, 1743
518.904, 1751
519.01, 1762
519.123, 1770
519.229, 1777
519.336, 1781
519.442, 1793
519.554, 1792
519.666, 1797
519.77, 1795
519.88, 1796
519.986, 1801
520.093, 1810
520.202, 1835
520.311, 1838
520.421, 1855
520.527, 1861
520.634, 1856
520.741, 1856
520.852, 1866
520.962, 1877
521.071, 1872
521.18, 1858
521.29, 1870
521.399, 1880
521.506, 1890
521.615, 1873
521.725, 1865
521.831, 1869
521.938, 1877
522.047, 1870
522.156, 1879
522.265, 1862
522.372, 1859
522.479, 1398
522.583, 732
522.689, 350
522.796, 165
522.907, 91
523.014, 67
523.126, 59
523.233, 56
523.339, 55
523.446, 55
523.553, 54
523.662, 55
523.769, 54
523.873, 55
523.982, 55
524.086, 55
524.192, 55
524.302, 55
524.406, 55
524.515, 54
524.624, 54
524.734, 55
524.843, 55
524.95, 54
525.059, 55
525.165, 55
525.269, 55
525.377, 55
525.483, 55
525.59, 97
525.696, 131
525.806, 158
525.912, 170
526.024, 167
526.133, 182
526.243, 282
526.352, 423
526.461, 534
526.573, 584
526.68, 675
526.789, 804
526.896, 907
527.002, 1023
527.111, 1183
527.218, 1358
527.33, 1431
527.439, 1458
527.549, 1476
527.659, 1489
527.765, 1504
527.871, 1509
527.981, 1518
528.087, 1542
528.197, 1569
528.289, 1585
528.396, 1590
528.505, 1599
528.613, 1617
528.719, 1624
528.825, 1637
528.932, 1642
529.039, 1663
529.145, 1673
529.254, 1686
529.345, 1695
529.451, 1706
529.561, 1717
529.672, 1719
529.778, 1731
529.885, 1747
529.991, 1749
530.098, 1762
530.205, 1787
530.308, 1797
530.415, 1819
530.524, 1833
530.631, 1845
530.737, 1846
530.846, 1859
530.95, 1864
531.057, 1870
531.164, 1879
531.274, 1883
531.378, 1896
531.485, 1909
531.593, 1914
531.701, 1929
531.81, 1937
531.916, 1936
532.025, 1948
532.132, 1958
532.241, 1976
532.351, 1985
532.457, 1993
532.548, 2019
532.654, 2025
532.761, 2036
532.867, 2048
532.971, 2039
533.077, 2054
533.186, 2059
533.296, 2080
533.402, 2094
533.506, 2107
533.613, 2113
533.719, 2126
533.829, 2119
533.935, 2114
534.044, 2103
534.154, 2114
534.26, 2108
534.367, 2122
534.473, 2118
534.583, 2132
534.689, 2131
534.796, 2140
534.905, 2136
535.012, 2150
535.121, 2158
535.228, 2150
535.337, 2131
535.428, 2124
535.534, 2127
535.643, 2130
535.75, 2125
535.859, 2138
535.966, 2121
536.075, 2137
536.185, 2110
536.289, 2095
536.395, 2101
536.502, 2096
536.611, 2062
536.715, 2075
536.828, 2087
536.937, 2121
537.046, 2070
537.156, 2080
537.262, 2092
537.374, 2049
537.483, 2057
537.593, 2023
537.702, 1995
537.811, 2001
537.92, 2006
538.03, 1968
538.139, 1978
538.248, 1969
538.359, 1991
538.466, 1972
538.575, 2009
538.681, 1937
538.788, 1979
538.895, 1901
539.002, 1894
539.111, 1997
539.217, 2069
539.324, 2148
539.428, 2231
539.54, 2179
539.646, 2135
539.753, 2095
539.86, 2082
539.969, 2031
540.077, 1986
540.184, 2005
540.29, 1983
540.397, 1966
540.503, 1959
540.61, 1950
540.716, 1939
540.826, 1928
540.932, 1922
541.023, 1908
541.133, 1897
541.243, 1898
541.352, 1900
541.462, 1880
541.571, 1866
541.675, 1850
541.781, 1854
541.891, 1830
541.998, 1833
542.104, 1817
542.21, 1822
542.321, 1802
542.43, 1811
542.539, 1786
542.648, 1778
542.755, 1767
542.864, 1762
542.974, 1760
543.08, 1758
543.187, 1763
543.296, 1768
543.4, 1769
543.507, 1766
543.613, 1779
543.72, 1778
543.827, 1770
543.936, 1769
544.045, 1769
544.149, 1775
544.256, 1773
544.362, 1771
544.468, 1775
544.578, 1779
544.685, 1771
544.797, 1751
544.904, 1739
545.016, 1744
545.122, 1753
545.228, 1754
545.332, 1728
545.439, 1706
545.548, 1700
545.652, 1714
545.761, 1723
545.868, 1752
545.977, 1788
546.084, 1792
546.188, 1790
546.294, 1793
546.404, 1795
546.511, 1798
546.62, 1789
546.729, 1770
546.836, 1755
546.94, 1762
547.049, 1767
547.159, 1792
547.265, 1813
547.372, 1814
547.481, 1805
547.59, 1798
547.697, 1818
547.801, 1840
547.913, 1866
548.02, 1872
548.126, 1854
548.235, 1833
548.345, 1822
548.449, 1828
548.558, 1830
548.667, 1816
548.779, 1823
548.889, 1832
549.001, 1833
549.107, 1839
549.214, 1844
549.321, 1853
549.427, 1862
549.533, 1868
549.64, 1898
549.747, 1918
549.858, 1917
549.965, 1936
550.071, 1940
550.181, 1956
550.29, 1969
550.397, 1961
550.503, 1965
550.613, 1956
550.719, 1964
550.823, 1964
550.927, 1974
551.036, 1963
551.145, 1969
551.25, 1989
551.356, 1978
551.466, 1999
551.575, 2021
551.682, 2022
551.791, 2016
551.9, 2010
552.009, 2028
552.116, 2035
552.225, 2018
552.334, 2025
552.444, 2049
552.551, 2064
552.657, 2057
552.766, 1550
552.873, 797
552.985, 373
553.092, 172
553.201, 94
553.311, 68
553.42, 59
553.532, 56
553.642, 55
553.748, 54
553.855, 55
553.964, 55
554.074, 55
554.183, 54
554.29, 54
554.396, 54
554.503, 55
554.612, 55
554.722, 54
554.831, 54
554.937, 55
555.041, 55
555.151, 55
555.257, 55
555.361, 54
555.465, 55
555.572, 54
555.681, 55
555.787, 55
555.894, 55
556.001, 55
556.112, 55
556.221, 55
556.331, 55
556.438, 54
556.552, 54
556.659, 55
556.768, 54
556.874, 55
556.965, 55
557.072, 54
557.181, 54
557.288, 54
557.394, 54
557.506, 55
557.615, 54
557.725, 54
557.831, 55
557.941, 55
558.048, 55
558.154, 54
558.266, 54
558.375, 55
558.485, 54
558.595, 54
558.701, 54
558.807, 123
558.911, 236
559.018, 282
559.127, 374
559.236, 481
559.343, 591
559.452, 740
559.562, 913
559.668, 1079
559.772, 1252
559.879, 1349
559.985, 1419
560.092, 1468
560.196, 1525
560.302, 1545
560.412, 1649
560.518, 1720
560.628, 1807
560.734, 1840
560.841, 1855
560.951, 1860
561.058, 1874
561.165, 1895
561.273, 1902
561.377, 1902
561.486, 1913
561.596, 1921
561.705, 1918
561.814, 1934
561.921, 1955
562.027, 1961
562.136, 1989
562.243, 2005
562.35, 2027
562.459, 2025
562.565, 2024
562.672, 2030
562.779, 2033
562.885, 2035
562.989, 2037
563.095, 2049
563.202, 2058
563.309, 2080
563.415, 2096
563.522, 2108
563.631, 2116
563.738, 2136
563.85, 2137
563.959, 2146
564.071, 2154
564.18, 2172
564.29, 2178
564.399, 2182
564.509, 2187
564.615, 2183
564.722, 2184
564.829, 2178
564.936, 2185
565.045, 2195
565.151, 2191
565.258, 2210
565.368, 2210
565.477, 2217
565.587, 2220
565.696, 2226
565.806, 2223
565.915, 2225
566.024, 2210
566.13, 2200
566.24, 2192
566.347, 2173
566.456, 2176
566.563, 2175
566.67, 2172
566.779, 2155
566.885, 2148
566.992, 2141
567.104, 2129
567.21, 2128
567.319, 2110
567.429, 2089
567.536, 2076
567.648, 2073
567.758, 2070
567.867, 2066
567.973, 2051
568.077, 2054
568.181, 2041
568.287, 2036
568.397, 2035
568.506, 2018
568.616, 2008
568.725, 2013
568.834, 2017
568.943, 2007
569.053, 2008
569.162, 1996
569.271, 1974
569.381, 1953
569.488, 1920
569.599, 1888
569.709, 1856
569.818, 1823
569.924, 1803
570.034, 1790
570.146, 1778
570.252, 1766
570.357, 1752
570.468, 1736
570.578, 1724
570.687, 1714
570.796, 1707
570.908, 1696
571.015, 1678
571.124, 1659
571.231, 1640
571.337, 1636
571.446, 1609
571.553, 1585
571.665, 1571
571.774, 1568
571.881, 1547
571.987, 1526
572.097, 1519
572.206, 1514
572.313, 1506
572.422, 1501
572.534, 1503
572.64, 1501
572.747, 1479
572.853, 1453
572.96, 953
573.067, 510
573.174, 245
573.283, 123
573.392, 78
573.502, 62
573.611, 57
573.72, 55
573.827, 55
573.936, 55
574.043, 55
574.149, 55
574.24, 55
574.349, 55
574.458, 55
574.568, 54
574.677, 55
574.786, 55
574.894, 54
575, 55
575.106, 54
575.213, 55
575.323, 55
575.432, 54
575.541, 54
575.651, 55
575.757, 55
575.864, 55
575.971, 55
576.077, 55
576.182, 55
576.291, 55
576.401, 55
576.504, 55
576.611, 55
576.72, 54
576.829, 55
576.936, 54
577.046, 54
577.155, 55
577.261, 55
577.352, 54
577.461, 55
577.565, 55
577.671, 54
577.781, 55
577.89, 79
577.997, 158
578.103, 249
578.213, 337
578.324, 500
578.431, 742
578.535, 912
578.641, 964
578.748, 1007
578.855, 999
578.961, 1049
579.071, 1096
579.177, 1075
579.286, 1041
579.396, 1096
579.505, 1169
579.611, 1242
579.702, 1301
579.811, 1321
579.918, 1286
580.027, 1278
580.131, 1275
580.243, 1271
580.354, 1273
580.464, 1285
580.576, 1293
580.685, 1296
580.794, 1305
580.901, 1303
581.01, 1312
581.114, 1325
581.205, 1319
581.314, 1330
581.423, 1000
581.533, 518
581.64, 252
581.751, 124
581.861, 78
581.971, 62
582.077, 57
582.183, 55
582.293, 55
582.402, 55
582.509, 55
582.618, 54
582.724, 55
582.831, 54
582.941, 54
583.05, 54
583.159, 55
583.263, 54
583.373, 55
583.484, 55
583.594, 55
583.704, 55
583.813, 54
583.917, 55
584.023, 56
584.13, 143
584.237, 253
584.343, 362
584.45, 488
584.556, 634
584.667, 798
584.776, 965
584.885, 1135
584.994, 1246
585.103, 1306
585.213, 1339
585.32, 1338
585.426, 1353
585.536, 1370
585.643, 1385
585.753, 1403
585.861, 1419
585.952, 1426
586.061, 1475
586.152, 1465
586.261, 1493
586.367, 1583
586.474, 1676
586.575, 1711
586.687, 1700
586.796, 1702
586.9, 1707
587.009, 1701
587.116, 1705
587.22, 1719
587.329, 1731
587.436, 1740
587.542, 1753
587.65, 1744
587.761, 1761
587.868, 1766
587.974, 1778
588.078, 1785
588.185, 1800
588.291, 1807
588.402, 1821
588.511, 1834
588.621, 1847
588.729, 1859
588.82, 1865
588.929, 1886
589.036, 1901
589.145, 1904
589.252, 1914
589.361, 1913
589.473, 1925
589.582, 1937
589.689, 1946
589.795, 1946
589.904, 1951
590.009, 1956
590.118, 1967
590.227, 1974
590.334, 1974
590.437, 1979
590.544, 1982
590.657, 1975
590.766, 1991
590.873, 1987
590.98, 1985
591.086, 1975
591.198, 1981
591.307, 1977
591.414, 1984
591.523, 1986
591.63, 1990
591.736, 2011
591.844, 2026
591.953, 2028
592.06, 2023
592.17, 2017
592.279, 2009
592.388, 2014
592.492, 1996
592.598, 1976
592.705, 1963
592.809, 1957
592.918, 1940
593.027, 1926
593.137, 1908
593.248, 1869
593.355, 1861
593.464, 1846
593.571, 1831
593.675, 1822
593.784, 1806
593.896, 1792
594.003, 1775
594.11, 1759
594.222, 1742
594.333, 1739
594.443, 1710
594.549, 1684
594.658, 1666
594.765, 1641
594.872, 1631
594.976, 1608
595.088, 1581
595.197, 1560
595.307, 1540
595.416, 1521
595.52, 1518
595.626, 1487
595.736, 1455
595.842, 1440
595.952, 1412
596.058, 1400
596.168, 1380
596.277, 1377
596.386, 1384
596.495, 1365
596.605, 1353
596.712, 1339
596.821, 1308
596.93, 1294
597.04, 1293
597.147, 1291
597.253, 1297
597.363, 1279
597.475, 1271
597.584, 1259
597.696, 1261
597.805, 1258
597.914, 1249
598.024, 1255
598.133, 1230
598.242, 1223
598.349, 1207
598.461, 1211
598.568, 1205
598.677, 1206
598.784, 1212
598.893, 1196
599.002, 1189
599.106, 1194
599.213, 1210
599.319, 1206
599.429, 1207
599.535, 1216
599.639, 1210
599.745, 1212
599.852, 1217
599.959, 1211
600.066, 1217
600.172, 1217
600.278, 1201
600.382, 1188
600.494, 1197
600.603, 1206
600.713, 1216
600.819, 1208
600.929, 1217
601.036, 1219
601.145, 1216
601.252, 1213
601.356, 1229
601.468, 1247
601.574, 1235
601.684, 1221
601.796, 1219
601.905, 1247
602.014, 1251
602.124, 1255
602.231, 1254
602.342, 1272
602.451, 1285
602.561, 1292
602.668, 1289
602.774, 1306
602.883, 1319
602.993, 1325
603.097, 1336
603.206, 1340
603.316, 1331
603.422, 1337
603.532, 1347
603.641, 1342
603.747, 1367
603.854, 1380
603.961, 1367
604.067, 1356
604.179, 1371
604.291, 1380
604.403, 1385
604.512, 1389
604.619, 1398
604.73, 1399
604.821, 1399
604.93, 1417
605.037, 1435
605.146, 1436
605.255, 1443
605.362, 1443
605.469, 1455
605.578, 1479
605.684, 1489
605.794, 1496
605.897, 1499
606.007, 1517
606.116, 1521
606.228, 1503
606.334, 1501
606.436, 1489
606.542, 1485
606.633, 1491
606.745, 1510
606.855, 1517
606.967, 1529
607.073, 1537
607.183, 1545
607.295, 1556
607.405, 1562
607.514, 1562
607.621, 1569
607.73, 1575
607.836, 1581
607.946, 1585
608.052, 1218
608.159, 645
608.269, 307
608.378, 147
608.487, 86
608.597, 65
608.706, 58
608.815, 56
608.922, 55
609.034, 55
609.141, 55
609.247, 54
609.356, 55
609.466, 55
609.575, 55
609.684, 55
609.795, 55
609.901, 54
610.01, 55
610.117, 55
610.226, 55
610.336, 55
610.442, 55
610.533, 55
610.639, 54
610.746, 55
610.856, 55
610.965, 55
611.071, 54
611.175, 55
611.282, 54
611.388, 54
611.495, 55
611.602, 54
611.714, 55
611.823, 55
611.932, 55
612.039, 54
612.143, 54
612.247, 55
612.353, 54
612.46, 54
612.571, 54
612.678, 55
612.785, 54
612.894, 55
613.003, 55
613.112, 54
613.22, 55
613.331, 55
613.437, 55
613.544, 54
613.648, 54
613.757, 55
613.864, 55
613.971, 54
614.077, 55
614.184, 55
614.294, 54
614.406, 54
614.516, 55
614.625, 54
614.735, 54
614.847, 54
614.953, 57
615.065, 278
615.175, 471
615.284, 559
615.391, 579
615.498, 533
615.607, 462
615.713, 397
615.823, 359
615.929, 362
616.038, 417
616.148, 503
616.259, 587
616.35, 668
616.459, 818
616.566, 955
616.677, 1057
616.789, 1111
616.896, 1135
617.005, 1160
617.114, 1185
617.221, 1223
617.331, 1285
617.437, 1398
617.547, 1476
617.653, 1494
617.763, 1502
617.869, 1517
617.976, 1525
618.083, 1540
618.192, 1549
618.298, 1563
618.389, 1573
618.493, 1568
618.599, 1574
618.706, 1557
618.815, 1540
618.922, 1530
619.031, 1538
619.141, 1572
619.252, 1622
619.362, 1661
619.471, 1700
619.581, 1726
619.69, 1735
619.8, 1740
619.906, 1758
620.015, 1782
620.119, 1797
620.226, 1823
620.332, 1854
620.441, 1882
620.548, 1882
620.657, 1865
620.764, 1850
620.876, 1843
620.988, 1815
621.095, 1787
621.204, 1794
621.314, 1795
621.424, 1804
621.533, 1795
621.642, 1771
621.752, 1771
621.867, 1794
621.971, 1806
622.077, 1804
622.184, 1807
622.293, 1803
622.397, 1790
622.501, 1755
622.605, 1714
622.711, 1691
622.818, 1668
622.927, 1650
623.031, 1587
623.14, 1451
623.247, 1366
623.356, 1314
623.463, 1288
623.569, 1268
623.676, 1216
623.78, 1176
623.887, 1157
623.996, 1143
624.108, 1130
624.212, 1120
624.324, 1088
624.431, 1062
624.535, 1046
624.646, 1034
624.75, 1021
624.856, 1011
624.967, 1010
625.074, 996
625.18, 989
625.29, 984
625.4, 985
625.506, 985
625.618, 974
625.724, 938
625.829, 908
625.94, 889
626.049, 881
626.156, 878
626.247, 871
626.353, 877
626.462, 965
626.572, 1111
626.678, 1278
626.785, 1441
626.891, 1547
626.998, 1620
627.11, 1692
627.216, 1734
627.323, 1780
627.432, 1857
627.539, 1955
627.648, 2075
627.752, 2186
627.861, 2304
627.952, 2416
628.058, 2543
628.165, 2654
628.274, 2661
628.384, 2682
628.49, 2679
628.596, 2696
628.706, 2686
628.812, 2710
628.925, 2742
629.034, 2737
629.143, 2756
629.249, 2722
629.359, 1878
629.462, 947
629.567, 445
629.679, 190
629.788, 100
629.9, 70
630.012, 62
630.121, 247
630.233, 415
630.34, 587
630.45, 689
630.559, 709
630.668, 739
630.775, 788
630.882, 841
630.988, 921
631.095, 1098
631.204, 1275
631.314, 1405
631.423, 1474
631.532, 1508
631.641, 1526
631.751, 1480
631.86, 1455
631.967, 1491
632.079, 1542
632.188, 1649
632.298, 1798
632.405, 1949
632.517, 2250
632.626, 2489
632.733, 2566
632.844, 2378
632.951, 1433
633.058, 694
633.164, 309
633.271, 145
633.382, 84
633.489, 64
633.596, 58
633.705, 56
633.812, 55
633.918, 55
634.027, 55
634.131, 55
634.238, 55
634.345, 54
634.451, 55
634.558, 54
634.664, 55
634.771, 55
634.88, 55
634.987, 54
635.093, 54
635.203, 54
635.312, 55
635.418, 55
635.525, 54
635.632, 54
635.738, 54
635.845, 55
635.951, 54
636.042, 55
636.148, 54
636.239, 54
636.345, 54
636.452, 54
636.558, 55
636.67, 54
636.776, 54
636.881, 54
636.992, 55
637.102, 55
637.208, 54
637.318, 55
637.424, 55
637.531, 54
637.632, 54
637.744, 55
637.853, 54
637.96, 55
638.069, 55
638.176, 54
638.282, 54
638.392, 55
638.498, 55
638.589, 104
638.695, 248
638.804, 425
638.911, 546
639.018, 620
639.121, 705
639.225, 783
639.329, 889
639.436, 1057
639.545, 1300
639.65, 1548
639.756, 1731
639.862, 1856
639.969, 1792
640.078, 1753
640.183, 1833
640.289, 1933
640.395, 2003
640.499, 2015
640.609, 2047
640.715, 2058
640.825, 2077
640.931, 2101
641.04, 2131
641.147, 2145
641.254, 2162
641.36, 2168
641.467, 2199
641.573, 2222
641.68, 2231
641.789, 2251
641.896, 2258
642.006, 2256
642.115, 2272
642.224, 2298
642.331, 2300
642.443, 2319
642.549, 2323
642.656, 2332
642.763, 2346
642.869, 2357
642.976, 2352
643.085, 2354
643.192, 2387
643.301, 2391
643.411, 2397
643.517, 2394
643.627, 2399
643.734, 2413
643.843, 2412
643.952, 2416
644.056, 2402
644.162, 2396
644.269, 2381
644.375, 2369
644.485, 2359
644.594, 2355
644.704, 2358
644.81, 2349
644.919, 2349
645.023, 2333
645.13, 2322
645.239, 2320
645.346, 2299
645.452, 2275
645.559, 2258
645.665, 2243
645.775, 2215
645.881, 2218
645.99, 2200
646.1, 2158
646.206, 2139
646.315, 2097
646.422, 2093
646.529, 2073
646.636, 2054
646.742, 2027
646.833, 2019
646.94, 1997
647.05, 1846
647.161, 1574
647.271, 1365
647.377, 1088
647.484, 604
647.593, 293
647.703, 142
647.809, 85
647.918, 65
648.026, 58
648.133, 56
648.237, 55
648.344, 55
648.437, 55
648.541, 55
648.647, 54
648.753, 55
648.863, 54
648.966, 55
649.073, 55
649.177, 55
649.283, 54
649.39, 54
649.481, 55
649.59, 54
649.7, 55
649.804, 54
649.911, 55
650.02, 55
650.124, 55
650.23, 55
650.34, 54
650.449, 54
650.555, 55
650.663, 54
650.771, 55
650.878, 54
650.969, 54
651.076, 55
651.182, 54
651.289, 54
651.398, 55
651.505, 55
651.615, 54
651.726, 55
651.817, 54
651.926, 54
652.035, 55
652.144, 55
652.254, 54
652.36, 54
652.451, 55
652.56, 54
652.67, 55
652.776, 55
652.88, 55
652.992, 55
653.102, 54
653.212, 54
653.321, 54
653.43, 54
653.534, 55
653.643, 112
653.754, 185
653.863, 234
653.972, 295
654.078, 364
654.185, 497
654.292, 657
654.404, 846
654.513, 965
654.62, 943
654.729, 925
654.838, 962
654.942, 938
655.049, 948
655.155, 931
655.263, 947
655.369, 967
655.481, 962
655.59, 964
655.697, 979
655.801, 979
655.908, 976
656.017, 978
656.124, 988
656.232, 994
656.342, 1004
656.448, 1015
656.558, 1020
656.664, 1039
656.755, 1048
656.861, 1063
656.971, 1073
657.08, 1092
657.187, 1111
657.293, 1131
657.405, 1150
657.517, 1165
657.624, 1179
657.733, 1188
657.84, 1193
657.952, 1216
658.059, 1228
658.17, 1236
658.277, 1251
658.384, 1271
658.494, 1286
658.603, 1293
658.71, 1303
658.816, 1314
658.907, 1325
659.013, 1345
659.122, 1362
659.229, 1366
659.335, 1374
659.442, 1400
659.551, 1420
659.658, 1428
659.77, 1435
659.876, 1437
659.985, 1447
660.095, 1452
660.204, 1476
660.314, 1488
660.423, 1503
660.535, 1458
660.639, 1034
660.748, 527
660.857, 249
660.967, 124
661.073, 79
661.183, 63
661.292, 58
661.398, 56
661.508, 55
661.62, 55
661.727, 55
661.833, 54
661.94, 54
662.044, 55
662.135, 54
662.241, 54
662.347, 55
662.457, 55
662.567, 54
662.676, 54
662.785, 54
662.894, 54
663.001, 54
663.108, 159
663.2, 298
663.31, 394
663.416, 458
663.523, 496
663.633, 515
663.74, 527
663.846, 533
663.952, 542
664.06, 546
664.169, 538
664.278, 517
664.388, 501
664.494, 492
664.606, 488
664.717, 491
664.824, 492
664.936, 491
665.042, 498
665.154, 506
665.263, 509
665.368, 496
665.474, 493
665.586, 491
665.695, 490
665.805, 484
665.911, 492
666.02, 494
666.124, 497
666.234, 500
666.341, 486
666.447, 457
666.553, 398
666.665, 306
666.772, 172
666.882, 97
666.988, 69
667.079, 61
667.185, 57
667.294, 55
667.404, 55
667.514, 54
667.62, 55
667.729, 54
667.836, 55
667.948, 55
668.057, 55
668.169, 54
668.281, 55
668.39, 55
668.497, 55
668.606, 55
668.713, 55
668.819, 55
668.931, 55
669.04, 55
669.144, 55
669.255, 55
669.365, 54
669.472, 55
669.584, 55
669.693, 54
669.8, 55
669.909, 55
670.021, 55
670.127, 54
670.237, 55
670.34, 54
670.447, 55
670.554, 54
670.663, 54
670.769, 55
670.879, 55
670.986, 54
671.09, 55
671.199, 55
671.303, 54
671.412, 55
671.522, 55
671.628, 55
671.734, 54
671.844, 54
671.956, 55
672.066, 55
672.174, 54
672.284, 54
672.391, 54
672.494, 54
672.604, 54
672.71, 55
672.82, 55
672.929, 54
673.036, 54
673.147, 54
673.257, 55
673.366, 54
673.475, 54
673.579, 54
673.689, 55
673.795, 55
673.904, 54
674.016, 54
674.123, 54
674.23, 55
674.339, 54
674.448, 55
674.555, 54
674.662, 54
674.771, 55
674.877, 54
674.981, 54
675.085, 54
675.192, 55
675.301, 55
675.41, 55
675.518, 55
675.629, 55
675.736, 54
675.848, 54
675.957, 55
676.061, 54
676.167, 54
676.258, 55
676.367, 55
676.476, 55
676.582, 55
676.686, 55
676.79, 54
676.881, 55
676.987, 54
677.096, 55
677.203, 54
677.313, 54
677.419, 55
677.529, 55
677.638, 54
677.747, 55
677.851, 54
677.957, 54
678.061, 54
678.17, 54
678.28, 54
678.387, 54
678.496, 55
678.602, 54
678.711, 55
678.818, 55
678.927, 54
679.034, 55
679.143, 54
679.25, 54
679.359, 54
679.466, 54
679.576, 55
679.686, 55
679.792, 54
679.899, 54
680.005, 55
680.109, 54
680.215, 54
680.323, 54
680.429, 55
680.539, 54
680.648, 55
680.755, 54
680.861, 55
680.968, 55
681.077, 55
681.184, 54
681.29, 55
681.394, 55
681.501, 54
681.61, 55
681.701, 55
681.807, 54
681.913, 55
682.02, 54
682.13, 55
682.242, 55
682.349, 55
682.458, 59
682.549, 94
682.655, 168
682.764, 235
682.868, 256
682.975, 211
683.066, 170
683.175, 119
683.284, 78
683.388, 62
683.498, 57
683.607, 56
683.713, 55
683.82, 55
683.929, 55
684.038, 54
684.145, 55
684.257, 55
684.363, 54
684.473, 54
684.582, 55
684.692, 125
684.801, 231
684.91, 279
685.017, 292
685.124, 264
685.235, 209
685.345, 170
685.451, 149
685.558, 140
685.664, 135
685.771, 133
685.881, 131
685.99, 130
686.096, 129
686.203, 110
686.312, 79
686.419, 63
686.53, 57
686.64, 55
686.747, 55
686.851, 55
686.96, 55
687.067, 55
687.173, 55
687.28, 55
687.39, 54
687.5, 54
687.606, 55
687.713, 55
687.822, 55
687.931, 55
688.035, 55
688.142, 55
688.251, 80
688.36, 127
688.47, 150
688.576, 159
688.685, 162
688.794, 164
688.902, 165
689.011, 159
689.12, 152
689.224, 147
689.333, 146
689.442, 145
689.552, 144
689.656, 144
689.767, 144
689.858, 144
689.967, 143
690.076, 144
690.18, 144
690.287, 144
690.396, 143
690.503, 144
690.614, 144
690.724, 143
690.836, 144
690.948, 144
691.057, 143
691.164, 143
691.273, 143
691.377, 143
691.484, 143
691.59, 143
691.697, 143
691.804, 142
691.91, 142
692.017, 142
692.128, 142
692.238, 142
692.347, 142
692.438, 142
692.547, 142
692.64, 142
692.746, 143
692.856, 143
692.962, 142
693.069, 143
693.179, 143
693.285, 164
693.397, 255
693.504, 322
693.616, 293
693.723, 172
693.832, 96
693.944, 68
694.053, 59
694.16, 56
694.272, 55
694.381, 55
694.49, 55
694.594, 55
694.698, 55
694.805, 54
694.914, 55
695.023, 55
695.132, 55
695.239, 55
695.343, 55
695.455, 55
695.561, 55
695.67, 55
695.78, 55
695.887, 55
695.996, 55
696.103, 55
696.209, 55
696.3, 55
696.406, 55
696.513, 55
696.624, 55
696.715, 55
696.824, 55
696.931, 55
697.04, 55
697.147, 55
697.253, 55
697.36, 55
697.466, 55
697.575, 55
697.682, 55
697.791, 55
697.9, 54
698.004, 55
698.111, 55
698.22, 55
698.329, 55
698.437, 55
698.542, 33
698.651, 11
698.76, 4
698.867, 1
698.976, 0
699.086, 0
699.195, 0
699.304, 0
699.408, 0
700.058, 0
700.167, 0
700.274, 0
700.38, 0
700.49, 0
700.596, 0
700.706, 0
700.812, 0
700.921, 0
701.031, 0
701.137, 0
701.241, 0
701.35, 0
701.457, 0
701.566, 0
701.675, 0
701.785, 0
701.894, 0
702, 0
702.107, 0
702.213, 0
702.323, 0
702.432, 0
702.541, 0
702.65, 0
702.757, 0
702.866, 0
702.976, 0
703.085, 0
703.191, 0
703.301, 0
703.41, 0
703.516, 0
703.626, 0
703.735, 0
703.844, 0
703.954, 0
704.06, 0
704.167, 0
704.276, 0
704.385, 0
704.492, 0
704.598, 0
704.708, 0
704.817, 0
704.926, 0
705.03, 0
705.139, 0
705.249, 0
705.358, 0
705.462, 0
705.568, 0
705.68, 0
705.789, 0
705.896, 0
706.002, 0
706.109, 0
706.216, 0
706.325, 0
706.434, 0
706.541, 0
706.653, 0
706.762, 0
706.871, 0
706.98, 0
707.087, 0
707.196, 0
707.305, 0
707.415, 0
707.524, 0
707.631, 0
707.74, 0
707.849, 0
707.956, 0
708.059, 0
708.169, 0
708.278, 0
708.387, 0
708.494, 0
708.603, 0
708.712, 0
708.819, 0
708.923, 0
709.032, 0
709.139, 0
709.245, 0
709.357, 0
709.466, 0
709.576, 0
709.682, 0
709.789, 0
709.896, 0
710.005, 0
710.114, 0
710.22, 0
710.33, 0
710.439, 0
710.548, 0
710.657, 0
710.767, 0
710.876, 0
710.982, 0
711.092, 0
711.201, 0
711.31, 0
711.417, 0
711.526, 0
711.636, 0
711.745, 0
711.849, 0
711.955, 0
712.064, 0
712.174, 0
712.281, 0
712.387, 0
712.499, 0
712.608, 0
712.714, 0
712.818, 0
712.928, 0
713.034, 0
713.143, 0
713.253, 0
713.362, 0
713.471, 0
713.578, 0
713.684, 0
713.791, 0
713.9, 0
714.01, 0
714.119, 0
714.228, 0
714.334, 0
714.444, 0
714.553, 0
714.662, 0
714.769, 0
714.878, 0
714.987, 0
715.094, 0
715.198, 0
715.307, 0
715.416, 0
715.526, 0
715.632, 0
715.742, 0
715.851, 0
715.96, 0
716.069, 0
716.179, 0
716.288, 0
716.395, 0
716.501, 0
716.607, 0
716.714, 0
716.821, 0
716.93, 0
717.039, 0
717.148, 0
717.258, 0
717.367, 0
717.471, 0
717.58, 0
717.687, 0
717.796, 0
717.905, 0
718.014, 0
718.124, 0
718.23, 0
718.339, 0
718.449, 0
718.558, 0
718.664, 0
718.774, 0
718.883, 0
718.99, 0
719.093, 0
719.203, 0
719.312, 0
719.421, 0
719.528, 0
719.637, 0
719.746, 0
719.853, 0
719.962, 0
720.071, 0
720.178, 0
720.29, 0
720.396, 0
720.503, 0
720.609, 0
720.714, 0
720.825, 0
720.935, 0
721.044, 0
721.153, 0
721.26, 0
721.366, 0
721.476, 0
721.58, 0
721.689, 0
721.798, 0
721.907, 0
722.016, 0
722.126, 0
722.235, 0
722.344, 0
722.451, 0
722.56, 0
722.669, 0
722.778, 0
722.888, 0
722.994, 0
723.104, 0
723.213, 0
723.32, 0
723.426, 0
723.533, 0
723.642, 0
723.751, 0
723.858, 0
723.967, 0
724.076, 0
724.186, 0
724.289, 0
724.399, 0
724.508, 0
724.614, 0
724.721, 0
724.828, 0
724.939, 0
725.049, 0
725.155, 0
725.262, 0
725.368, 0
725.478, 0
725.587, 0
725.693, 0
725.803, 0
725.912, 0
726.018, 0
726.125, 0
726.231, 0
726.341, 0
726.45, 0
726.559, 0
726.669, 0
726.775, 0
726.884, 0
726.994, 0
727.103, 0
727.21, 0
727.319, 0
727.428, 0
727.535, 0
727.644, 0
727.753, 0
727.862, 0
727.972, 0
728.078, 0
728.185, 0
728.291, 0
728.401, 0
728.51, 0
728.616, 0
728.726, 0
728.835, 0
728.942, 0
729.048, 0
729.155, 0
729.264, 0
729.371, 0
729.482, 0
729.592, 0
729.701, 0
729.808, 0
729.917, 0
730.024, 0
730.13, 0
730.237, 0
730.346, 0
730.455, 0
730.564, 0
730.671, 0
730.78, 0
730.889, 0
730.999, 0
731.105, 0
731.214, 0
731.324, 0
731.43, 0
731.54, 0
731.646, 0
731.758, 0
731.867, 0
731.971, 0
732.08, 0
732.19, 0
732.299, 0
732.406, 0
732.515, 0
732.624, 0
732.733, 0
732.842, 0
732.949, 0
733.058, 0
733.165, 0
733.269, 0
733.375, 0
733.485, 0
733.594, 0
733.7, 0
733.807, 0
733.916, 0
734.02, 0
734.129, 0
734.238, 0
734.348, 0
734.457, 0
734.566, 0
734.675, 0
734.785, 0
734.891, 0
735.001, 0
735.11, 0
735.216, 0
735.323, 0
735.435, 0
735.544, 0
735.654, 0
735.76, 0
735.867, 0
735.973, 0
736.082, 0
736.192, 0
736.298, 0
736.408, 0
736.517, 0
736.626, 0
736.73, 0
736.839, 0
736.946, 0
737.055, 0
737.162, 0
737.268, 0
737.38, 0
737.489, 0
737.596, 0
737.703, 0
737.812, 0
737.918, 0
738.025, 0
738.134, 0
738.243, 0
738.353, 0
738.462, 0
738.571, 0
738.68, 0
738.787, 0
738.896, 0
739.005, 0
739.112, 0
739.221, 0
739.33, 0
739.44, 0
739.549, 0
739.653, 0
739.762, 0
739.869, 0
739.978, 0
740.087, 0
740.194, 0
740.303, 0
740.412, 0
740.519, 0
740.625, 0
740.732, 0
740.841, 0
740.951, 0
741.057, 0
741.166, 0
741.276, 0
741.382, 0
741.489, 0
741.595, 0
741.704, 0
741.811, 0
741.923, 0
742.032, 0
742.141, 0
742.248, 0
742.357, 0
742.467, 0
742.576, 0
742.682, 0
742.792, 0
742.898, 0
743.008, 0
743.117, 0
743.226, 0
743.335, 0
743.445, 0
743.548, 0
743.658, 0
743.764, 0
743.874, 0
743.98, 0
744.087, 0
744.199, 0
744.308, 0
744.414, 0
744.521, 0
744.628, 0
744.737, 0
744.846, 0
744.953, 0
745.062, 0
745.171, 0
745.28, 0
745.39, 0
745.493, 0
745.603, 0
745.707, 0
745.816, 0
745.925, 0
746.034, 0
746.144, 0
746.253, 0
746.362, 0
746.469, 0
746.578, 0
746.687, 0
746.796, 0
746.906, 0
747.012, 0
747.122, 0
747.231, 0
747.337, 0
747.444, 0
747.553, 0
747.657, 0
747.764, 0
747.876, 0
747.985, 0
748.094, 0
748.201, 0
748.307, 0
748.414, 0
748.523, 0
748.63, 0
748.742, 0
748.851, 0
748.96, 0
749.067, 0
749.176, 0
749.283, 0
749.389, 0
749.496, 0
749.605, 0
749.714, 0
749.823, 0
749.93, 0
750.039, 0
750.148, 0
750.258, 0
750.364, 0
750.473, 0
750.583, 0
750.69, 0
750.799, 0
750.905, 0
751.017, 0
751.126, 0
751.23, 0
751.34, 0
751.449, 0
751.558, 0
751.665, 0
751.772, 0
751.883, 0
751.993, 0
752.102, 0
752.208, 0
752.318, 0
752.424, 0
752.528, 0
752.634, 0
752.744, 0
752.853, 0
752.959, 0
753.066, 0
753.175, 0
753.279, 0
753.388, 0
753.498, 0
753.607, 0
753.716, 0
753.825, 0
753.935, 0
754.044, 0
754.15, 0
754.26, 0
754.369, 0
754.476, 0
754.583, 0
754.694, 0
754.803, 0
754.913, 0
755.02, 0
755.126, 0
755.233, 0
755.342, 0
755.451, 0
755.557, 0
755.667, 0
755.776, 0
755.885, 0
755.989, 0
756.098, 0
756.205, 0
756.314, 0
756.421, 0
756.527, 0
756.639, 0
756.749, 0
756.855, 0
756.962, 0
757.071, 0
757.175, 0
757.284, 0
757.393, 0
757.5, 0
757.606, 0
757.716, 0
757.825, 0
757.931, 0
758.041, 0
758.15, 0
758.259, 0
758.366, 0
758.475, 0
758.584, 0
758.694, 0
758.803, 0
758.91, 0
759.019, 0
759.128, 0
759.232, 0
759.344, 0
759.453, 0
759.562, 0
759.671, 0
759.778, 0
759.885, 0
759.991, 0
760.098, 0
760.207, 0
760.316, 0
760.425, 0
760.535, 0
760.642, 0
760.748, 0
760.855, 0
760.964, 0
761.071, 0
761.182, 0
761.292, 0
761.401, 0
761.507, 0
761.617, 0
761.726, 0
761.835, 0
761.942, 0
762.051, 0
762.158, 0
