time,phaseCurrent
0.318, 0
0.425, 0
0.531, 0
0.638, 0
0.747, 0
0.854, 0
0.963, 0
1.072, 0
1.181, 0
1.29, 0
1.4, 0
1.509, 0
1.618, 0
1.724, 0
1.834, 0
1.943, 0
2.053, 0
2.159, 0
2.268, 0
2.377, 0
2.487, 0
2.59, 0
2.697, 0
2.806, 0
2.913, 0
3.022, 0
3.129, 0
3.24, 0
3.35, 0
3.456, 0
3.563, 0
3.669, 0
3.779, 0
3.888, 0
3.994, 0
4.103, 0
4.213, 0
4.319, 0
4.426, 0
4.532, 0
4.642, 0
4.751, 0
4.857, 0
4.967, 0
5.076, 0
5.185, 0
5.294, 0
5.404, 0
5.51, 0
5.619, 0
5.729, 0
5.838, 0
5.947, 0
6.054, 0
6.163, 0
6.272, 0
6.379, 0
6.483, 0
6.592, 0
6.698, 0
6.805, 0
6.917, 0
7.026, 0
7.135, 0
7.242, 0
7.348, 0
7.455, 0
7.564, 0
7.673, 0
7.78, 0
7.889, 0
7.998, 0
8.108, 0
8.211, 0
8.321, 0
8.427, 0
8.534, 0
8.643, 0
8.75, 0
8.856, 0
8.965, 0
9.074, 0
9.184, 0
9.29, 0
9.397, 0
9.506, 0
9.615, 0
9.722, 0
9.828, 0
9.935, 0
10.042, 0
10.148, 0
10.257, 0
10.369, 0
10.478, 0
10.585, 0
10.688, 0
10.798, 0
10.902, 0
11.008, 0
11.115, 0
11.221, 0
11.33, 0
11.435, 0
11.541, 0
11.653, 0
11.762, 0
11.871, 0
11.978, 0
12.085, 0
12.193, 0
12.3, 0
12.407, 0
12.516, 0
12.625, 0
12.734, 0
12.844, 0
12.953, 0
13.062, 0
13.171, 0
13.278, 0
13.387, 0
13.496, 0
13.606, 0
13.712, 0
13.821, 0
13.931, 0
14.04, 0
14.144, 0
14.25, 0
14.359, 0
14.466, 0
14.575, 0
14.682, 0
14.794, 0
14.903, 0
15.009, 0
15.116, 0
15.223, 0
15.332, 0
15.441, 0
15.547, 0
15.657, 0
15.766, 0
15.872, 0
15.979, 0
16.085, 0
16.195, 0
16.304, 0
16.411, 0
16.52, 0
16.629, 0
16.738, 0
16.848, 0
16.957, 0
17.064, 0
17.173, 0
17.282, 0
17.391, 0
17.501, 0
17.607, 0
17.716, 0
17.825, 0
17.932, 0
18.036, 0
18.145, 0
18.252, 0
18.361, 0
18.47, 0
18.579, 0
18.688, 0
18.795, 0
18.902, 0
19.008, 0
19.117, 0
19.227, 0
19.333, 0
19.442, 0
19.551, 0
19.661, 0
19.765, 0
19.874, 0
19.98, 0
20.09, 0
20.196, 0
20.303, 0
20.415, 0
20.524, 0
20.633, 0
20.742, 0
20.852, 0
20.958, 0
21.067, 0
21.177, 0
21.286, 0
21.393, 0
21.502, 0
21.611, 0
21.72, 0
21.827, 0
21.93, 0
22.04, 0
22.146, 0
22.255, 0
22.365, 0
22.474, 0
22.583, 0
22.69, 0
22.796, 0
22.903, 0
23.012, 0
23.122, 0
23.228, 0
23.337, 0
23.446, 0
23.553, 0
23.659, 0
23.766, 0
23.875, 0
23.984, 0
24.091, 0
24.2, 0
24.309, 0
24.419, 0
24.528, 0
24.637, 0
24.744, 0
24.853, 0
24.962, 0
25.069, 0
25.181, 0
25.287, 0
25.396, 0
25.506, 0
25.612, 0
25.719, 0
25.825, 0
25.932, 0
26.041, 0
26.15, 0
26.259, 0
26.369, 0
26.478, 0
26.582, 0
26.691, 0
26.798, 0
26.907, 0
27.014, 0
27.12, 0
27.232, 0
27.341, 0
27.45, 0
27.56, 0
27.669, 0
27.775, 0
27.885, 0
27.994, 0
28.101, 0
28.204, 0
28.313, 0
28.423, 0
28.532, 0
28.639, 0
28.748, 0
28.857, 0
28.964, 0
29.073, 0
29.182, 0
29.289, 0
29.4, 0
29.507, 0
29.613, 0
29.723, 0
29.832, 0
29.939, 0
30.045, 0
30.154, 0
30.264, 0
30.37, 0
30.474, 0
30.583, 0
30.69, 0
30.799, 0
30.908, 0
31.017, 0
31.127, 0
31.233, 0
31.34, 0
31.449, 0
31.555, 0
31.662, 0
31.771, 0
31.88, 0
31.99, 0
32.099, 0
32.208, 0
32.317, 0
32.427, 0
32.533, 0
32.643, 0
32.752, 0
32.861, 0
32.967, 0
33.077, 0
33.186, 0
33.295, 0
33.399, 0
33.506, 0
33.615, 0
33.722, 0
33.831, 0
33.94, 0
34.049, 0
34.158, 0
34.265, 0
34.369, 0
34.478, 0
34.585, 0
34.694, 0
34.803, 0
34.912, 0
35.021, 0
35.128, 0
35.234, 0
35.344, 0
35.45, 0
35.557, 0
35.666, 0
35.775, 0
35.884, 0
35.994, 0
36.103, 0
36.212, 0
36.319, 0
36.428, 0
36.537, 0
36.647, 0
36.756, 0
36.862, 0
36.971, 0
37.081, 0
37.187, 0
37.291, 0
37.4, 0
37.507, 0
37.614, 0
37.726, 0
37.835, 0
37.944, 0
38.051, 0
38.157, 0
38.264, 0
38.373, 0
38.482, 0
38.588, 0
38.698, 0
38.807, 0
38.916, 0
39.02, 0
39.129, 0
39.236, 0
39.342, 0
39.452, 0
39.558, 0
39.67, 0
39.779, 0
39.888, 0
39.998, 0
40.107, 0
40.213, 0
40.323, 0
40.432, 0
40.541, 0
40.648, 0
40.757, 0
40.866, 0
40.976, 0
41.082, 0
41.186, 0
41.295, 0
41.402, 0
41.511, 0
41.62, 0
41.729, 0
41.839, 0
41.945, 0
42.052, 0
42.158, 0
42.267, 0
42.377, 0
42.483, 0
42.592, 0
42.702, 0
42.808, 0
42.915, 0
43.024, 0
43.128, 0
43.235, 0
43.346, 0
43.455, 0
43.565, 0
43.674, 0
43.783, 0
43.893, 0
43.999, 0
44.108, 0
44.217, 0
44.324, 0
44.436, 0
44.543, 0
44.652, 0
44.761, 0
44.868, 0
44.974, 0
45.081, 0
45.187, 0
45.296, 0
45.406, 0
45.515, 0
45.624, 0
45.733, 0
45.837, 0
45.947, 0
46.053, 0
46.162, 0
46.269, 0
46.375, 0
46.487, 0
46.596, 0
46.703, 0
46.809, 0
46.916, 0
47.026, 0
47.134, 0
47.241, 0
47.35, 0
47.46, 0
47.569, 0
47.678, 0
47.787, 0
47.894, 0
48.003, 0
48.112, 0
48.222, 0
48.331, 0
48.437, 0
48.547, 0
48.656, 0
48.762, 0
48.866, 0
48.975, 0
49.082, 0
49.191, 0
49.3, 0
49.41, 0
49.519, 0
49.625, 0
49.729, 0
49.838, 0
49.945, 0
50.054, 0
50.164, 0
50.273, 0
50.382, 0
50.489, 0
50.595, 0
50.704, 0
50.811, 0
50.918, 0
51.027, 0
51.136, 0
51.245, 0
51.354, 0
51.464, 0
51.573, 0
51.682, 0
51.788, 0
51.898, 0
52.007, 0
52.117, 0
52.223, 0
52.332, 0
52.441, 0
52.551, 0
52.654, 0
52.761, 0
52.87, 0
52.977, 0
53.086, 0
53.195, 0
53.304, 0
53.414, 0
53.52, 0
53.624, 0
53.733, 0
53.842, 480
53.951, 730
54.06, 655
54.167, 883
54.279, 966
54.388, 981
54.498, 981
54.607, 1022
54.717, 1087
54.823, 1156
54.935, 1172
55.044, 1175
55.154, 1166
55.26, 1184
55.37, 1203
55.481, 1224
55.591, 1165
55.7, 1165
55.81, 1094
55.919, 1066
56.028, 993
56.137, 922
56.247, 877
56.356, 859
56.462, 878
56.569, 944
56.675, 1022
56.785, 1114
56.892, 1240
56.998, 1578
57.104, 2009
57.214, 2278
57.323, 2485
57.433, 2520
57.542, 2578
57.651, 2606
57.76, 2680
57.87, 2620
57.976, 2713
58.067, 2712
58.176, 2747
58.286, 2844
58.392, 3057
58.499, 3248
58.603, 3578
58.713, 3772
58.819, 4006
58.926, 4352
59.035, 4551
59.144, 4711
59.254, 3757
59.363, 2900
59.472, 2686
59.582, 2002
59.691, 1651
59.8, 1566
59.91, 1440
60.016, 1347
60.126, 511
60.235, 83
60.339, 47
60.446, 27
60.555, 30
60.665, 911
60.771, 2360
60.877, 3016
60.985, 3364
61.088, 3596
61.197, 2314
61.304, 699
61.412, 119
61.521, 26
61.63, 22
61.737, 465
61.846, 2100
61.956, 2739
62.063, 3038
62.169, 3271
62.278, 3277
62.387, 1389
62.494, 378
62.601, 62
62.712, 49
62.819, 20
62.926, 1331
63.035, 3331
63.142, 4443
63.249, 5008
63.358, 5162
63.468, 4907
63.574, 2167
63.68, 595
63.787, 121
63.893, 37
64.002, 40
64.106, 203
64.197, 2670
64.303, 4974
64.41, 5306
64.519, 5561
64.626, 5343
64.732, 2235
64.84, 694
64.946, 131
65.055, 23
65.164, 34
65.271, 120
65.375, 2885
65.466, 4815
65.575, 5211
65.681, 5189
65.772, 5154
65.878, 2402
65.99, 646
66.096, 124
66.201, 8
66.307, 24
66.414, 35
66.523, 28
66.629, 35
66.739, 100
66.846, 662
66.952, 800
67.059, 1994
67.168, 1003
67.275, 221
67.384, 28
67.493, 44
67.597, 22
67.706, 13
67.813, 20
67.919, 29
68.026, 632
68.13, 2292
68.239, 2611
68.348, 2622
68.456, 2933
68.565, 3768
68.674, 4880
68.783, 5252
68.89, 5665
68.996, 5651
69.106, 5838
69.215, 5595
69.322, 5512
69.433, 5432
69.543, 5349
69.652, 5220
69.758, 5240
69.865, 5191
69.976, 5276
70.085, 5057
70.194, 5051
70.303, 5095
70.413, 5310
70.522, 6390
70.632, 6357
70.738, 6307
70.845, 6391
70.954, 6263
71.063, 5879
71.172, 5523
71.281, 4841
71.389, 4358
71.498, 3361
71.605, 3160
71.714, 2754
71.824, 2143
71.935, 1752
72.044, 1607
72.151, 1319
72.261, 1094
72.37, 1001
72.479, 885
72.588, 897
72.7, 807
72.807, 725
72.918, 644
73.009, 771
73.118, 745
73.225, 743
73.334, 715
73.438, 841
73.547, 708
73.659, 757
73.768, 779
73.877, 871
73.981, 850
74.091, 848
74.197, 867
74.307, 861
74.413, 846
74.52, 806
74.629, 897
74.72, 883
74.829, 844
74.938, 847
75.048, 822
75.158, 914
75.267, 804
75.373, 848
75.482, 861
75.586, 836
75.693, 887
75.802, 867
75.912, 893
76.018, 844
76.125, 864
76.232, 764
76.341, 829
76.45, 829
76.541, 841
76.647, 834
76.738, 758
76.846, 886
76.95, 774
77.057, 807
77.166, 806
77.278, 774
77.384, 822
77.489, 762
77.595, 820
77.702, 774
77.814, 794
77.921, 813
78.029, 830
78.136, 747
78.243, 863
78.355, 800
78.461, 833
78.57, 760
78.677, 827
78.789, 870
78.898, 885
79.007, 785
79.114, 929
79.223, 834
79.33, 823
79.431, 797
79.543, 819
79.652, 885
79.762, 841
79.873, 814
79.983, 741
80.089, 758
80.199, 645
80.31, 692
80.42, 649
80.53, 583
80.636, 1012
80.74, 793
80.852, 749
80.958, 810
81.062, 849
81.169, 851
81.279, 863
81.388, 871
81.497, 931
81.606, 857
81.713, 927
81.825, 827
81.935, 773
82.041, 790
82.15, 595
82.257, 146
82.363, 8
82.473, 32
82.576, 14
82.683, 21
82.792, 16
82.9, 17
83.011, 13
83.118, 47
83.23, 27
83.339, 20
83.449, 31
83.558, 31
83.667, 16
83.777, 49
83.883, 8
83.995, 8
84.107, 8
84.213, 0
84.323, 31
84.426, 47
84.533, 20
84.639, 1004
84.749, 1966
84.861, 2640
84.973, 3296
85.077, 3802
85.17, 3923
85.276, 4154
85.367, 4107
85.476, 3828
85.583, 3437
85.692, 2827
85.798, 2619
85.908, 2732
86.015, 2633
86.126, 2401
86.232, 2114
86.323, 1919
86.432, 1701
86.544, 1646
86.653, 1445
86.76, 1421
86.87, 1261
86.979, 1229
87.088, 1206
87.198, 1295
87.307, 1400
87.413, 1493
87.517, 1501
87.627, 1663
87.739, 1596
87.848, 1453
87.957, 1351
88.069, 1394
88.178, 1260
88.269, 1165
88.38, 1206
88.489, 1046
88.58, 969
88.686, 994
88.798, 1034
88.91, 1114
89.017, 1032
89.126, 1042
89.233, 954
89.339, 1003
89.449, 1015
89.561, 943
89.671, 903
89.78, 926
89.889, 1025
90.001, 975
90.107, 926
90.217, 941
90.327, 1003
90.433, 775
90.539, 839
90.643, 783
90.747, 679
90.856, 870
90.963, 742
91.072, 682
91.181, 651
91.293, 590
91.405, 815
91.515, 761
91.621, 834
91.728, 723
91.834, 942
91.941, 776
92.05, 752
92.16, 817
92.27, 865
92.379, 745
92.488, 831
92.598, 802
92.704, 874
92.814, 779
92.925, 843
93.035, 852
93.141, 749
93.248, 752
93.357, 768
93.467, 6135
93.573, 6257
93.679, 4431
93.788, 3429
93.895, 4221
94.007, 5033
94.114, 5574
94.221, 6206
94.327, 5974
94.439, 5657
94.545, 5657
94.65, 5744
94.761, 5422
94.871, 5760
94.977, 5529
95.087, 5843
95.198, 5150
95.307, 5686
95.414, 5996
95.521, 5052
95.63, 5515
95.739, 5595
95.851, 5780
95.96, 5762
96.067, 6090
96.177, 5339
96.286, 5650
96.395, 5024
96.499, 3405
96.605, 1150
96.712, 327
96.821, 1086
96.933, 1558
97.045, 1761
97.155, 2019
97.261, 2369
97.368, 2282
97.474, 2217
97.565, 2043
97.674, 1805
97.78, 1754
97.887, 1619
97.996, 1493
98.106, 2127
98.214, 2366
98.325, 2781
98.432, 3282
98.536, 3357
98.645, 3662
98.749, 4092
98.855, 4076
98.965, 4836
99.071, 4885
99.175, 4620
99.286, 4527
99.396, 4961
99.505, 4832
99.615, 4975
99.724, 4595
99.834, 5012
99.943, 5124
100.034, 4832
100.14, 4865
100.246, 5155
100.337, 4634
100.443, 4184
100.555, 1354
100.661, 559
100.768, 45
100.872, 60
100.979, 24
101.088, 21
101.195, 42
101.304, 43
101.411, 83
101.517, 24
101.624, 8
101.735, 16
101.842, 28
101.946, 57
102.055, 27
102.167, 8
102.273, 21
102.38, 8
102.489, 49
102.596, 44
102.705, 8
102.815, 28
102.921, 22
103.031, 22
103.142, 8
103.246, 17
103.353, 28
103.459, 45
103.571, 31
103.673, 41
103.779, 42
103.886, 8
103.992, 83
104.102, 13
104.194, 69
104.303, 24
104.41, 24
104.525, 24
104.634, 40
104.744, 8
104.836, 29
104.945, 16
105.052, 31
105.161, 25
105.268, 27
105.374, 36
105.484, 14
105.593, 16
105.7, 21
105.806, 52
105.913, 605
106.017, 909
106.126, 1022
106.232, 1220
106.34, 1438
106.449, 1385
106.558, 875
106.665, 409
106.769, 107
106.878, 13
106.987, 8
107.096, 0
107.205, 35
107.315, 13
107.425, 133
107.531, 1024
107.643, 1546
107.75, 1891
107.859, 2073
107.966, 2443
108.072, 2635
108.182, 2789
108.288, 3021
108.397, 3213
108.488, 3367
108.597, 3412
108.704, 3898
108.814, 4239
108.924, 4706
109.03, 4890
109.143, 5339
109.252, 5259
109.361, 5319
109.471, 5280
109.577, 5655
109.686, 5518
109.795, 5818
109.902, 5447
110.011, 3198
110.118, 1029
110.228, 263
110.337, 73
110.441, 44
110.552, 8
110.662, 47
110.768, 31
110.878, 40
110.984, 28
111.094, 28
111.202, 27
111.312, 24
111.418, 27
111.523, 15
111.631, 57
111.744, 29
111.85, 57
111.941, 28
112.047, 21
112.156, 21
112.263, 55
112.372, 27
112.482, 16
112.588, 39
112.695, 49
112.801, 28
112.911, 42
113.02, 40
113.126, 27
113.232, 20
113.339, 539
113.446, 1464
113.558, 1986
113.664, 2373
113.771, 3144
113.878, 3912
113.984, 4279
114.091, 4688
114.2, 4783
114.304, 5140
114.413, 5245
114.52, 5671
114.629, 5772
114.741, 6036
114.853, 5801
114.963, 6062
115.074, 6321
115.181, 5743
115.29, 6254
115.397, 5870
115.504, 6068
115.613, 5882
115.722, 5889
115.832, 6043
115.938, 5739
116.042, 5633
116.154, 5853
116.264, 5854
116.37, 6027
116.479, 5578
116.589, 5471
116.7, 5935
116.81, 5722
116.916, 5795
117.031, 5786
117.143, 5725
117.25, 5776
117.362, 5756
117.472, 5336
117.581, 5754
117.688, 5318
117.797, 5483
117.909, 5604
118.016, 5008
118.125, 4962
118.234, 5197
118.341, 5146
118.448, 5450
118.554, 5229
118.661, 5134
118.773, 4708
118.885, 5380
118.997, 4974
119.106, 4846
119.212, 4501
119.316, 4478
119.425, 4764
119.532, 4945
119.641, 4728
119.751, 4293
119.859, 4613
119.97, 4413
120.079, 4384
120.189, 4404
120.295, 4518
120.405, 4105
120.511, 4375
120.621, 3518
120.727, 3984
120.818, 3794
120.929, 3382
121.038, 3376
121.148, 3272
121.257, 2990
121.361, 3231
121.47, 3631
121.572, 3950
121.678, 4646
121.785, 4138
121.894, 4139
122.003, 4275
122.113, 3999
122.222, 3904
122.331, 4178
122.441, 4276
122.547, 3895
122.654, 4059
122.763, 4027
122.872, 3859
122.976, 3789
123.088, 3911
123.2, 4496
123.309, 4489
123.416, 3999
123.522, 3665
123.629, 3716
123.738, 4252
123.85, 3831
123.957, 3652
124.063, 3411
124.171, 3288
124.282, 3952
124.389, 4064
124.493, 3547
124.602, 3967
124.711, 4119
124.82, 4093
124.93, 3669
125.039, 3991
125.146, 3885
125.252, 3867
125.359, 4124
125.468, 3181
125.575, 3600
125.687, 3473
125.794, 3941
125.9, 3595
126.006, 3666
126.118, 3863
126.225, 3308
126.334, 3695
126.443, 3270
126.555, 3258
126.665, 3067
126.774, 3581
126.883, 3523
126.995, 2765
127.105, 3345
127.208, 3617
127.318, 3345
127.427, 3074
127.518, 2683
127.627, 3091
127.733, 2881
127.842, 2775
127.952, 3019
128.064, 2852
128.173, 2855
128.28, 3214
128.387, 2702
128.496, 2688
128.605, 2157
128.712, 1474
128.819, 1437
128.93, 1437
129.021, 1314
129.13, 1267
129.237, 1213
129.349, 1119
129.455, 1355
129.564, 1375
129.671, 1285
129.782, 1442
129.888, 1503
130, 1433
130.109, 1558
130.218, 1472
130.328, 1393
130.434, 1498
130.541, 1473
130.647, 1524
130.738, 1698
130.844, 1902
130.953, 1876
131.065, 1686
131.174, 1984
131.286, 2016
131.395, 2201
131.502, 2523
131.611, 2521
131.721, 2451
131.827, 2610
131.934, 2839
132.041, 2610
132.153, 2676
132.262, 2483
132.372, 2185
132.48, 2113
132.587, 2156
132.7, 2267
132.806, 2448
132.915, 2139
133.022, 1509
133.128, 547
133.237, 76
133.344, 58
133.453, 24
133.563, 57
133.672, 45
133.778, 76
133.885, 64
133.995, 70
134.107, 48
134.216, 42
134.325, 34
134.434, 21
134.546, 16
134.656, 40
134.765, 48
134.858, 29
134.967, 8
135.077, 42
135.186, 35
135.295, 29
135.402, 22
135.508, 21
135.615, 28
135.727, 7
135.833, 21
135.946, 34
136.055, 43
136.164, 36
136.27, 64
136.383, 34
136.487, 47
136.596, 34
136.708, 69
136.817, 44
136.923, 17
137.014, 21
137.126, 36
137.235, 8
137.342, 0
137.451, 43
137.558, 13
137.661, 22
137.771, 20
137.88, 24
137.99, 31
138.099, 24
138.206, 35
138.312, 59
138.419, 385
138.525, 883
138.632, 1032
138.738, 1244
138.847, 1317
138.954, 1464
139.06, 1862
139.17, 2340
139.279, 2801
139.386, 3166
139.497, 3830
139.604, 4421
139.716, 4569
139.82, 4450
139.929, 4475
140.036, 4310
140.148, 4156
140.257, 4088
140.366, 4296
140.476, 4015
140.582, 4034
140.686, 4240
140.795, 4123
140.902, 4534
141.008, 4615
141.115, 4711
141.224, 4223
141.33, 4397
141.44, 4387
141.546, 4384
141.656, 4410
141.765, 4874
141.874, 4315
141.978, 4537
142.085, 5086
142.191, 5218
142.298, 5357
142.407, 5726
142.517, 5353
142.623, 5363
142.732, 4950
142.839, 5240
142.948, 5238
143.055, 5482
143.164, 5065
143.271, 5172
143.377, 5150
143.484, 4861
143.591, 5198
143.698, 4888
143.81, 5302
143.916, 4505
144.02, 5009
144.129, 5171
144.241, 4884
144.348, 4498
144.457, 4516
144.566, 4628
144.673, 5063
144.783, 4629
144.892, 4359
145.002, 4862
145.108, 4430
145.219, 4653
145.328, 4452
145.437, 4412
145.544, 4360
145.65, 4583
145.762, 4515
145.869, 4156
145.978, 4238
146.085, 4572
146.192, 4039
146.301, 3780
146.411, 3940
146.517, 3733
146.621, 4058
146.73, 3692
146.84, 3624
146.943, 3658
147.053, 3473
147.162, 3738
147.266, 3514
147.375, 3403
147.482, 3187
147.597, 3222
147.701, 3274
147.807, 3333
147.914, 3584
148.02, 3231
148.131, 2938
148.237, 3696
148.343, 3365
148.45, 3392
148.559, 3085
148.668, 2961
148.777, 3240
148.868, 3097
148.974, 3056
149.084, 2946
149.19, 2885
149.3, 2521
149.409, 2584
149.516, 2456
149.625, 2495
149.737, 2347
149.846, 2755
149.955, 2263
150.062, 1620
150.172, 968
150.278, 971
150.388, 799
150.498, 748
150.604, 537
150.695, 836
150.804, 873
150.913, 1163
151.019, 1414
151.129, 1327
151.238, 1567
151.345, 1648
151.454, 1780
151.558, 1590
151.664, 1679
151.774, 1457
151.88, 1420
151.982, 1462
152.088, 1592
152.195, 1916
152.309, 1829
152.416, 1825
152.528, 2145
152.635, 1937
152.741, 1267
152.849, 501
152.959, 179
153.069, 24
153.178, 36
153.284, 55
153.391, 28
153.501, 22
153.608, 28
153.72, 48
153.829, 28
153.938, 7
154.048, 62
154.154, 40
154.263, 24
154.37, 8
154.477, 21
154.588, 55
154.695, 7
154.804, 36
154.911, 8
155.02, 49
155.127, 8
155.23, 74
155.337, 21
155.443, 41
155.55, 21
155.657, 32
155.763, 22
155.873, 40
155.982, 47
156.091, 41
156.202, 7
156.31, 16
156.414, 33
156.521, 21
156.633, 7
156.742, 44
156.851, 28
156.961, 44
157.067, 14
157.171, 28
157.28, 21
157.387, 8
157.496, 14
157.605, 13
157.715, 57
157.824, 95
157.931, 329
158.04, 190
158.144, 462
158.256, 803
158.363, 874
158.475, 1010
158.584, 1291
158.693, 2011
158.797, 3388
158.908, 4613
159.018, 5175
159.125, 6343
159.234, 6079
159.341, 5735
159.451, 6024
159.56, 6222
159.669, 6010
159.773, 5946
159.866, 5523
159.976, 5769
160.083, 5911
160.195, 5510
160.304, 5706
160.411, 5850
160.523, 5662
160.635, 5730
160.744, 5643
160.856, 5755
160.963, 5754
161.072, 5500
161.179, 5619
161.285, 5853
161.394, 5809
161.498, 5565
161.605, 5463
161.715, 5034
161.821, 5257
161.928, 5452
162.037, 5284
162.144, 5109
162.25, 5484
162.36, 5213
162.466, 4822
162.576, 5176
162.685, 4957
162.792, 5368
162.901, 5401
163.008, 5582
163.114, 4926
163.221, 4892
163.324, 5064
163.428, 4986
163.519, 5136
163.63, 4974
163.74, 4745
163.849, 5175
163.958, 5320
164.067, 4828
164.172, 4724
164.281, 4554
164.39, 4757
164.494, 4670
164.606, 5097
164.712, 4827
164.816, 4890
164.925, 4359
165.032, 4735
165.139, 4332
165.251, 4474
165.357, 4370
165.461, 4535
165.573, 4522
165.682, 4308
165.791, 1696
165.902, 531
166.008, 158
166.115, 68
166.222, 113
166.333, 22
166.44, 74
166.546, 32
166.656, 13
166.765, 35
166.875, 42
166.984, 48
167.091, 64
167.2, 21
167.307, 34
167.416, 8
167.526, 52
167.635, 15
167.743, 16
167.854, 23
167.961, 30
168.068, 62
168.175, 35
168.286, 49
168.393, 16
168.497, 47
168.603, 69
168.713, 16
168.824, 16
168.934, 16
169.043, 25
169.152, 54
169.259, 35
169.368, 42
169.477, 14
169.584, 48
169.694, 30
169.8, 8
169.906, 7
170.016, 56
170.125, 15
170.229, 16
170.338, 24
170.447, 115
170.554, 214
170.66, 254
170.77, 364
170.876, 486
170.983, 570
171.093, 672
171.199, 921
171.309, 1263
171.417, 1532
171.526, 1783
171.636, 2119
171.743, 2149
171.852, 2186
171.958, 2227
172.065, 2177
172.176, 2174
172.286, 2213
172.392, 2122
172.498, 2138
172.605, 2317
172.709, 2287
172.815, 2180
172.927, 2284
173.039, 2219
173.148, 2140
173.239, 2325
173.345, 2334
173.454, 2159
173.562, 2213
173.668, 2176
173.777, 2261
173.887, 2223
173.993, 2350
174.084, 2316
174.19, 2212
174.297, 2307
174.406, 2215
174.516, 2263
174.622, 2369
174.729, 2344
174.838, 2222
174.947, 2282
175.057, 2399
175.161, 2283
175.27, 2392
175.379, 2355
175.489, 2248
175.595, 2401
175.699, 2410
175.811, 2338
175.918, 2387
176.024, 2423
176.136, 2464
176.245, 2391
176.352, 2513
176.461, 2524
176.568, 2454
176.677, 2439
176.781, 2408
176.887, 2540
176.996, 2493
177.103, 2398
177.205, 2534
177.311, 2468
177.423, 2675
177.529, 2733
177.641, 2628
177.75, 2647
177.86, 2615
177.969, 2748
178.078, 2780
178.185, 2785
178.291, 2657
178.396, 2693
178.502, 2777
178.611, 2718
178.72, 2839
178.827, 2616
178.933, 2769
179.043, 2685
179.147, 2711
179.253, 2600
179.36, 2570
179.472, 2893
179.578, 2799
179.685, 2757
179.791, 2716
179.901, 2913
180.01, 2633
180.119, 2990
180.21, 2933
180.319, 3014
180.425, 2757
180.537, 3051
180.647, 2817
180.756, 2696
180.866, 2860
180.972, 2770
181.082, 2900
181.188, 2898
181.297, 3025
181.407, 2882
181.516, 2798
181.625, 2811
181.732, 2776
181.841, 2825
181.948, 2814
182.054, 2751
182.163, 2759
182.268, 2850
182.374, 3009
182.481, 3264
182.584, 2813
182.691, 3043
182.8, 3115
182.91, 2867
183.016, 3072
183.12, 3137
183.229, 3168
183.336, 2801
183.442, 3004
183.552, 2852
183.659, 3015
183.767, 2821
183.874, 2768
183.975, 3058
184.082, 2896
184.192, 2942
184.303, 3050
184.413, 2903
184.519, 2841
184.626, 2675
184.735, 2832
184.842, 3340
184.951, 3941
185.054, 3100
185.161, 2872
185.268, 3320
185.377, 3010
185.489, 3434
185.596, 3354
185.702, 3325
185.808, 3202
185.918, 2917
186.025, 2763
186.134, 2983
186.243, 3024
186.353, 2799
186.46, 3142
186.569, 2886
186.678, 2571
186.787, 2682
186.896, 2710
187.006, 3079
187.112, 2722
187.219, 3059
187.326, 2467
187.432, 2900
187.544, 2434
187.651, 2821
187.763, 2739
187.869, 2622
187.976, 2949
188.067, 2874
188.176, 2749
188.283, 3148
188.389, 2584
188.496, 2613
188.606, 2550
188.716, 3045
188.825, 2523
188.934, 2417
189.046, 2641
189.153, 2880
189.262, 2450
189.368, 2816
189.472, 2722
189.581, 2933
189.693, 2537
189.803, 2599
189.912, 2588
190.018, 2475
190.128, 2763
190.234, 2847
190.344, 2353
190.454, 2863
190.563, 2601
190.672, 2800
190.779, 2928
190.885, 2504
190.995, 2386
191.104, 2328
191.208, 2925
191.318, 2519
191.427, 2446
191.536, 2587
191.643, 2451
191.752, 2176
191.843, 2658
191.949, 2442
192.058, 2665
192.165, 2799
192.274, 2400
192.381, 2740
192.493, 2748
192.599, 2462
192.709, 2688
192.818, 2424
192.924, 2672
193.034, 2548
193.143, 2403
193.255, 2581
193.361, 2293
193.471, 2205
193.58, 2433
193.689, 2303
193.797, 2730
193.906, 2254
194.015, 2521
194.124, 2287
194.228, 2285
194.337, 2804
194.441, 2627
194.548, 2521
194.657, 2736
194.766, 2428
194.873, 2297
194.979, 2517
195.086, 2741
195.193, 2176
195.302, 2265
195.411, 2400
195.521, 2852
195.632, 2364
195.723, 2763
195.832, 2839
195.939, 2521
196.048, 2297
196.16, 2454
196.266, 2464
196.373, 2557
196.48, 2540
196.587, 2496
196.693, 2386
196.805, 2433
196.914, 2461
197.024, 2155
197.133, 2212
197.239, 2912
197.343, 2430
197.452, 1295
197.543, 480
197.649, 141
197.753, 55
197.844, 52
197.952, 21
198.056, 13
198.162, 34
198.269, 41
198.378, 7
198.488, 61
198.591, 29
198.693, 51
198.799, 27
198.905, 69
199.013, 42
199.122, 21
199.231, 7
199.339, 34
199.445, 8
199.551, 47
199.655, 24
199.746, 83
199.855, 62
199.959, 35
200.065, 41
200.172, 34
200.281, 0
200.39, 8
200.5, 55
200.609, 54
200.718, 35
200.825, 15
200.931, 29
201.041, 41
201.15, 49
201.256, 35
201.366, 59
201.47, 21
201.576, 28
201.682, 28
201.792, 40
201.899, 8
202.008, 16
202.114, 35
202.205, 8
202.316, 22
202.426, 28
202.537, 13
202.644, 21
202.756, 8
202.866, 49
202.976, 27
203.083, 24
203.192, 8
203.298, 28
203.405, 36
203.514, 99
203.624, 682
203.73, 1029
203.84, 1423
203.946, 2077
204.055, 3035
204.162, 3613
204.269, 3653
204.375, 3708
204.482, 3833
204.591, 3804
204.703, 3859
204.812, 4463
204.919, 4159
205.023, 4163
205.132, 4366
205.239, 4047
205.349, 4286
205.458, 4151
205.565, 4173
205.676, 4191
205.783, 4140
205.892, 4284
205.999, 4334
206.103, 4479
206.204, 4338
206.31, 4411
206.417, 4261
206.524, 4329
206.63, 4276
206.74, 4486
206.849, 4291
206.953, 4326
207.065, 4326
207.174, 4359
207.283, 4366
207.393, 4336
207.499, 4476
207.603, 4209
207.707, 4177
207.814, 4357
207.92, 4250
208.029, 4581
208.139, 4417
208.249, 4455
208.358, 4537
208.461, 4416
208.552, 4549
208.658, 4597
208.765, 4106
208.871, 4216
208.978, 4451
209.087, 4425
209.178, 4130
209.279, 4286
209.391, 3920
209.5, 4089
209.607, 3866
209.716, 4305
209.825, 3884
209.932, 4332
210.039, 4165
210.145, 3947
210.252, 4342
210.361, 3699
210.47, 3766
210.58, 3806
210.689, 3758
210.798, 3569
210.908, 3726
211.017, 3516
211.132, 3709
211.241, 3776
211.35, 3567
211.457, 3471
211.564, 3274
211.67, 3348
211.777, 3313
211.881, 3555
211.987, 3272
212.094, 3309
212.2, 3518
212.31, 3139
212.419, 3324
212.525, 3123
212.635, 3169
212.741, 3321
212.848, 3105
212.957, 3125
213.061, 3155
213.167, 3173
213.274, 3156
213.385, 2884
213.495, 3174
213.602, 2969
213.706, 3419
213.815, 3370
213.921, 3429
214.028, 2956
214.134, 2442
214.238, 2550
214.347, 2195
214.454, 2075
214.561, 2616
214.662, 2346
214.774, 2290
214.886, 2456
214.996, 2377
215.107, 2256
215.214, 2216
215.323, 2107
215.43, 2399
215.536, 2198
215.646, 2384
215.753, 2283
215.856, 2181
215.963, 2076
216.069, 2205
216.179, 1691
216.285, 586
216.392, 150
216.498, 27
216.602, 8
216.709, 14
216.821, 48
216.927, 21
217.037, 14
217.143, 82
217.25, 62
217.356, 21
217.46, 90
217.564, 7
217.668, 21
217.775, 45
217.886, 49
217.988, 16
218.094, 52
218.206, 21
218.315, 21
218.425, 20
218.531, 16
218.641, 21
218.748, 44
218.853, 17
218.96, 8
219.067, 20
219.176, 49
219.267, 27
219.378, 8
219.485, 29
219.596, 28
219.702, 13
219.806, 47
219.916, 54
220.027, 21
220.136, 35
220.246, 28
220.355, 44
220.461, 40
220.569, 35
220.675, 21
220.784, 8
220.888, 48
220.995, 28
221.101, 28
221.208, 8
221.317, 8
221.421, 21
221.533, 54
221.642, 13
221.749, 549
221.858, 919
221.965, 1572
222.076, 2234
222.188, 2219
222.3, 2271
222.41, 2454
222.516, 2258
222.623, 2401
222.732, 2498
222.841, 2509
222.948, 2579
223.06, 2871
223.169, 2732
223.276, 2664
223.383, 2652
223.492, 2661
223.601, 2657
223.711, 2684
223.822, 2788
223.934, 2654
224.044, 2833
224.15, 2727
224.257, 2826
224.367, 2803
224.473, 2967
224.576, 2860
224.683, 2952
224.791, 2907
224.897, 2999
225.003, 2810
225.11, 1489
225.216, 482
225.321, 76
225.43, 45
225.536, 21
225.643, 13
225.752, 7
225.864, 35
225.971, 40
226.077, 24
226.187, 44
226.296, 64
226.403, 29
226.515, 69
226.624, 29
226.715, 30
226.821, 40
226.928, 35
227.035, 8
227.141, 21
227.25, 22
227.341, 24
227.45, 138
227.557, 875
227.668, 1225
227.778, 1798
227.887, 2773
227.991, 3357
228.097, 3441
228.21, 3581
228.319, 3581
228.425, 3646
228.532, 3598
228.639, 3762
228.748, 3695
228.852, 3783
228.958, 3678
229.065, 3948
229.172, 3890
229.279, 3984
229.39, 3642
229.496, 4035
229.606, 3963
229.71, 3866
229.819, 3740
229.926, 3934
230.033, 3943
230.142, 3970
230.248, 3987
230.357, 4098
230.467, 4066
230.573, 4056
230.68, 4085
230.786, 4025
230.896, 4066
231.002, 3925
231.112, 4106
231.221, 3951
231.333, 3956
231.445, 3948
231.552, 4139
231.661, 4071
231.767, 3947
231.874, 3971
231.98, 3886
232.087, 3926
232.196, 4056
232.303, 4149
232.412, 4059
232.519, 4062
232.628, 3796
232.732, 3854
232.844, 3890
232.951, 4025
233.057, 3938
233.169, 3912
233.278, 3766
233.388, 3949
233.495, 3769
233.602, 3695
233.714, 4050
233.823, 3672
233.932, 3965
234.039, 3429
234.151, 3907
234.26, 3354
234.364, 3550
234.47, 3521
234.577, 3466
234.684, 3393
234.793, 3278
234.903, 3323
235.012, 3852
235.119, 3398
235.228, 3283
235.337, 3661
235.444, 3387
235.556, 3212
235.668, 3289
235.774, 3275
235.884, 3198
235.987, 3364
236.094, 3080
236.203, 3364
236.31, 3292
236.421, 3309
236.53, 3159
236.64, 3261
236.751, 3058
236.858, 3043
236.965, 3019
237.076, 2763
237.186, 2892
237.295, 3047
237.402, 2721
237.511, 2988
237.617, 2797
237.721, 2596
237.831, 2627
237.937, 2884
238.044, 2563
238.148, 2813
238.254, 2543
238.366, 2738
238.475, 2613
238.585, 2420
238.691, 2314
238.801, 2384
238.911, 2272
239.017, 2369
239.127, 2381
239.233, 2470
239.339, 2316
239.449, 2358
239.558, 2273
239.662, 2201
239.768, 2124
239.881, 2271
239.989, 2251
240.099, 2285
240.208, 2345
240.315, 2250
240.421, 2133
240.531, 2099
240.64, 2110
240.746, 2128
240.853, 2360
240.962, 2312
241.069, 2266
241.16, 2209
241.269, 2283
241.378, 2162
241.485, 2177
241.595, 2184
241.703, 2175
241.81, 2069
241.917, 2131
242.023, 2142
242.13, 2108
242.236, 2187
242.346, 2065
242.455, 2184
242.562, 2045
242.673, 2271
242.785, 2159
242.898, 2082
243.007, 2133
243.113, 2138
243.228, 2193
243.334, 2317
243.444, 2113
243.553, 2171
243.662, 2190
243.769, 2233
243.881, 2360
243.985, 2126
244.097, 2184
244.203, 2290
244.312, 2177
244.422, 2197
244.528, 2300
244.64, 2221
244.747, 2213
244.856, 2348
244.965, 2130
245.075, 2340
245.181, 2355
245.288, 2328
245.397, 2179
245.504, 2260
245.61, 2173
245.701, 2418
245.811, 2238
245.917, 2408
246.023, 2411
246.133, 2118
246.242, 2268
246.354, 2312
246.466, 2111
246.575, 2200
246.679, 2261
246.786, 2100
246.895, 2241
247.004, 2028
247.111, 2305
247.217, 2355
247.324, 2180
247.43, 2302
247.542, 2297
247.654, 2191
247.766, 2297
247.875, 2205
247.982, 2324
248.091, 2267
248.198, 2302
248.304, 2283
248.414, 2436
248.518, 2468
248.624, 2314
248.731, 2364
248.838, 2521
248.945, 2170
249.053, 2317
249.16, 2616
249.264, 2453
249.376, 2445
249.483, 2476
249.589, 2842
249.698, 2420
249.802, 923
249.909, 326
250.018, 84
250.124, 10
250.226, 83
250.332, 24
250.441, 30
250.551, 15
250.66, 21
250.767, 28
250.873, 16
250.982, 15
251.089, 48
251.199, 42
251.308, 42
251.415, 16
251.524, 35
251.63, 73
251.739, 25
251.846, 28
251.952, 62
252.056, 21
252.166, 31
252.275, 28
252.381, 28
252.488, 21
252.597, 21
252.704, 55
252.813, 7
252.92, 25
253.029, 28
253.136, 20
253.242, 40
253.349, 7
253.456, 22
253.562, 20
253.668, 16
253.778, 16
253.885, 30
253.996, 20
254.1, 30
254.204, 39
254.313, 28
254.42, 0
254.529, 28
254.635, 22
254.742, 68
254.848, 31
254.955, 372
255.067, 817
255.176, 1030
255.285, 1544
255.392, 1911
255.499, 2173
255.608, 2842
255.717, 3048
255.822, 3030
255.931, 2859
256.038, 2922
256.149, 2911
256.256, 2771
256.368, 3039
256.475, 2946
256.587, 3279
256.693, 3264
256.8, 3412
256.907, 3548
257.019, 3449
257.128, 3476
257.237, 3609
257.349, 3842
257.456, 3999
257.563, 3825
257.669, 3851
257.775, 3916
257.879, 3700
257.97, 3835
258.076, 3794
258.183, 3779
258.295, 3818
258.407, 4121
258.516, 4172
258.623, 3982
258.729, 4027
258.833, 3910
258.939, 4045
259.049, 4167
259.155, 4064
259.263, 3877
259.374, 3999
259.484, 3982
259.593, 3860
259.702, 4023
259.814, 3883
259.923, 4216
260.035, 3921
260.147, 3880
260.259, 3892
260.368, 4441
260.478, 4155
260.587, 3951
260.697, 3958
260.803, 3916
260.913, 4016
261.016, 3882
261.128, 3721
261.234, 3867
261.338, 3620
261.442, 3644
261.546, 3784
261.653, 3835
261.759, 3526
261.866, 3966
261.973, 3943
262.084, 3512
262.191, 4020
262.295, 4104
262.407, 3494
262.513, 3458
262.623, 3848
262.735, 3939
262.842, 3293
262.948, 3779
263.055, 3419
263.162, 3809
263.269, 3288
263.38, 3632
263.487, 3432
263.591, 3140
263.703, 3531
263.812, 3178
263.918, 3253
264.009, 2963
264.12, 3222
264.23, 3359
264.336, 3176
264.443, 3237
264.549, 3294
264.659, 2929
264.765, 3343
264.872, 2785
264.981, 3021
265.09, 3048
265.2, 2969
265.306, 3403
265.418, 3536
265.527, 3297
265.637, 3263
265.746, 3448
265.856, 3183
265.965, 2797
266.077, 2746
266.184, 2713
266.293, 2644
266.399, 2722
266.509, 2757
266.615, 2619
266.722, 2422
266.831, 2307
266.937, 2505
267.044, 2352
267.153, 1732
267.26, 1777
267.367, 1562
267.471, 1450
267.58, 1446
267.686, 1550
267.793, 1386
267.902, 1602
268.009, 1586
268.118, 1885
268.225, 1882
268.326, 2114
268.438, 2085
268.547, 1981
268.654, 1678
268.763, 1742
268.87, 1409
268.979, 1630
269.085, 1476
269.192, 1510
269.301, 1512
269.405, 1663
269.509, 1530
269.621, 1441
269.728, 1513
269.835, 1696
269.947, 875
270.056, 329
270.163, 28
270.272, 75
270.378, 34
270.488, 6
270.597, 45
270.703, 21
270.81, 8
270.917, 93
271.023, 42
271.13, 40
271.234, 22
271.338, 7
271.447, 16
271.554, 7
271.66, 20
271.766, 24
271.875, 8
271.982, 37
272.092, 33
272.201, 15
272.311, 8
272.417, 7
272.524, 24
272.631, 0
272.737, 8
272.847, 28
272.956, 7
273.065, 24
273.175, 29
273.286, 23
273.396, 25
273.508, 49
273.615, 0
273.721, 35
273.828, 8
273.94, 27
274.049, 34
274.158, 16
274.268, 29
274.374, 8
274.484, 27
274.591, 28
274.695, 27
274.805, 21
274.914, 563
275.02, 718
275.127, 790
275.236, 955
275.342, 1346
275.444, 2028
275.55, 2591
275.662, 2372
275.771, 2533
275.881, 2502
275.987, 2586
276.097, 2850
276.206, 2985
276.312, 2955
276.419, 3262
276.526, 3409
276.632, 2965
276.744, 3077
276.853, 3040
276.963, 2978
277.069, 2978
277.176, 2874
277.283, 3176
277.387, 3067
277.493, 3034
277.6, 3066
277.704, 3190
277.81, 2908
277.916, 3101
278.023, 3114
278.132, 2949
278.241, 3258
278.348, 3062
278.455, 2995
278.564, 3145
278.673, 2967
278.78, 3136
278.892, 3223
279.001, 3101
279.11, 3271
279.22, 3059
279.329, 3243
279.438, 3294
279.548, 3170
279.654, 3377
279.763, 3293
279.87, 3152
279.974, 3147
280.083, 3096
280.19, 3217
280.302, 3182
280.412, 3072
280.521, 3213
280.625, 3099
280.734, 3156
280.838, 3201
280.945, 3207
281.051, 3231
281.161, 3276
281.27, 3388
281.377, 3107
281.484, 3262
281.588, 3292
281.696, 3328
281.801, 3391
281.907, 3326
282.019, 3458
282.128, 3399
282.234, 3509
282.325, 3378
282.434, 3300
282.538, 3432
282.644, 3159
282.754, 3055
282.863, 3291
282.969, 3246
283.076, 3145
283.182, 3275
283.289, 3400
283.401, 3121
283.508, 3162
283.617, 3203
283.726, 3376
283.833, 3293
283.942, 3059
284.052, 3137
284.163, 2999
284.268, 3108
284.379, 3187
284.489, 3113
284.595, 2133
284.7, 569
284.809, 190
284.918, 67
285.027, 91
285.134, 48
285.238, 7
285.339, 21
285.446, 41
285.552, 47
285.659, 13
285.765, 13
285.877, 0
285.986, 16
286.096, 0
286.205, 49
286.314, 28
286.421, 8
286.533, 28
286.642, 49
286.744, 28
286.85, 27
286.959, 15
287.066, 8
287.176, 36
287.285, 22
287.394, 16
287.501, 24
287.608, 49
287.709, 13
287.8, 23
287.909, 34
288.016, 21
288.125, 47
288.234, 130
288.341, 200
288.453, 259
288.562, 291
288.671, 293
288.778, 461
288.884, 568
288.992, 797
289.098, 1128
289.205, 1635
289.318, 2085
289.423, 2627
289.53, 3009
289.637, 3268
289.743, 3329
289.85, 3167
289.956, 3416
290.066, 3118
290.172, 3322
290.263, 3518
290.373, 3243
290.483, 3212
290.586, 3395
290.692, 3482
290.802, 3479
290.908, 3456
291.018, 3479
291.125, 3418
291.231, 3424
291.34, 3733
291.449, 3376
291.556, 3326
291.662, 3639
291.769, 3457
291.876, 3528
291.982, 3342
292.089, 3417
292.198, 3445
292.305, 3550
292.416, 3580
292.521, 3620
292.631, 3596
292.741, 3470
292.848, 3453
292.939, 3521
293.045, 3792
293.152, 3588
293.258, 3543
293.368, 3470
293.474, 3378
293.581, 3410
293.687, 3294
293.794, 3420
293.898, 3550
294.01, 3296
294.119, 3672
294.225, 3415
294.337, 3601
294.444, 3305
294.55, 3591
294.657, 3182
294.748, 3455
294.855, 3258
294.961, 3154
295.068, 3470
295.175, 3482
295.281, 3188
295.388, 3287
295.494, 3481
295.601, 3658
295.71, 3222
295.82, 3347
295.929, 3309
296.036, 3215
296.14, 3031
296.249, 3254
296.355, 2907
296.466, 3155
296.575, 3042
296.684, 2981
296.794, 2955
296.903, 3149
297.012, 3159
297.119, 2845
297.231, 3234
297.341, 2915
297.45, 2671
297.56, 2661
297.669, 2546
297.779, 2628
297.885, 2450
297.995, 2859
298.104, 2697
298.216, 2349
298.323, 2469
298.432, 2633
298.538, 2668
298.645, 2974
298.751, 3085
298.858, 3007
298.967, 2464
299.074, 2722
299.186, 2731
299.293, 2710
299.4, 2693
299.506, 2767
299.613, 2754
299.719, 2386
299.826, 2722
299.932, 2869
300.042, 3045
300.151, 3099
300.261, 2566
300.37, 2530
300.479, 2769
300.586, 2762
300.692, 2847
300.799, 2543
300.9, 2420
301.007, 2381
301.113, 2415
301.22, 2555
301.326, 2647
301.433, 2684
301.539, 2363
301.649, 2335
301.755, 2212
301.846, 2278
301.957, 2314
302.064, 2617
302.173, 2207
302.283, 2428
302.392, 2385
302.501, 2210
302.61, 2118
302.717, 2531
302.826, 2502
302.933, 2171
303.037, 2452
303.141, 2140
303.25, 2222
303.359, 2372
303.469, 2254
303.578, 2220
303.682, 2395
303.79, 2071
303.901, 1927
304.01, 2146
304.114, 2372
304.225, 2263
304.333, 2054
304.44, 2131
304.547, 2018
304.656, 2111
304.763, 2193
304.875, 2129
304.981, 2140
305.088, 2051
305.197, 2157
305.306, 2051
305.413, 2151
305.519, 2230
305.623, 2289
305.73, 2264
305.842, 2331
305.948, 2403
306.053, 2080
306.159, 2089
306.269, 1977
306.379, 2309
306.483, 2188
306.589, 2072
306.698, 2124
306.802, 2019
306.907, 2099
307.018, 2116
307.128, 2241
307.232, 2224
307.343, 2155
307.453, 1983
307.563, 2039
307.669, 2146
307.775, 1901
307.885, 2009
307.991, 2028
308.098, 1978
308.201, 2297
308.313, 2094
308.422, 2013
308.532, 2131
308.641, 2291
308.751, 2067
308.86, 2365
308.969, 2180
309.075, 2051
309.182, 2142
309.289, 2179
309.396, 2335
309.502, 2139
309.606, 1980
309.712, 2239
309.819, 2182
309.926, 2285
310.029, 2147
310.136, 2459
310.243, 2601
310.349, 2100
310.459, 2150
310.565, 2436
310.675, 2335
310.784, 2444
310.89, 2217
310.997, 2141
311.103, 2234
311.21, 2340
311.319, 2531
311.428, 2173
311.535, 2381
311.647, 2649
311.753, 2646
311.844, 2184
311.95, 2561
312.055, 2620
312.161, 2391
312.271, 2359
312.377, 2308
312.468, 2468
312.574, 2345
312.687, 2113
312.796, 2557
312.899, 2371
313.009, 2240
313.118, 2536
313.224, 2341
313.329, 2275
313.435, 2464
313.541, 2273
313.651, 2379
313.76, 2418
313.867, 2180
313.976, 2441
314.082, 2603
314.186, 2940
314.298, 2878
314.407, 2626
314.517, 2593
314.623, 918
314.73, 325
314.839, 14
314.949, 48
315.055, 35
315.168, 21
315.274, 62
315.386, 37
315.495, 35
315.599, 13
315.708, 54
315.815, 16
315.924, 36
316.029, 48
316.135, 22
316.245, 28
316.354, 22
316.464, 69
316.573, 63
316.68, 8
316.783, 13
316.89, 16
316.997, 17
317.109, 36
317.218, 75
317.327, 34
317.418, 36
317.529, 32
317.639, 75
317.748, 13
317.852, 25
317.961, 41
318.07, 47
318.177, 47
318.289, 21
318.395, 55
318.502, 8
318.606, 30
318.713, 52
318.819, 35
318.926, 36
319.035, 39
319.145, 16
319.256, 28
319.363, 31
319.469, 7
319.574, 28
319.68, 17
319.789, 28
319.896, 22
320.005, 0
320.114, 15
320.221, 86
320.325, 792
320.434, 1077
320.538, 1280
320.647, 1469
320.759, 1681
320.868, 2451
320.975, 2799
321.084, 2928
321.194, 3666
321.3, 3658
321.41, 4209
321.516, 4177
321.626, 4088
321.735, 3937
321.841, 4081
321.948, 4051
322.057, 4241
322.164, 4116
322.274, 4139
322.383, 3997
322.492, 4006
322.601, 4177
322.71, 4086
322.817, 4014
322.921, 4267
323.03, 4125
323.137, 4228
323.246, 4054
323.353, 4191
323.456, 3941
323.563, 4256
323.67, 3911
323.776, 4178
323.888, 4214
323.998, 4139
324.104, 4462
324.214, 3948
324.32, 4175
324.429, 4128
324.538, 3887
324.65, 4059
324.757, 4263
324.858, 4450
324.97, 4178
325.079, 4093
325.186, 4231
325.295, 4034
325.386, 3908
325.492, 4318
325.601, 4189
325.711, 4070
325.82, 4448
325.929, 4050
326.039, 3868
326.145, 3907
326.257, 4109
326.363, 4088
326.473, 3672
326.58, 3950
326.683, 4134
326.787, 4052
326.897, 3663
327.006, 3891
327.118, 3649
327.23, 3852
327.337, 3665
327.448, 3596
327.558, 3736
327.669, 3572
327.776, 3576
327.888, 3678
327.998, 3275
328.112, 3194
328.221, 3138
328.328, 3237
328.437, 3305
328.547, 3438
328.654, 3068
328.765, 3105
328.875, 3125
328.984, 2996
329.09, 3522
329.181, 3295
329.29, 3249
329.399, 2822
329.508, 2894
329.615, 3129
329.725, 2777
329.831, 2767
329.943, 2706
330.05, 2823
330.159, 2557
330.268, 2476
330.377, 2924
330.481, 2499
330.592, 2378
330.701, 2607
330.807, 2608
330.916, 2628
331.021, 2582
331.128, 2688
331.234, 2665
331.344, 2526
331.45, 2098
331.557, 2447
331.666, 2237
331.776, 2459
331.882, 2204
331.973, 2179
332.079, 2092
332.188, 2061
332.295, 2290
332.401, 2333
332.511, 2189
332.622, 2022
332.732, 2015
332.838, 2227
332.948, 2171
333.057, 2058
333.164, 1979
333.27, 2063
333.377, 1177
333.486, 475
333.593, 144
333.699, 57
333.808, 29
333.912, 15
334.024, 35
334.136, 31
334.246, 41
334.357, 21
334.467, 35
334.576, 54
334.688, 16
334.792, 31
334.896, 47
335.002, 30
335.109, 116
335.2, 55
335.308, 62
335.418, 40
335.525, 16
335.637, 27
335.747, 27
335.856, 13
335.96, 48
336.069, 28
336.175, 24
336.282, 21
336.392, 29
336.501, 48
336.607, 21
336.714, 16
336.823, 27
336.93, 56
337.039, 15
337.146, 31
337.252, 21
337.359, 27
337.466, 8
337.572, 14
337.679, 34
337.791, 17
337.895, 105
338.002, 121
338.112, 227
338.224, 404
338.331, 386
338.442, 397
338.554, 530
338.661, 776
338.77, 1287
338.88, 1785
338.989, 1766
339.098, 1952
339.21, 2188
339.322, 2483
339.431, 2688
339.538, 2717
339.647, 2914
339.756, 2715
339.863, 2613
339.967, 2582
340.076, 2518
340.183, 2470
340.289, 2601
340.398, 2502
340.508, 2618
340.612, 2544
340.724, 2596
340.836, 2592
340.942, 2550
341.049, 2519
341.158, 2486
341.267, 2650
341.374, 2534
341.481, 2609
341.587, 2575
341.693, 2727
341.784, 2665
341.89, 2732
342, 2809
342.109, 1319
342.219, 413
342.328, 95
342.432, 21
342.538, 27
342.645, 35
342.751, 68
342.858, 8
342.967, 8
343.077, 28
343.186, 15
343.296, 7
343.402, 59
343.512, 16
343.618, 30
343.727, 35
343.837, 40
343.941, 13
344.047, 21
344.154, 43
344.26, 176
344.367, 951
344.476, 1505
344.585, 1849
344.692, 2309
344.801, 2953
344.908, 3187
345.017, 3082
345.123, 3119
345.23, 3195
345.339, 3311
345.449, 3122
345.558, 3140
345.668, 3354
345.774, 3550
345.883, 3667
345.995, 3478
346.102, 3679
346.208, 3682
346.317, 3649
346.424, 3732
346.533, 3748
346.64, 3554
346.749, 3555
346.856, 3605
346.963, 3574
347.069, 3605
347.173, 3430
347.282, 3322
347.389, 3552
347.499, 3484
347.605, 3561
347.714, 3596
347.821, 3635
347.928, 3673
348.034, 3471
348.144, 3504
348.253, 3753
348.36, 3630
348.463, 3511
348.57, 3496
348.676, 3759
348.783, 3687
348.89, 3603
348.996, 3666
349.108, 3504
349.217, 3444
349.308, 3660
349.414, 3489
349.524, 3575
349.633, 3658
349.737, 3432
349.843, 3639
349.953, 3456
350.063, 3535
350.167, 3675
350.276, 3569
350.383, 3277
350.489, 3510
350.599, 3570
350.705, 3477
350.812, 3545
350.918, 3351
351.025, 3410
351.129, 3619
351.239, 3219
351.348, 3601
351.458, 3357
351.567, 3304
351.676, 3580
351.785, 3301
351.895, 3378
352.004, 3495
352.113, 3108
352.219, 3024
352.31, 3051
352.416, 3246
352.523, 2958
352.63, 3376
352.742, 3287
352.848, 3099
352.953, 3024
353.062, 3405
353.168, 3002
353.278, 2920
353.384, 2757
353.491, 3005
353.6, 3031
353.707, 3052
353.819, 3080
353.926, 2896
354.017, 2900
354.123, 2760
354.23, 2638
354.337, 2877
354.443, 2734
354.55, 2554
354.659, 2578
354.768, 2689
354.872, 2705
354.979, 2867
355.088, 2599
355.194, 2579
355.298, 2448
355.41, 2627
355.516, 2632
355.607, 2442
355.716, 2524
355.825, 2461
355.932, 2403
356.041, 2364
356.148, 2440
356.251, 2352
356.362, 2326
356.471, 2326
356.58, 2345
356.69, 2417
356.799, 2342
356.905, 2497
357.017, 2180
357.124, 2452
357.231, 2426
357.342, 2326
357.452, 2241
357.558, 2284
357.668, 2397
357.774, 2263
357.881, 2139
357.987, 2156
358.097, 2265
358.189, 2250
358.299, 2217
358.411, 2168
358.52, 2386
358.629, 2273
358.736, 2325
358.842, 2215
358.951, 2319
359.061, 2176
359.173, 2162
359.282, 2089
359.389, 2208
359.495, 2224
359.605, 2252
359.713, 2283
359.82, 2003
359.926, 2395
360.033, 2159
360.14, 2264
360.25, 2336
360.356, 2214
360.462, 2097
360.571, 2199
360.675, 2074
360.766, 2412
360.875, 2406
360.981, 2205
361.085, 2132
361.176, 2179
361.282, 2106
361.389, 2107
361.498, 2140
361.607, 2196
361.713, 2142
361.82, 2222
361.927, 2345
362.034, 2355
362.14, 2319
362.249, 2326
362.356, 2302
362.462, 2304
362.569, 2236
362.678, 2188
362.787, 2120
362.897, 2095
363.006, 2150
363.116, 2181
363.226, 2265
363.33, 2245
363.439, 2301
363.545, 2174
363.649, 2226
363.756, 2164
363.867, 2125
363.977, 2350
364.087, 2205
364.198, 2319
364.305, 2254
364.417, 2286
364.523, 2319
364.632, 2202
364.739, 2070
364.848, 2292
364.955, 2263
365.064, 2046
365.171, 2249
365.28, 2259
365.389, 2308
365.493, 2324
365.6, 2386
365.706, 2184
365.813, 2243
365.925, 2188
366.034, 2456
366.143, 2408
366.253, 2266
366.359, 2534
366.471, 2162
366.58, 2407
366.687, 2263
366.796, 2394
366.903, 2338
367.01, 2299
367.114, 2577
367.223, 2422
367.335, 2211
367.444, 931
367.55, 297
367.657, 62
367.766, 76
367.876, 37
367.985, 45
368.094, 16
368.206, 58
368.313, 8
368.422, 14
368.528, 22
368.632, 39
368.742, 28
368.844, 29
368.95, 21
369.054, 21
369.16, 39
369.267, 54
369.376, 35
369.486, 21
369.595, 32
369.699, 35
369.806, 35
369.915, 27
370.021, 21
370.125, 16
370.232, 8
370.341, 48
370.451, 22
370.557, 29
370.664, 37
370.767, 21
370.874, 41
370.978, 35
371.09, 31
371.199, 16
371.306, 40
371.415, 23
371.506, 13
371.615, 7
371.721, 21
371.833, 15
371.94, 16
372.047, 20
372.156, 28
372.265, 747
372.374, 850
372.484, 921
372.59, 1059
372.694, 1235
372.798, 1718
372.905, 1959
373.014, 2189
373.12, 2384
373.229, 2458
373.336, 2521
373.446, 2437
373.555, 2555
373.661, 2819
373.768, 3376
373.877, 3304
373.986, 3463
374.098, 3377
374.208, 3358
374.314, 3287
374.421, 3455
374.53, 3292
374.64, 3479
374.743, 3622
374.853, 3583
374.959, 3710
375.069, 3442
375.175, 3627
375.285, 3544
375.391, 3531
375.5, 3562
375.607, 3748
375.711, 3975
375.817, 3704
375.924, 3483
376.031, 3741
376.14, 3767
376.249, 3800
376.36, 3424
376.47, 3738
376.578, 3646
376.689, 3845
376.796, 3602
376.905, 3765
377.014, 3560
377.105, 3600
377.214, 3934
377.324, 4064
377.433, 3941
377.542, 3823
377.651, 3506
377.758, 3856
377.861, 3847
377.968, 3669
378.079, 3813
378.188, 3405
378.297, 3898
378.404, 3710
378.51, 3450
378.62, 3572
378.729, 3917
378.839, 3421
378.95, 3516
379.041, 3620
379.147, 3488
379.256, 3615
379.36, 3598
379.469, 3497
379.562, 3543
379.671, 3562
379.781, 3367
379.882, 3569
379.989, 3623
380.095, 3383
380.202, 3591
380.311, 3255
380.402, 3523
380.511, 3463
380.62, 3192
380.727, 3205
380.834, 3370
380.94, 3126
381.052, 3022
381.161, 3114
381.27, 3060
381.374, 3009
381.481, 3258
381.585, 3084
381.694, 3099
381.803, 3002
381.91, 2809
382.017, 3306
382.121, 3059
382.231, 2975
382.337, 2770
382.446, 2877
382.552, 3024
382.662, 2840
382.768, 2999
382.878, 2797
382.987, 2744
383.091, 2961
383.197, 2476
383.304, 2729
383.411, 2581
383.52, 2373
383.629, 2559
383.741, 2401
383.847, 2710
383.938, 2348
384.047, 2210
384.154, 2378
384.263, 2153
384.372, 2156
384.481, 2118
384.588, 2080
384.697, 2150
384.806, 2389
384.913, 2427
385.02, 2307
385.129, 2419
385.236, 2461
385.342, 2023
385.449, 2459
385.555, 2131
385.663, 2071
385.775, 1835
385.882, 1640
385.991, 1813
386.097, 1859
386.207, 1976
386.316, 1948
386.426, 2188
386.535, 2083
386.644, 2216
386.754, 2016
386.863, 1971
386.972, 2064
387.078, 2002
387.188, 1940
387.295, 2200
387.398, 2013
387.5, 2124
387.606, 1947
387.712, 1636
387.82, 482
387.926, 158
388.035, 42
388.147, 20
388.254, 14
388.36, 21
388.469, 13
388.574, 21
388.684, 47
388.795, 42
388.908, 13
389.017, 73
389.121, 70
389.23, 62
389.339, 35
389.446, 55
389.55, 31
389.657, 14
389.763, 49
389.87, 64
389.981, 56
390.072, 57
390.178, 13
390.285, 7
390.394, 0
390.498, 35
390.607, 30
390.717, 21
390.826, 36
390.932, 48
391.039, 56
391.146, 31
391.254, 35
391.361, 0
391.468, 27
391.575, 22
391.684, 14
391.793, 39
391.902, 21
392.012, 24
392.121, 14
392.23, 28
392.337, 13
392.447, 13
392.553, 7
392.662, 35
392.77, 16
392.878, 22
392.985, 576
393.092, 1040
393.201, 1894
393.308, 2636
393.415, 2415
393.518, 2541
393.622, 2654
393.729, 2566
393.833, 2541
393.942, 2423
394.052, 2760
394.16, 2553
394.269, 2482
394.381, 2664
394.488, 2783
394.594, 2845
394.701, 2765
394.812, 3051
394.922, 2845
395.031, 2946
395.143, 2751
395.252, 2861
395.364, 2824
395.471, 2986
395.583, 2919
395.689, 2833
395.796, 3002
395.905, 3010
396.014, 3164
396.121, 3095
396.228, 3153
396.337, 3113
396.443, 3234
396.55, 3142
396.66, 3067
396.766, 3022
396.872, 3130
396.979, 3206
397.091, 2992
397.2, 3216
397.309, 3139
397.421, 3260
397.531, 3164
397.637, 3227
397.744, 3265
397.85, 3356
397.959, 3287
398.069, 3209
398.173, 3288
398.282, 3139
398.388, 3163
398.479, 3274
398.586, 3181
398.695, 3210
398.806, 3060
398.915, 3259
399.021, 3289
399.131, 3348
399.243, 3245
399.349, 3463
399.456, 3313
399.563, 3432
399.669, 3337
399.781, 3155
399.893, 3223
400.005, 3159
400.114, 3039
400.221, 3278
400.325, 3221
400.437, 3171
400.546, 3281
400.656, 3328
400.762, 3337
400.869, 3330
400.975, 2986
401.085, 3197
401.191, 3232
401.297, 3144
401.405, 2931
401.511, 3239
401.615, 3117
401.727, 3113
401.836, 3169
401.943, 3044
402.052, 3045
402.161, 3166
402.271, 3074
402.375, 3038
402.486, 3266
402.593, 1524
402.697, 527
402.809, 123
402.915, 59
403.025, 15
403.128, 82
403.235, 42
403.341, 27
403.448, 35
403.555, 16
403.667, 16
403.776, 8
403.883, 14
403.992, 21
404.099, 8
404.206, 16
404.315, 21
404.424, 8
404.531, 15
404.638, 47
404.747, 21
404.857, 35
404.963, 24
405.072, 28
405.179, 21
405.285, 40
405.392, 8
405.498, 13
405.605, 73
405.712, 29
405.818, 8
405.925, 35
406.029, 21
406.135, 21
406.239, 27
406.351, 98
406.46, 380
406.57, 555
406.676, 786
406.783, 1086
406.892, 1150
406.999, 1196
407.105, 1173
407.215, 1427
407.321, 1775
407.412, 2245
407.518, 2681
407.628, 3203
407.736, 3072
407.843, 3091
407.95, 2961
408.057, 3099
408.163, 3083
408.27, 2992
408.379, 3140
408.485, 3036
408.576, 3284
408.685, 3260
408.795, 3265
408.904, 3104
409.013, 3120
409.122, 3237
409.231, 3166
409.341, 3296
409.447, 3372
409.556, 3134
409.663, 3152
409.767, 3363
409.869, 3113
409.975, 3422
410.081, 3164
410.189, 3112
410.298, 3394
410.404, 3350
410.513, 3207
410.62, 3289
410.725, 3205
410.834, 3314
410.944, 3375
411.05, 3584
411.159, 3337
411.266, 3105
411.375, 3307
411.482, 3412
411.588, 3366
411.695, 3344
411.802, 3132
411.911, 3392
412.018, 3558
412.124, 3329
412.236, 3257
412.34, 3391
412.449, 3417
412.556, 3375
412.665, 3094
412.772, 3192
412.863, 3275
412.972, 3219
413.082, 3076
413.191, 3104
413.295, 3604
413.404, 3393
413.511, 3225
413.623, 3108
413.729, 3206
413.82, 3050
413.926, 2969
414.035, 2944
414.142, 3156
414.252, 2841
414.358, 3255
414.465, 3199
414.571, 3306
414.662, 2886
414.768, 2818
414.875, 3212
414.984, 2744
415.093, 2995
415.203, 3043
415.312, 2730
415.422, 2952
415.531, 2819
415.64, 2909
415.749, 2946
415.859, 2816
415.968, 2631
416.078, 2590
416.188, 2821
416.298, 1922
416.405, 1676
416.517, 1741
416.626, 2019
416.735, 1792
416.842, 1860
416.954, 2159
417.063, 2625
417.17, 2773
417.276, 2591
417.383, 2831
417.489, 2797
417.596, 2586
417.705, 2684
417.812, 2497
417.923, 2411
418.029, 2474
418.138, 2723
418.245, 2367
418.354, 2403
418.464, 2536
418.556, 2503
418.666, 2311
418.772, 2450
418.879, 2502
418.986, 2539
419.092, 2653
419.199, 2766
419.306, 2333
419.412, 1937
419.519, 1783
419.63, 2013
419.721, 2352
419.83, 2358
419.94, 2375
420.049, 1928
420.159, 1744
420.268, 1913
420.374, 2500
420.478, 2210
420.59, 2327
420.697, 2497
420.803, 2150
420.91, 2424
421.022, 2408
421.128, 2149
421.232, 2314
421.339, 2479
421.448, 2320
421.557, 2452
421.666, 2111
421.776, 2239
421.885, 2374
421.995, 2263
422.104, 2290
422.213, 2285
422.323, 2145
422.429, 2098
422.536, 2229
422.645, 2159
422.754, 2074
422.864, 2220
422.974, 2451
423.083, 2197
423.192, 2083
423.299, 2443
423.408, 2356
423.518, 2135
423.625, 2215
423.734, 2410
423.84, 2226
423.931, 2448
424.037, 2238
424.144, 2123
424.248, 2445
424.36, 2109
424.469, 2203
424.576, 2174
424.682, 2162
424.786, 2536
424.89, 2566
424.994, 2387
425.1, 2131
425.208, 2222
425.317, 2144
425.426, 2145
425.535, 2478
425.645, 2450
425.751, 2172
425.861, 2205
425.953, 2261
426.063, 2139
426.172, 2248
426.281, 2382
426.391, 2104
426.5, 2278
426.606, 2215
426.716, 2468
426.823, 2204
426.932, 2127
427.041, 2222
427.148, 2230
427.257, 2197
427.366, 2282
427.478, 2157
427.587, 2157
427.697, 2076
427.807, 2262
427.913, 2268
428.019, 2161
428.129, 2392
428.238, 2261
428.345, 2234
428.451, 2669
428.561, 2629
428.67, 2275
428.78, 2429
428.889, 2211
428.996, 2419
429.102, 2354
429.195, 2599
429.304, 2249
429.411, 2320
429.518, 2107
429.628, 2395
429.737, 2316
429.844, 2446
429.956, 2423
430.062, 2543
430.174, 2391
430.281, 2162
430.39, 2323
430.5, 2270
430.606, 2258
430.716, 2278
430.825, 2352
430.932, 2512
431.038, 2345
431.148, 2383
431.254, 2482
431.363, 2432
431.47, 2563
431.58, 2710
431.689, 2311
431.796, 2525
431.902, 2512
432.009, 2766
432.118, 2290
432.228, 2517
432.334, 2373
432.444, 2579
432.55, 2426
432.657, 2524
432.764, 2417
432.867, 2677
432.979, 2462
433.086, 809
433.195, 402
433.305, 16
433.413, 118
433.52, 41
433.627, 48
433.736, 32
433.843, 35
433.949, 42
434.056, 52
434.16, 24
434.269, 35
434.378, 52
434.485, 69
434.592, 49
434.696, 13
434.802, 40
434.909, 35
435.015, 20
435.106, 40
435.215, 17
435.319, 13
435.428, 34
435.532, 16
435.642, 28
435.751, 15
435.86, 36
435.967, 63
436.077, 49
436.183, 16
436.29, 48
436.402, 28
436.511, 29
436.618, 28
436.727, 27
436.836, 34
436.943, 16
437.049, 41
437.156, 21
437.263, 49
437.369, 0
437.48, 35
437.586, 35
437.69, 57
437.802, 24
437.912, 7
438.021, 28
438.13, 36
438.24, 47
438.349, 57
438.458, 28
438.565, 25
438.669, 465
438.775, 1048
438.885, 1275
438.992, 1425
439.104, 1481
439.213, 1796
439.319, 2249
439.429, 2924
439.541, 3627
439.65, 3785
439.755, 4000
439.861, 3711
439.968, 4062
440.077, 3843
440.189, 3900
440.295, 3826
440.405, 3907
440.514, 3781
440.626, 3844
440.736, 3996
440.84, 3917
440.952, 3853
441.058, 3888
441.165, 3946
441.274, 3896
441.384, 4122
441.493, 3951
441.599, 3975
441.709, 4175
441.818, 4060
441.93, 4023
442.036, 4000
442.143, 3987
442.252, 3772
442.356, 4074
442.464, 3917
442.572, 3830
442.681, 4045
442.786, 3934
442.892, 3807
442.999, 3798
443.108, 3960
443.212, 3788
443.324, 4043
443.436, 3810
443.542, 3899
443.649, 4049
443.758, 3717
443.865, 3930
443.974, 3834
444.081, 3826
444.187, 3767
444.294, 3806
444.406, 3890
444.516, 3709
444.622, 3678
444.729, 3407
444.838, 3565
444.948, 3562
445.054, 3588
445.163, 3560
445.274, 3464
445.38, 3741
445.489, 3579
445.598, 3360
445.71, 3455
445.817, 3576
445.924, 3487
446.031, 3299
446.137, 3328
446.243, 3475
446.353, 3264
446.462, 3460
446.566, 3168
446.672, 3437
446.779, 3035
446.886, 3203
446.992, 3026
447.099, 3363
447.203, 3024
447.31, 3490
447.419, 2957
447.525, 2942
447.637, 3190
447.743, 2887
447.85, 2925
447.959, 3040
448.066, 2838
448.173, 2929
448.282, 2800
448.392, 2851
448.498, 2746
448.605, 2719
448.714, 2893
448.823, 2545
448.93, 2892
449.039, 2490
449.146, 2647
449.25, 2519
449.354, 2449
449.46, 2596
449.57, 2491
449.676, 2617
449.78, 2394
449.889, 2539
449.998, 2324
450.105, 2382
450.214, 2415
450.321, 2306
450.43, 2504
450.536, 2250
450.644, 2337
450.753, 2223
450.862, 2138
450.971, 2130
451.081, 2298
451.19, 2160
451.299, 2198
451.406, 2146
451.515, 2060
451.622, 2037
451.729, 2045
451.838, 1921
451.948, 911
452.054, 343
452.158, 92
452.267, 90
452.377, 83
452.488, 35
452.6, 39
452.707, 28
452.816, 24
452.923, 7
453.03, 35
453.138, 35
453.245, 25
453.352, 54
453.461, 49
453.568, 24
453.68, 37
453.786, 54
453.893, 14
454, 6
454.106, 13
454.213, 35
454.319, 49
454.41, 24
454.516, 7
454.628, 7
454.734, 21
454.825, 52
454.931, 21
455.038, 8
455.147, 0
455.256, 16
455.368, 28
455.478, 8
455.584, 16
455.691, 14
455.8, 29
455.91, 16
456.016, 66
456.126, 40
456.235, 28
456.344, 47
456.448, 41
456.558, 13
456.667, 44
456.777, 191
456.888, 333
456.998, 549
457.107, 637
457.217, 791
457.326, 917
457.435, 1529
457.542, 2035
457.646, 2060
457.758, 2085
457.867, 2386
457.976, 2645
458.086, 2449
458.195, 2575
458.302, 2606
458.408, 2846
458.518, 2632
458.627, 2529
458.737, 2613
458.843, 2659
458.955, 2641
459.062, 2602
459.168, 2698
459.275, 2594
459.381, 2577
459.488, 2628
459.597, 2614
459.704, 2555
459.816, 2591
459.925, 2574
460.037, 2600
460.144, 2650
460.25, 2670
460.357, 2643
460.469, 2712
460.578, 2626
460.687, 2775
460.797, 962
460.904, 330
461.013, 91
461.12, 22
461.224, 49
461.328, 13
461.437, 55
461.543, 49
461.645, 24
461.751, 8
461.863, 21
461.975, 21
462.082, 28
462.191, 13
462.301, 34
462.41, 61
462.519, 7
462.626, 13
462.735, 28
462.838, 57
462.945, 8
463.054, 97
463.159, 272
463.262, 222
463.369, 617
463.476, 1175
463.585, 1969
463.694, 2248
463.804, 2407
463.914, 2949
464.023, 3307
464.135, 3289
464.244, 3231
464.335, 3263
464.444, 3313
464.55, 3301
464.657, 3236
464.761, 3347
464.87, 3316
464.979, 3258
465.089, 3344
465.195, 3396
465.305, 3369
465.411, 3347
465.52, 3530
465.627, 3391
465.731, 3522
465.843, 3301
465.952, 3583
466.061, 3324
466.171, 3596
466.277, 3590
466.386, 3557
466.493, 3541
466.602, 3497
466.709, 3559
466.816, 3580
466.925, 3429
467.032, 3526
467.141, 3539
467.253, 3644
467.363, 3832
467.469, 3553
467.575, 3642
467.685, 3673
467.794, 3516
467.9, 3484
468.007, 3554
468.117, 3584
468.226, 3615
468.332, 3410
468.434, 3603
468.546, 3687
468.655, 3572
468.764, 3455
468.871, 3584
468.977, 3547
469.084, 3649
469.191, 3428
469.294, 3503
469.401, 3427
469.508, 3603
469.615, 3435
469.721, 3608
469.833, 3361
469.939, 3282
470.048, 3371
470.155, 3345
470.264, 3266
470.371, 3450
470.48, 3140
470.59, 3267
470.696, 3342
470.806, 3158
470.912, 3275
471.003, 3099
471.111, 3260
471.218, 3268
471.327, 3118
471.434, 3441
471.543, 2968
471.655, 3282
471.767, 3091
471.876, 2932
471.983, 2947
472.095, 2896
472.204, 2962
472.313, 2951
472.423, 3015
472.532, 3149
472.641, 2682
472.748, 2891
472.851, 2840
472.958, 2833
473.065, 2507
473.158, 2550
473.264, 2580
473.374, 2863
473.483, 2504
473.593, 2724
473.702, 2522
473.811, 2606
473.918, 2511
474.024, 2363
474.131, 2440
474.24, 2406
474.344, 2573
474.45, 2649
474.557, 2367
474.666, 2502
474.773, 2415
474.882, 2559
474.992, 2390
475.098, 2223
475.189, 2430
475.295, 2420
475.405, 2520
475.517, 2113
475.623, 2273
475.732, 2118
475.839, 2279
475.948, 2126
476.055, 2164
476.164, 2078
476.271, 2252
476.38, 2239
476.49, 2148
476.596, 2120
476.698, 2246
476.804, 2266
476.911, 2157
477.018, 2072
477.124, 2034
477.233, 2110
477.34, 2144
477.449, 2169
477.559, 2270
477.665, 2111
477.775, 2119
477.881, 2122
477.988, 2027
478.094, 2169
478.201, 1959
478.304, 2039
478.414, 2092
478.523, 2189
478.633, 1982
478.739, 2057
478.846, 2024
478.955, 2142
479.067, 2201
479.176, 2054
479.286, 1957
479.395, 2030
479.505, 1995
479.616, 2116
479.726, 2123
479.832, 1996
479.936, 2048
480.048, 2062
480.158, 1985
480.264, 2073
480.368, 2051
480.474, 1991
480.581, 2048
480.688, 1939
480.791, 2014
480.898, 1909
481.005, 1985
481.115, 2013
481.225, 2041
481.332, 2044
481.441, 2108
481.553, 2273
481.664, 2228
481.77, 2085
481.874, 2217
481.983, 2221
482.093, 2265
482.202, 2246
482.311, 2266
482.402, 2092
482.509, 1999
482.621, 2099
482.727, 2143
482.834, 2022
482.94, 2023
483.031, 2187
483.137, 2159
483.244, 2126
483.351, 2130
483.457, 2109
483.563, 2225
483.665, 2121
483.771, 2305
483.878, 2174
483.987, 2261
484.094, 2247
484.203, 2396
484.308, 2313
484.414, 2167
484.52, 2174
484.624, 2347
484.733, 2437
484.84, 2261
484.946, 2316
485.053, 2367
485.164, 2198
485.273, 2187
485.382, 2126
485.489, 2326
485.595, 2121
485.705, 2258
485.814, 2442
485.923, 2400
486.032, 2162
486.142, 2222
486.251, 2203
486.363, 2432
486.475, 2222
486.582, 2385
486.688, 850
486.794, 274
486.901, 83
487.008, 8
487.12, 24
487.229, 24
487.333, 45
487.439, 30
487.546, 13
487.656, 34
487.762, 48
487.874, 43
487.981, 54
488.093, 15
488.202, 44
488.309, 13
488.415, 14
488.522, 35
488.632, 23
488.741, 44
488.85, 22
488.959, 27
489.066, 7
489.17, 7
489.271, 28
489.377, 13
489.485, 7
489.594, 42
489.706, 30
489.815, 44
489.921, 40
490.031, 42
490.137, 27
490.247, 42
490.356, 40
490.465, 27
490.575, 35
490.684, 16
490.793, 35
490.9, 11
491.009, 28
491.113, 21
491.217, 39
491.326, 21
491.435, 34
491.545, 27
491.654, 957
491.745, 1010
491.849, 1223
491.956, 1320
492.062, 1440
492.169, 1710
492.276, 1892
492.385, 2051
492.494, 2518
492.601, 2852
492.707, 3178
492.814, 3174
492.92, 3277
493.03, 3352
493.139, 3353
493.248, 3562
493.354, 3322
493.445, 3517
493.554, 3378
493.661, 3262
493.767, 3285
493.876, 3422
493.986, 3575
494.092, 3579
494.204, 3552
494.314, 3509
494.423, 3561
494.532, 3619
494.642, 3346
494.751, 3574
494.86, 3485
494.97, 3572
495.079, 3610
495.188, 3645
495.298, 3728
495.407, 3825
495.514, 3465
495.624, 3800
495.73, 3803
495.837, 3504
495.946, 3546
496.053, 3642
496.162, 3845
496.268, 3537
496.359, 3627
496.468, 3765
496.577, 3592
496.687, 3651
496.797, 3630
496.907, 3541
497.014, 3587
497.12, 3621
497.229, 3298
497.336, 3710
497.448, 3700
497.554, 3382
497.661, 3470
497.77, 3632
497.88, 3733
497.989, 3302
498.093, 3357
498.202, 3636
498.312, 3454
498.418, 3410
498.525, 3544
498.632, 3523
498.738, 3447
498.845, 3474
498.955, 3405
499.064, 3637
499.171, 3417
499.277, 3365
499.384, 3175
499.493, 3596
499.6, 3292
499.706, 3203
499.813, 3444
499.917, 2981
500.029, 3358
500.136, 3420
500.242, 3513
500.351, 3173
500.461, 3026
500.57, 2856
500.68, 3010
500.789, 2898
500.898, 2868
501.007, 2919
501.114, 2884
501.221, 2902
501.33, 2885
501.436, 2729
501.543, 3001
501.652, 2680
501.761, 2855
501.865, 3086
501.972, 2670
502.081, 2975
502.191, 3021
502.295, 2654
502.401, 2471
502.508, 2766
502.617, 2321
502.724, 2505
502.831, 2520
502.942, 2491
503.051, 2480
503.161, 2666
503.27, 2364
503.374, 2541
503.481, 2579
503.593, 2432
503.7, 2483
503.809, 2189
503.915, 2384
504.025, 2434
504.132, 2632
504.243, 2970
504.35, 2213
504.454, 2338
504.566, 2331
504.675, 2289
504.781, 2282
504.888, 2441
504.994, 2398
505.098, 2224
505.205, 2207
505.315, 2205
505.424, 2415
505.531, 2000
505.637, 1819
505.744, 1871
505.851, 1456
505.957, 1120
506.064, 972
506.173, 1010
506.283, 1091
506.389, 1259
506.496, 1164
506.6, 1427
506.706, 1766
506.816, 1823
506.927, 1734
507.037, 1034
507.146, 324
507.255, 99
507.359, 49
507.463, 76
507.57, 55
507.674, 23
507.783, 44
507.892, 65
508.004, 36
508.114, 28
508.224, 21
508.33, 42
508.437, 0
508.544, 54
508.65, 28
508.759, 55
508.869, 54
508.978, 42
509.084, 21
509.194, 16
509.297, 29
509.388, 35
509.497, 28
509.603, 48
509.694, 40
509.8, 30
509.907, 48
510.016, 47
510.12, 14
510.226, 29
510.317, 8
510.423, 55
510.535, 69
510.642, 49
510.751, 14
510.861, 8
510.973, 27
511.079, 20
511.186, 28
511.293, 56
511.405, 35
511.511, 8
511.618, 30
511.724, 8
511.839, 13
511.948, 27
512.055, 380
512.164, 593
512.274, 822
512.383, 822
512.49, 1184
512.599, 2005
512.703, 2719
512.807, 2907
512.914, 2932
513.023, 3166
513.13, 3188
513.236, 2893
513.343, 2994
513.449, 2989
513.559, 2842
513.668, 2927
513.775, 2799
513.886, 2927
513.993, 2929
514.103, 2740
514.209, 2925
514.316, 2838
514.423, 2991
514.529, 3021
514.641, 2872
514.748, 3036
514.857, 3074
514.966, 2877
515.076, 2972
515.184, 2844
515.275, 2907
515.384, 2958
515.491, 3133
515.6, 3059
515.71, 2964
515.819, 3034
515.928, 3195
516.032, 2973
516.141, 3231
516.248, 3074
516.359, 3020
516.468, 3193
516.577, 3264
516.686, 3051
516.793, 3107
516.902, 3066
517.009, 2963
517.118, 2909
517.228, 3117
517.334, 2985
517.446, 3203
517.552, 3260
517.661, 2995
517.769, 3039
517.873, 3186
517.982, 3263
518.088, 3193
518.198, 3240
518.305, 3216
518.411, 3064
518.515, 3026
518.622, 3098
518.732, 3036
518.841, 3097
518.948, 3163
519.054, 3262
519.164, 3156
519.273, 3082
519.379, 2998
519.489, 3050
519.599, 3069
519.707, 2997
519.814, 2860
519.924, 2922
520.03, 3130
520.137, 2997
520.246, 3155
520.355, 3050
520.465, 3101
520.571, 3069
520.678, 2995
520.787, 3097
520.896, 3067
521.008, 2881
521.115, 3033
521.224, 2930
521.332, 3073
521.443, 3036
521.55, 3105
521.662, 3044
521.768, 2990
521.875, 3063
521.982, 3024
522.091, 2855
522.201, 3012
522.307, 3077
522.413, 2273
522.52, 563
522.626, 206
522.733, 57
522.842, 55
522.952, 42
523.058, 8
523.168, 49
523.277, 34
523.381, 24
523.487, 62
523.597, 8
523.707, 48
523.812, 41
523.917, 35
524.023, 29
524.13, 35
524.234, 21
524.343, 22
524.45, 56
524.559, 35
524.668, 8
524.778, 52
524.887, 36
524.993, 21
525.103, 14
525.207, 29
525.313, 63
525.42, 29
525.527, 85
525.633, 214
525.74, 268
525.849, 296
525.959, 248
526.068, 274
526.177, 571
526.286, 994
526.396, 1203
526.505, 1185
526.615, 1396
526.724, 1732
526.831, 1824
526.937, 2129
527.044, 2406
527.156, 2716
527.265, 2879
527.374, 2785
527.484, 3057
527.593, 2925
527.7, 2801
527.806, 2963
527.915, 2975
528.022, 3019
528.134, 3158
528.243, 3020
528.353, 3088
528.462, 2890
528.572, 3008
528.676, 2934
528.782, 2992
528.891, 3074
528.995, 3002
529.102, 2944
529.208, 3088
529.301, 3053
529.408, 3152
529.517, 3079
529.628, 3077
529.734, 3055
529.841, 3149
529.947, 3030
530.054, 3084
530.161, 3022
530.267, 2949
530.374, 3053
530.481, 3376
530.59, 3018
530.696, 3070
530.803, 2988
530.909, 2993
531.013, 3003
531.12, 3050
531.23, 3191
531.337, 2911
531.444, 3010
531.55, 2981
531.657, 3088
531.763, 3085
531.854, 3031
531.96, 3022
532.067, 3130
532.173, 2979
532.283, 3135
532.394, 2920
532.504, 2884
532.613, 3014
532.72, 3026
532.824, 2872
532.928, 3001
533.034, 3079
533.141, 3139
533.252, 3213
533.359, 2919
533.463, 2903
533.569, 2838
533.676, 2851
533.785, 3110
533.894, 2949
533.999, 3066
534.11, 2891
534.217, 3141
534.323, 2755
534.433, 3131
534.542, 2872
534.649, 2838
534.752, 2869
534.862, 2825
534.971, 2859
535.078, 2769
535.188, 3028
535.294, 2642
535.406, 2564
535.512, 2919
535.622, 2633
535.729, 2666
535.838, 3084
535.947, 2744
536.054, 2931
536.163, 2694
536.27, 2401
536.376, 2876
536.483, 2959
536.59, 2581
536.696, 2664
536.806, 2654
536.915, 2778
537.025, 2661
537.134, 2813
537.24, 2509
537.331, 2552
537.438, 2605
537.549, 2355
537.659, 2604
537.765, 2422
537.877, 2522
537.989, 2669
538.096, 2624
538.205, 2432
538.315, 2517
538.422, 2647
538.531, 2798
538.641, 2454
538.744, 2497
538.851, 2218
538.961, 2342
539.067, 2657
539.174, 2595
539.281, 3050
539.387, 2802
539.494, 2692
539.604, 2593
539.71, 2331
539.816, 2394
539.925, 2500
540.033, 2498
540.143, 2764
540.249, 2627
540.356, 2630
540.462, 2594
540.567, 2302
540.67, 2246
540.782, 2377
540.891, 2521
541.001, 2311
541.111, 2323
541.221, 2395
541.331, 2508
541.44, 2222
541.549, 2337
541.653, 2408
541.759, 2167
541.869, 2113
541.973, 2212
542.082, 2114
542.189, 2126
542.299, 2352
542.408, 2061
542.515, 2393
542.627, 2268
542.734, 2190
542.843, 2405
542.952, 1995
543.056, 2092
543.165, 2166
543.274, 2299
543.379, 2028
543.486, 2058
543.594, 2046
543.701, 2095
543.805, 2304
543.914, 2223
544.023, 1909
544.13, 1940
544.234, 2104
544.343, 2111
544.447, 2199
544.557, 2113
544.663, 1936
544.775, 2138
544.884, 2040
544.994, 2055
545.103, 2365
545.207, 2351
545.314, 1907
545.417, 1937
545.525, 1992
545.631, 2254
545.74, 2290
545.844, 2084
545.956, 2270
546.062, 2142
546.166, 2106
546.273, 2343
546.383, 1950
546.489, 2215
546.599, 2486
546.708, 2101
546.814, 2056
546.921, 2177
547.028, 2155
547.137, 2365
547.246, 2111
547.35, 2058
547.46, 2031
547.569, 2161
547.675, 2331
547.779, 2347
547.87, 2376
547.979, 2162
548.085, 2296
548.193, 2156
548.301, 2171
548.408, 2403
548.513, 2282
548.624, 2083
548.734, 2110
548.845, 2203
548.957, 2399
549.067, 2133
549.173, 2210
549.28, 2075
549.386, 2146
549.49, 2268
549.596, 2226
549.703, 2399
549.815, 2251
549.925, 2316
550.028, 2505
550.135, 2475
550.244, 2468
550.353, 2305
550.46, 2605
550.567, 2328
550.676, 2371
550.782, 2279
550.886, 2387
550.993, 2450
551.102, 2545
551.209, 2479
551.315, 2266
551.422, 2291
551.531, 2727
551.641, 2593
551.75, 2319
551.857, 2299
551.966, 2558
552.072, 2421
552.182, 2443
552.289, 2334
552.4, 2343
552.507, 2246
552.616, 2531
552.723, 1433
552.832, 491
552.939, 206
553.048, 61
553.158, 8
553.268, 83
553.38, 21
553.486, 24
553.598, 29
553.704, 74
553.812, 21
553.921, 28
554.033, 45
554.139, 62
554.249, 15
554.355, 28
554.462, 47
554.568, 13
554.659, 28
554.765, 37
554.875, 28
554.978, 8
555.085, 13
555.192, 41
555.299, 8
555.405, 40
555.509, 52
555.615, 16
555.722, 21
555.831, 28
555.938, 35
556.047, 35
556.153, 20
556.244, 83
556.353, 21
556.46, 7
556.552, 21
556.659, 24
556.768, 47
556.875, 21
556.984, 21
557.094, 35
557.2, 35
557.31, 35
557.416, 28
557.528, 13
557.638, 13
557.747, 14
557.853, 35
557.963, 15
558.07, 21
558.176, 28
558.267, 20
558.376, 7
558.485, 21
558.595, 15
558.701, 55
558.808, 590
558.911, 680
559.019, 817
559.127, 1112
559.237, 1469
559.344, 1715
559.453, 2238
559.562, 2601
559.668, 2907
559.772, 3304
559.879, 3409
559.985, 3394
560.092, 3555
560.196, 3494
560.303, 3700
560.412, 4021
560.519, 3894
560.628, 4061
560.735, 4105
560.841, 4099
560.951, 4009
561.058, 3888
561.165, 4126
561.274, 4082
561.377, 3881
561.487, 4087
561.596, 4030
561.706, 3910
561.814, 3891
561.921, 3759
562.028, 3881
562.137, 3907
562.243, 4041
562.35, 4052
562.459, 3993
562.566, 3922
562.672, 3898
562.779, 3852
562.886, 3917
562.989, 3847
563.096, 3646
563.202, 3933
563.309, 3854
563.415, 3714
563.522, 3641
563.632, 4077
563.738, 3775
563.85, 3745
563.959, 3653
564.05, 3816
564.156, 4040
564.268, 3711
564.378, 3670
564.487, 3662
564.596, 3395
564.7, 3639
564.81, 3734
564.914, 3903
565.023, 3393
565.13, 3722
565.236, 3827
565.346, 3774
565.455, 3563
565.565, 3553
565.674, 3585
565.784, 3775
565.894, 3307
566, 3339
566.109, 3465
566.219, 3173
566.325, 3245
566.435, 3355
566.541, 3642
566.651, 3579
566.757, 3346
566.864, 2927
566.973, 3263
567.082, 3082
567.189, 3209
567.298, 3193
567.407, 2987
567.514, 3052
567.626, 2853
567.736, 3266
567.845, 2909
567.952, 3028
568.055, 2925
568.16, 3147
568.266, 2980
568.373, 2811
568.484, 2710
568.594, 2671
568.703, 2548
568.813, 3065
568.922, 2700
569.031, 2645
569.143, 2633
569.25, 2744
569.359, 2598
569.469, 2540
569.575, 2443
569.687, 2464
569.796, 2271
569.903, 2195
570.012, 2438
570.122, 2534
570.231, 2321
570.337, 2440
570.444, 2233
570.556, 2203
570.665, 2464
570.775, 2246
570.884, 2102
570.993, 2299
571.103, 2311
571.209, 2142
571.315, 2188
571.425, 2270
571.534, 2090
571.641, 2254
571.752, 2205
571.859, 2096
571.968, 1992
572.075, 2118
572.184, 1834
572.291, 1860
572.4, 2035
572.51, 2058
572.619, 2166
572.725, 2022
572.833, 2058
572.939, 827
573.045, 220
573.152, 62
573.261, 40
573.37, 41
573.48, 44
573.589, 45
573.698, 41
573.805, 37
573.915, 61
574.021, 28
574.128, 21
574.24, 23
574.349, 28
574.458, 15
574.569, 62
574.678, 28
574.787, 21
574.894, 27
575, 28
575.107, 15
575.213, 35
575.323, 44
575.432, 16
575.542, 42
575.651, 31
575.758, 21
575.864, 28
575.971, 41
576.077, 31
576.182, 35
576.291, 22
576.401, 16
576.505, 7
576.611, 21
576.72, 34
576.829, 21
576.936, 28
577.046, 8
577.155, 13
577.262, 21
577.374, 13
577.481, 28
577.587, 28
577.694, 21
577.803, 16
577.91, 228
578.016, 563
578.126, 805
578.238, 1088
578.347, 1773
578.453, 2253
578.555, 2215
578.661, 2358
578.768, 2301
578.874, 2389
578.983, 2588
579.093, 2354
579.197, 2336
579.309, 2327
579.418, 2600
579.527, 2678
579.634, 2936
579.746, 3032
579.855, 2670
579.961, 2948
580.071, 2712
580.177, 2592
580.287, 2804
580.398, 2845
580.489, 2713
580.598, 2665
580.705, 2620
580.816, 2725
580.926, 2736
581.03, 2738
581.137, 2792
581.249, 2712
581.359, 2192
581.468, 540
581.574, 145
581.665, 32
581.774, 8
581.883, 27
581.993, 8
582.096, 29
582.205, 14
582.312, 42
582.424, 41
582.53, 13
582.64, 21
582.744, 64
582.854, 56
582.965, 35
583.072, 21
583.181, 8
583.285, 28
583.397, 28
583.506, 27
583.616, 35
583.726, 20
583.835, 7
583.939, 35
584.043, 135
584.15, 628
584.259, 926
584.365, 1253
584.472, 1594
584.578, 2036
584.689, 2445
584.8, 2834
584.907, 3281
585.017, 3217
585.126, 3114
585.232, 3312
585.341, 3233
585.448, 3207
585.558, 3235
585.666, 3164
585.775, 3388
585.884, 3422
585.996, 3357
586.105, 3367
586.196, 3419
586.302, 3637
586.409, 3746
586.515, 3837
586.622, 3596
586.732, 3802
586.838, 3715
586.944, 3551
587.051, 3519
587.157, 3561
587.261, 3494
587.352, 3677
587.456, 3481
587.562, 3748
587.674, 3736
587.783, 3662
587.89, 3451
587.994, 3558
588.1, 3612
588.207, 3648
588.314, 3484
588.424, 3490
588.533, 3569
588.642, 3644
588.752, 3523
588.864, 3673
588.973, 3648
589.077, 3625
589.186, 3539
589.295, 3520
589.405, 3565
589.514, 3355
589.624, 3497
589.73, 3442
589.84, 3608
589.946, 3434
590.053, 3415
590.162, 3306
590.271, 3241
590.375, 3477
590.482, 3441
590.588, 3236
590.679, 3281
590.788, 3368
590.895, 3370
591.001, 3248
591.111, 3112
591.22, 3223
591.33, 3226
591.436, 3251
591.545, 3202
591.652, 3334
591.758, 3248
591.866, 3089
591.975, 3304
592.082, 3222
592.192, 3120
592.301, 3171
592.408, 3009
592.514, 2922
592.62, 3103
592.727, 2996
592.831, 2845
592.94, 2908
593.049, 2925
593.161, 2700
593.27, 2772
593.377, 2821
593.486, 2710
593.593, 2819
593.694, 2761
593.806, 2661
593.915, 2875
594.022, 2611
594.132, 2523
594.243, 2676
594.334, 2553
594.443, 2562
594.549, 2722
594.659, 2490
594.766, 2439
594.872, 2590
594.976, 2534
595.088, 2379
595.197, 2306
595.307, 2435
595.416, 2451
595.52, 2413
595.627, 2338
595.736, 2128
595.843, 2174
595.952, 2123
596.058, 2118
596.168, 2147
596.278, 2217
596.387, 2181
596.496, 2138
596.605, 2070
596.712, 2014
596.821, 2043
596.93, 2123
597.041, 2045
597.147, 2051
597.254, 2086
597.363, 1821
597.475, 2000
597.584, 2022
597.697, 2014
597.806, 1969
597.915, 2008
598.025, 1957
598.133, 1803
598.243, 1855
598.349, 1976
598.44, 1840
598.546, 1951
598.656, 1914
598.762, 1976
598.872, 1911
598.981, 1817
599.087, 1783
599.189, 1942
599.296, 2022
599.407, 1975
599.513, 1882
599.618, 1846
599.724, 1928
599.831, 1850
599.937, 2015
600.046, 2027
600.153, 1913
600.257, 1975
600.361, 1804
600.473, 1901
600.582, 1890
600.689, 1969
600.798, 1959
600.908, 1976
601.014, 1923
601.124, 1820
601.23, 1882
601.337, 1919
601.447, 1997
601.556, 1976
601.662, 1939
601.772, 1884
601.884, 1984
601.993, 2031
602.102, 2002
602.209, 1951
602.321, 1937
602.43, 1946
602.539, 1944
602.646, 2005
602.753, 2070
602.862, 2105
602.971, 2173
603.078, 2053
603.184, 1972
603.294, 2021
603.4, 2046
603.491, 2066
603.6, 2018
603.704, 2252
603.813, 2070
603.92, 2193
604.026, 2193
604.135, 2262
604.247, 2190
604.357, 2164
604.469, 2159
604.578, 2131
604.687, 2163
604.797, 2352
604.908, 2249
605.018, 2249
605.125, 2267
605.234, 2333
605.34, 2311
605.447, 2297
605.556, 2371
605.663, 2290
605.775, 2298
605.878, 2402
605.985, 2450
606.095, 2225
606.206, 2198
606.311, 2365
606.417, 2406
606.521, 2225
606.633, 2340
606.724, 2275
606.833, 2220
606.924, 2288
607.03, 2350
607.139, 2350
607.249, 2540
607.359, 2379
607.47, 2321
607.58, 2414
607.689, 2365
607.795, 2439
607.902, 2451
608.009, 1766
608.118, 535
608.223, 178
608.332, 31
608.444, 28
608.553, 35
608.662, 8
608.772, 35
608.882, 27
608.988, 0
609.098, 24
609.204, 8
609.313, 70
609.422, 13
609.532, 40
609.638, 21
609.729, 37
609.838, 35
609.948, 57
610.054, 41
610.161, 28
610.271, 13
610.38, 21
610.489, 47
610.598, 44
610.705, 13
610.812, 37
610.921, 57
611.028, 23
611.132, 55
611.238, 62
611.345, 28
611.454, 21
611.561, 13
611.667, 42
611.777, 47
611.889, 35
611.995, 8
612.102, 21
612.206, 7
612.312, 62
612.419, 15
612.526, 43
612.635, 54
612.741, 14
612.85, 37
612.958, 14
613.069, 17
613.176, 13
613.288, 14
613.397, 8
613.501, 8
613.608, 27
613.714, 21
613.821, 16
613.925, 14
614.034, 57
614.14, 34
614.251, 36
614.36, 8
614.451, 16
614.56, 42
614.669, 13
614.779, 44
614.888, 59
615, 690
615.109, 1203
615.219, 1339
615.329, 1300
615.435, 1206
615.541, 954
615.651, 793
615.757, 777
615.866, 822
615.973, 923
616.082, 1203
616.192, 1392
616.304, 1633
616.415, 1906
616.525, 2324
616.634, 2413
616.746, 2436
616.853, 2500
616.962, 2505
617.068, 2561
617.178, 2592
617.288, 2652
617.394, 3103
617.504, 3191
617.61, 3132
617.719, 3202
617.826, 3123
617.932, 3191
618.042, 3139
618.151, 3229
618.258, 3066
618.365, 3089
618.474, 3196
618.58, 3164
618.687, 2944
618.793, 2976
618.9, 3011
619.012, 2929
619.119, 3136
619.231, 3066
619.34, 3263
619.449, 3058
619.559, 3173
619.668, 3047
619.778, 3224
619.885, 3199
619.993, 3210
620.1, 3263
620.204, 3362
620.313, 3321
620.42, 3378
620.526, 3321
620.636, 3395
620.742, 3251
620.854, 3138
620.945, 3161
621.051, 2900
621.163, 3205
621.27, 3004
621.381, 3078
621.49, 2899
621.599, 2862
621.708, 2887
621.82, 3209
621.93, 2913
622.034, 3101
622.138, 3135
622.249, 2997
622.356, 2811
622.46, 2904
622.564, 2702
622.667, 2830
622.774, 2771
622.886, 2531
622.988, 2505
623.094, 2079
623.203, 2080
623.312, 1931
623.417, 2079
623.526, 1957
623.63, 1882
623.739, 1829
623.846, 1805
623.952, 1814
624.064, 1843
624.171, 1771
624.28, 1693
624.387, 1679
624.494, 1588
624.603, 1602
624.709, 1545
624.816, 1674
624.923, 1626
625.03, 1615
625.137, 1524
625.246, 1587
625.356, 1587
625.465, 1505
625.575, 1579
625.684, 1470
625.788, 1427
625.894, 1414
626.004, 1296
626.115, 1457
626.225, 1359
626.331, 1485
626.441, 1645
626.55, 1967
626.657, 2266
626.766, 2338
626.872, 2480
626.976, 2555
627.067, 2707
627.176, 2772
627.279, 2990
627.389, 3099
627.496, 3288
627.605, 3279
627.711, 3287
627.818, 3724
627.93, 3670
628.036, 4363
628.14, 4716
628.252, 3978
628.361, 3986
628.468, 4214
628.575, 4169
628.684, 3940
628.791, 3975
628.903, 4206
629.012, 4271
629.121, 4114
629.228, 4182
629.337, 1569
629.441, 551
629.548, 105
629.655, 40
629.766, 16
629.878, 47
629.99, 21
630.099, 660
630.19, 643
630.296, 1077
630.406, 1036
630.516, 951
630.625, 1011
630.732, 1201
630.836, 1363
630.945, 1327
631.051, 1756
631.161, 1986
631.27, 2073
631.379, 2207
631.489, 2182
631.598, 2198
631.71, 2043
631.817, 2087
631.926, 2144
632.035, 2133
632.145, 2591
632.255, 2567
632.364, 2773
632.474, 3424
632.583, 4074
632.692, 4027
632.801, 3311
632.91, 1174
633.014, 413
633.124, 115
633.23, 44
633.339, 13
633.446, 35
633.553, 44
633.661, 63
633.768, 21
633.875, 28
633.984, 15
634.091, 41
634.197, 23
634.304, 41
634.41, 8
634.514, 8
634.618, 24
634.73, 29
634.837, 28
634.946, 13
635.053, 64
635.162, 21
635.271, 35
635.375, 47
635.484, 41
635.589, 0
635.695, 28
635.804, 21
635.911, 21
636.02, 21
636.126, 8
636.217, 32
636.326, 35
636.432, 13
636.536, 21
636.627, 49
636.736, 8
636.84, 23
636.946, 7
637.058, 28
637.168, 41
637.274, 56
637.378, 34
637.487, 47
637.591, 21
637.7, 21
637.812, 35
637.919, 23
638.026, 16
638.133, 55
638.239, 24
638.346, 16
638.455, 34
638.567, 343
638.673, 855
638.783, 1278
638.889, 1491
638.997, 1578
639.1, 1785
639.204, 1932
639.308, 2332
639.415, 2710
639.521, 3520
639.63, 4020
639.734, 4443
639.841, 4346
639.948, 3853
640.057, 3796
640.164, 4232
640.267, 4347
640.374, 4483
640.48, 4464
640.587, 4433
640.694, 4261
640.803, 4445
640.91, 4568
641.019, 4637
641.125, 4395
641.232, 4587
641.339, 4439
641.445, 4643
641.554, 4694
641.658, 4545
641.768, 4483
641.874, 4488
641.983, 4511
642.074, 4581
642.18, 4506
642.29, 4458
642.4, 4397
642.506, 4293
642.613, 4408
642.72, 4323
642.826, 4382
642.933, 4471
643.042, 4220
643.146, 4537
643.255, 4354
643.346, 4127
643.453, 4234
643.561, 4243
643.668, 4202
643.775, 4141
643.886, 4055
643.993, 4357
644.097, 4001
644.204, 3939
644.313, 4158
644.419, 3990
644.528, 3987
644.619, 3952
644.725, 3876
644.832, 3774
644.941, 3900
645.045, 4040
645.155, 3965
645.259, 3790
645.365, 3811
645.474, 3756
645.581, 3480
645.688, 3675
645.797, 3398
645.901, 3508
646.012, 3332
646.12, 3176
646.226, 3427
646.338, 3583
646.444, 3274
646.551, 3019
646.66, 3437
646.767, 3394
646.878, 3051
646.987, 2741
647.093, 2345
647.205, 1924
647.315, 1747
647.421, 538
647.525, 126
647.637, 63
647.746, 44
647.856, 40
647.96, 30
648.07, 21
648.174, 28
648.283, 44
648.39, 59
648.499, 55
648.603, 47
648.713, 36
648.82, 21
648.926, 13
649.03, 22
649.134, 34
649.243, 47
649.349, 43
649.459, 40
649.566, 13
649.678, 8
649.785, 35
649.892, 8
649.999, 82
650.105, 37
650.209, 36
650.318, 21
650.428, 31
650.534, 27
650.643, 16
650.75, 27
650.859, 42
650.969, 36
651.076, 7
651.183, 35
651.289, 24
651.399, 35
651.505, 15
651.615, 21
651.726, 31
651.817, 24
651.926, 16
652.036, 29
652.145, 41
652.254, 31
652.361, 27
652.473, 0
652.582, 59
652.692, 57
652.798, 21
652.902, 40
652.993, 28
653.102, 15
653.212, 24
653.321, 7
653.43, 29
653.534, 47
653.644, 358
653.754, 474
653.863, 588
653.972, 778
654.079, 1028
654.186, 1450
654.292, 1817
654.404, 2241
654.513, 2148
654.62, 1990
654.729, 2048
654.838, 2076
654.942, 1983
655.049, 2066
655.155, 2002
655.263, 2094
655.369, 2039
655.481, 2011
655.591, 2113
655.697, 1973
655.801, 2203
655.908, 2157
656.017, 2110
656.124, 2138
656.233, 2172
656.342, 2126
656.449, 2146
656.558, 2118
656.664, 2115
656.755, 2264
656.861, 2198
656.952, 2207
657.058, 2328
657.167, 2278
657.274, 2348
657.383, 2165
657.495, 2253
657.604, 2405
657.711, 2326
657.818, 2244
657.93, 2363
658.04, 2442
658.149, 2529
658.256, 2453
658.362, 2534
658.472, 2444
658.581, 2375
658.688, 2393
658.795, 2522
658.907, 2403
659.013, 2549
659.123, 2501
659.229, 2566
659.336, 2600
659.442, 2631
659.552, 2564
659.658, 2524
659.77, 2482
659.876, 2550
659.986, 2589
660.095, 2595
660.205, 2550
660.314, 2703
660.424, 2695
660.535, 2171
660.639, 786
660.748, 258
660.858, 54
660.967, 49
661.073, 20
661.183, 42
661.292, 0
661.398, 28
661.508, 16
661.621, 7
661.727, 22
661.834, 25
661.94, 41
662.044, 28
662.135, 49
662.241, 63
662.348, 16
662.458, 8
662.567, 54
662.676, 21
662.786, 28
662.895, 27
663.001, 28
663.108, 696
663.201, 773
663.31, 865
663.416, 902
663.523, 933
663.633, 972
663.74, 947
663.846, 981
663.953, 1056
664.06, 933
664.169, 933
664.278, 897
664.388, 866
664.495, 881
664.606, 860
664.717, 903
664.824, 955
664.936, 902
665.042, 919
665.133, 960
665.242, 950
665.348, 852
665.455, 922
665.564, 923
665.674, 911
665.783, 864
665.889, 920
665.999, 884
666.103, 912
666.209, 1013
666.319, 810
666.428, 737
666.532, 589
666.641, 348
666.75, 56
666.858, 30
666.967, 34
667.079, 42
667.185, 0
667.295, 16
667.404, 37
667.514, 30
667.62, 48
667.729, 42
667.836, 47
667.948, 35
668.057, 28
668.169, 15
668.281, 55
668.39, 47
668.497, 28
668.606, 21
668.713, 42
668.82, 34
668.932, 29
669.041, 21
669.144, 27
669.255, 8
669.366, 16
669.472, 31
669.584, 20
669.693, 28
669.8, 35
669.909, 22
670.021, 28
670.128, 54
670.237, 7
670.341, 29
670.447, 49
670.554, 8
670.663, 16
670.77, 24
670.88, 28
670.986, 31
671.09, 21
671.199, 27
671.303, 8
671.412, 49
671.522, 27
671.628, 13
671.735, 16
671.844, 8
671.956, 30
672.066, 35
672.175, 49
672.284, 49
672.391, 13
672.495, 49
672.604, 44
672.71, 40
672.82, 30
672.929, 55
673.036, 16
673.148, 31
673.257, 35
673.366, 31
673.476, 8
673.58, 28
673.689, 8
673.796, 0
673.905, 21
674.017, 27
674.123, 63
674.23, 42
674.339, 16
674.448, 28
674.555, 56
674.662, 44
674.771, 8
674.878, 28
674.981, 13
675.086, 21
675.192, 31
675.302, 8
675.411, 8
675.518, 16
675.629, 24
675.736, 34
675.848, 24
675.957, 21
676.061, 8
676.168, 42
676.28, 13
676.389, 35
676.498, 24
676.605, 15
676.706, 28
676.813, 31
676.922, 15
677.031, 28
677.138, 28
677.247, 27
677.356, 21
677.466, 24
677.572, 21
677.682, 20
677.788, 41
677.895, 7
677.999, 28
678.105, 0
678.214, 27
678.321, 35
678.433, 34
678.54, 8
678.646, 17
678.756, 27
678.862, 47
678.968, 35
679.078, 28
679.185, 8
679.296, 41
679.401, 21
679.511, 45
679.618, 34
679.727, 31
679.836, 35
679.943, 40
680.047, 21
680.153, 28
680.26, 21
680.367, 16
680.47, 8
680.561, 24
680.671, 28
680.777, 34
680.883, 28
680.99, 40
681.097, 47
681.206, 21
681.312, 13
681.414, 13
681.521, 52
681.632, 20
681.742, 42
681.848, 13
681.958, 34
682.067, 13
682.174, 21
682.286, 27
682.393, 20
682.505, 247
682.612, 625
682.721, 819
682.827, 850
682.931, 559
683.042, 350
683.153, 120
683.262, 31
683.369, 24
683.476, 47
683.585, 16
683.695, 35
683.801, 24
683.907, 8
684.017, 21
684.123, 44
684.214, 41
684.32, 21
684.432, 39
684.539, 8
684.646, 428
684.758, 925
684.867, 995
684.973, 990
685.083, 810
685.189, 532
685.28, 419
685.387, 332
685.493, 358
685.602, 339
685.708, 327
685.812, 317
685.903, 317
686.012, 309
686.116, 262
686.225, 104
686.334, 8
686.443, 28
686.553, 28
686.662, 21
686.769, 42
686.875, 20
686.98, 24
687.088, 24
687.198, 35
687.302, 8
687.412, 21
687.519, 8
687.628, 24
687.735, 27
687.844, 16
687.953, 34
688.057, 8
688.167, 41
688.273, 378
688.382, 479
688.492, 499
688.598, 498
688.707, 486
688.814, 474
688.926, 495
689.033, 412
689.14, 442
689.246, 392
689.355, 407
689.464, 418
689.574, 369
689.681, 395
689.79, 411
689.904, 399
690.014, 433
690.12, 401
690.222, 416
690.328, 425
690.44, 403
690.546, 383
690.637, 404
690.746, 385
690.837, 374
690.948, 394
691.057, 393
691.164, 389
691.274, 392
691.377, 409
691.484, 395
691.59, 390
691.697, 354
691.804, 400
691.911, 409
692.017, 419
692.129, 432
692.238, 397
692.348, 400
692.46, 411
692.572, 396
692.681, 409
692.79, 405
692.897, 385
693.006, 372
693.113, 383
693.22, 404
693.329, 945
693.439, 1253
693.55, 1143
693.658, 359
693.769, 13
693.876, 35
693.985, 21
694.095, 28
694.206, 41
694.316, 13
694.425, 21
694.532, 24
694.638, 40
694.742, 8
694.848, 42
694.958, 35
695.067, 36
695.174, 44
695.283, 24
695.39, 8
695.499, 54
695.605, 21
695.712, 28
695.805, 16
695.911, 30
696.021, 21
696.125, 8
696.232, 13
696.341, 41
696.45, 27
696.559, 24
696.669, 14
696.778, 35
696.888, 27
696.994, 8
697.101, 20
697.21, 13
697.314, 28
697.423, 0
697.532, 22
697.639, 15
697.748, 8
697.857, 13
697.964, 28
698.067, 16
698.177, 16
698.289, 16
698.395, 13
698.498, 0
698.608, 0
698.717, 0
698.826, 0
698.933, 0
699.042, 0
699.151, 0
699.26, 0
699.367, 0
700.058, 0
700.167, 0
700.274, 0
700.381, 0
700.49, 0
700.597, 0
700.706, 0
700.812, 0
700.921, 0
701.031, 0
701.137, 0
701.241, 0
701.35, 0
701.457, 0
701.566, 0
701.675, 0
701.785, 0
701.894, 0
702, 0
702.107, 0
702.214, 0
702.323, 0
702.432, 0
702.542, 0
702.651, 0
702.757, 0
702.866, 0
702.976, 0
703.085, 0
703.192, 0
703.301, 0
703.41, 0
703.517, 0
703.626, 0
703.735, 0
703.844, 0
703.954, 0
704.061, 0
704.167, 0
704.276, 0
704.385, 0
704.492, 0
704.598, 0
704.708, 0
704.817, 0
704.926, 0
705.03, 0
705.139, 0
705.249, 0
705.358, 0
705.462, 0
705.569, 0
705.68, 0
705.79, 0
705.896, 0
706.003, 0
706.109, 0
706.216, 0
706.325, 0
706.434, 0
706.541, 0
706.653, 0
706.762, 0
706.871, 0
706.981, 0
707.087, 0
707.196, 0
707.306, 0
707.415, 0
707.524, 0
707.631, 0
707.74, 0
707.849, 0
707.956, 0
708.06, 0
708.169, 0
708.278, 0
708.388, 0
708.494, 0
708.603, 0
708.713, 0
708.819, 0
708.923, 0
709.032, 0
709.139, 0
709.246, 0
709.357, 0
709.467, 0
709.576, 0
709.683, 0
709.789, 0
709.896, 0
710.005, 0
710.114, 0
710.221, 0
710.33, 0
710.439, 0
710.548, 0
710.658, 0
710.767, 0
710.876, 0
710.983, 0
711.092, 0
711.201, 0
711.31, 0
711.417, 0
711.526, 0
711.636, 0
711.745, 0
711.849, 0
711.955, 0
712.065, 0
712.174, 0
712.281, 0
712.387, 0
712.499, 0
712.608, 0
712.715, 0
712.818, 0
712.928, 0
713.034, 0
713.144, 0
713.253, 0
713.362, 0
713.471, 0
713.578, 0
713.684, 0
713.791, 0
713.9, 0
714.01, 0
714.119, 0
714.228, 0
714.335, 0
714.444, 0
714.553, 0
714.663, 0
714.769, 0
714.878, 0
714.988, 0
715.094, 0
715.198, 0
715.307, 0
715.416, 0
715.526, 0
715.632, 0
715.742, 0
715.851, 0
715.96, 0
716.069, 0
716.179, 0
716.288, 0
716.395, 0
716.501, 0
716.607, 0
716.714, 0
716.821, 0
716.93, 0
717.039, 0
717.149, 0
717.258, 0
717.367, 0
717.471, 0
717.58, 0
717.687, 0
717.796, 0
717.905, 0
718.014, 0
718.124, 0
718.23, 0
718.339, 0
718.449, 0
718.558, 0
718.665, 0
718.774, 0
718.883, 0
718.99, 0
719.093, 0
719.203, 0
719.312, 0
719.421, 0
719.528, 0
719.637, 0
719.746, 0
719.853, 0
719.962, 0
720.072, 0
720.178, 0
720.29, 0
720.396, 0
720.503, 0
720.61, 0
720.714, 0
720.825, 0
720.935, 0
721.044, 0
721.153, 0
721.26, 0
721.366, 0
721.476, 0
721.58, 0
721.689, 0
721.798, 0
721.907, 0
722.016, 0
722.126, 0
722.235, 0
722.344, 0
722.451, 0
722.56, 0
722.669, 0
722.779, 0
722.888, 0
722.995, 0
723.104, 0
723.213, 0
723.32, 0
723.426, 0
723.533, 0
723.642, 0
723.751, 0
723.858, 0
723.967, 0
724.076, 0
724.186, 0
724.289, 0
724.399, 0
724.508, 0
724.615, 0
724.721, 0
724.828, 0
724.939, 0
725.049, 0
725.155, 0
725.262, 0
725.368, 0
725.478, 0
725.587, 0
725.693, 0
725.803, 0
725.912, 0
726.018, 0
726.125, 0
726.232, 0
726.341, 0
726.45, 0
726.559, 0
726.669, 0
726.775, 0
726.885, 0
726.994, 0
727.103, 0
727.21, 0
727.319, 0
727.428, 0
727.535, 0
727.644, 0
727.753, 0
727.863, 0
727.972, 0
728.078, 0
728.185, 0
728.292, 0
728.401, 0
728.51, 0
728.617, 0
728.726, 0
728.835, 0
728.942, 0
729.048, 0
729.155, 0
729.264, 0
729.371, 0
729.482, 0
729.592, 0
729.701, 0
729.808, 0
729.917, 0
730.024, 0
730.13, 0
730.237, 0
730.346, 0
730.455, 0
730.564, 0
730.671, 0
730.78, 0
730.889, 0
730.999, 0
731.105, 0
731.214, 0
731.324, 0
731.43, 0
731.54, 0
731.646, 0
731.758, 0
731.867, 0
731.971, 0
732.08, 0
732.19, 0
732.299, 0
732.406, 0
732.515, 0
732.624, 0
732.733, 0
732.843, 0
732.949, 0
733.058, 0
733.165, 0
733.269, 0
733.375, 0
733.485, 0
733.594, 0
733.7, 0
733.807, 0
733.916, 0
734.02, 0
734.129, 0
734.239, 0
734.348, 0
734.457, 0
734.566, 0
734.676, 0
734.785, 0
734.891, 0
735.001, 0
735.11, 0
735.217, 0
735.323, 0
735.435, 0
735.544, 0
735.654, 0
735.76, 0
735.867, 0
735.974, 0
736.083, 0
736.192, 0
736.298, 0
736.408, 0
736.517, 0
736.626, 0
736.73, 0
736.839, 0
736.946, 0
737.055, 0
737.162, 0
737.268, 0
737.38, 0
737.49, 0
737.596, 0
737.703, 0
737.812, 0
737.919, 0
738.025, 0
738.134, 0
738.243, 0
738.353, 0
738.462, 0
738.571, 0
738.68, 0
738.787, 0
738.896, 0
739.006, 0
739.112, 0
739.221, 0
739.331, 0
739.44, 0
739.549, 0
739.653, 0
739.762, 0
739.869, 0
739.978, 0
740.088, 0
740.194, 0
740.303, 0
740.412, 0
740.519, 0
740.626, 0
740.732, 0
740.841, 0
740.951, 0
741.057, 0
741.166, 0
741.276, 0
741.382, 0
741.489, 0
741.596, 0
741.705, 0
741.811, 0
741.923, 0
742.033, 0
742.142, 0
742.248, 0
742.358, 0
742.467, 0
742.576, 0
742.682, 0
742.792, 0
742.899, 0
743.008, 0
743.117, 0
743.226, 0
743.335, 0
743.445, 0
743.549, 0
743.658, 0
743.765, 0
743.874, 0
743.981, 0
744.087, 0
744.199, 0
744.308, 0
744.415, 0
744.521, 0
744.628, 0
744.737, 0
744.846, 0
744.953, 0
745.062, 0
745.171, 0
745.281, 0
745.39, 0
745.494, 0
745.603, 0
745.707, 0
745.816, 0
745.925, 0
746.034, 0
746.144, 0
746.253, 0
746.362, 0
746.469, 0
746.578, 0
746.687, 0
746.797, 0
746.906, 0
747.013, 0
747.122, 0
747.231, 0
747.337, 0
747.444, 0
747.554, 0
747.658, 0
747.764, 0
747.876, 0
747.985, 0
748.094, 0
748.201, 0
748.308, 0
748.414, 0
748.523, 0
748.63, 0
748.742, 0
748.851, 0
748.96, 0
749.067, 0
749.176, 0
749.283, 0
749.389, 0
749.496, 0
749.605, 0
749.714, 0
749.824, 0
749.93, 0
750.039, 0
750.149, 0
750.258, 0
750.364, 0
750.474, 0
750.583, 0
750.69, 0
750.799, 0
750.906, 0
751.017, 0
751.127, 0
751.23, 0
751.34, 0
751.449, 0
751.558, 0
751.665, 0
751.772, 0
751.883, 0
751.993, 0
752.102, 0
752.208, 0
752.318, 0
752.424, 0
752.528, 0
752.635, 0
752.744, 0
752.853, 0
752.96, 0
753.066, 0
753.175, 0
753.28, 0
753.389, 0
753.498, 0
753.607, 0
753.716, 0
753.826, 0
753.935, 0
754.044, 0
754.151, 0
754.26, 0
754.369, 0
754.476, 0
754.583, 0
754.694, 0
754.804, 0
754.913, 0
755.02, 0
755.126, 0
755.233, 0
755.342, 0
755.451, 0
755.558, 0
755.667, 0
755.776, 0
755.885, 0
755.989, 0
756.099, 0
756.205, 0
756.314, 0
756.421, 0
756.528, 0
756.639, 0
756.749, 0
756.855, 0
756.962, 0
757.071, 0
757.175, 0
757.284, 0
757.393, 0
757.5, 0
757.606, 0
757.716, 0
757.825, 0
757.931, 0
758.041, 0
758.15, 0
758.259, 0
758.366, 0
758.475, 0
758.584, 0
758.694, 0
758.803, 0
758.91, 0
759.019, 0
759.128, 0
759.232, 0
759.344, 0
759.453, 0
759.563, 0
759.672, 0
759.778, 0
759.885, 0
759.991, 0
760.098, 0
760.207, 0
760.316, 0
760.426, 0
760.535, 0
760.642, 0
760.748, 0
760.855, 0
760.964, 0
761.071, 0
761.182, 0
761.292, 0
761.401, 0
761.508, 0
761.617, 0
761.726, 0
761.835, 0
761.942, 0
762.051, 0
