time,speedReference
0.318, 0
0.425, 0
0.531, 0
0.638, 0
0.747, 0
0.854, 0
0.963, 0
1.072, 0
1.181, 0
1.29, 0
1.4, 0
1.509, 0
1.618, 0
1.724, 0
1.834, 0
1.943, 0
2.053, 0
2.159, 0
2.268, 0
2.377, 0
2.487, 0
2.59, 0
2.697, 0
2.806, 0
2.913, 0
3.022, 0
3.129, 0
3.24, 0
3.35, 0
3.456, 0
3.563, 0
3.669, 0
3.779, 0
3.888, 0
3.994, 0
4.103, 0
4.213, 0
4.319, 0
4.426, 0
4.532, 0
4.642, 0
4.751, 0
4.857, 0
4.967, 0
5.076, 0
5.185, 0
5.294, 0
5.404, 0
5.51, 0
5.619, 0
5.729, 0
5.838, 0
5.947, 0
6.054, 0
6.163, 0
6.272, 0
6.379, 0
6.483, 0
6.592, 0
6.698, 0
6.805, 0
6.917, 0
7.026, 0
7.135, 0
7.242, 0
7.348, 0
7.455, 0
7.564, 0
7.673, 0
7.78, 0
7.889, 0
7.998, 0
8.108, 0
8.211, 0
8.321, 0
8.427, 0
8.534, 0
8.643, 0
8.75, 0
8.856, 0
8.965, 0
9.074, 0
9.184, 0
9.29, 0
9.397, 0
9.506, 0
9.615, 0
9.722, 0
9.828, 0
9.935, 0
10.042, 0
10.148, 0
10.257, 0
10.369, 0
10.478, 0
10.585, 0
10.688, 0
10.798, 0
10.902, 0
11.008, 0
11.115, 0
11.221, 0
11.33, 0
11.435, 0
11.541, 0
11.653, 0
11.762, 0
11.871, 0
11.978, 0
12.085, 0
12.193, 0
12.3, 0
12.407, 0
12.516, 0
12.625, 0
12.734, 0
12.844, 0
12.953, 0
13.062, 0
13.171, 0
13.278, 0
13.387, 0
13.496, 0
13.606, 0
13.712, 0
13.821, 0
13.931, 0
14.04, 0
14.144, 0
14.25, 0
14.359, 0
14.466, 0
14.575, 0
14.682, 0
14.794, 0
14.903, 0
15.009, 0
15.116, 0
15.223, 0
15.332, 0
15.441, 0
15.547, 0
15.657, 0
15.766, 0
15.872, 0
15.979, 0
16.085, 0
16.195, 0
16.304, 0
16.411, 0
16.52, 0
16.629, 0
16.738, 0
16.848, 0
16.957, 0
17.064, 0
17.173, 0
17.282, 0
17.391, 0
17.501, 0
17.607, 0
17.716, 0
17.825, 0
17.932, 0
18.036, 0
18.145, 0
18.252, 0
18.361, 0
18.47, 0
18.579, 0
18.688, 0
18.795, 0
18.902, 0
19.008, 0
19.117, 0
19.227, 0
19.333, 0
19.442, 0
19.551, 0
19.661, 0
19.765, 0
19.874, 0
19.98, 0
20.09, 0
20.196, 0
20.303, 0
20.415, 0
20.524, 0
20.633, 0
20.742, 0
20.852, 0
20.958, 0
21.067, 0
21.177, 0
21.286, 0
21.393, 0
21.502, 0
21.611, 0
21.72, 0
21.827, 0
21.93, 0
22.04, 0
22.146, 0
22.255, 0
22.365, 0
22.474, 0
22.583, 0
22.69, 0
22.796, 0
22.903, 0
23.012, 0
23.122, 0
23.228, 0
23.337, 0
23.446, 0
23.553, 0
23.659, 0
23.766, 0
23.875, 0
23.984, 0
24.091, 0
24.2, 0
24.309, 0
24.419, 0
24.528, 0
24.637, 0
24.744, 0
24.853, 0
24.962, 0
25.069, 0
25.181, 0
25.287, 0
25.396, 0
25.506, 0
25.612, 0
25.719, 0
25.825, 0
25.932, 0
26.041, 0
26.15, 0
26.259, 0
26.369, 0
26.478, 0
26.582, 0
26.691, 0
26.798, 0
26.907, 0
27.014, 0
27.12, 0
27.232, 0
27.341, 0
27.45, 0
27.56, 0
27.669, 0
27.775, 0
27.885, 0
27.994, 0
28.101, 0
28.204, 0
28.313, 0
28.423, 0
28.532, 0
28.639, 0
28.748, 0
28.857, 0
28.964, 0
29.073, 0
29.182, 0
29.289, 0
29.4, 0
29.507, 0
29.613, 0
29.723, 0
29.832, 0
29.939, 0
30.045, 0
30.154, 0
30.264, 0
30.37, 0
30.474, 0
30.583, 0
30.69, 0
30.799, 0
30.908, 0
31.017, 0
31.127, 0
31.233, 0
31.34, 0
31.449, 0
31.555, 0
31.662, 0
31.771, 0
31.88, 0
31.99, 0
32.099, 0
32.208, 0
32.317, 0
32.427, 0
32.533, 0
32.643, 0
32.752, 0
32.861, 0
32.967, 0
33.077, 0
33.186, 0
33.295, 0
33.399, 0
33.506, 0
33.615, 0
33.722, 0
33.831, 0
33.94, 0
34.049, 0
34.158, 0
34.265, 0
34.369, 0
34.478, 0
34.585, 0
34.694, 0
34.803, 0
34.912, 0
35.021, 0
35.128, 0
35.234, 0
35.344, 0
35.45, 0
35.557, 0
35.666, 0
35.775, 0
35.884, 0
35.994, 0
36.103, 0
36.212, 0
36.319, 0
36.428, 0
36.537, 0
36.647, 0
36.756, 0
36.862, 0
36.971, 0
37.081, 0
37.187, 0
37.291, 0
37.4, 0
37.507, 0
37.614, 0
37.726, 0
37.835, 0
37.944, 0
38.051, 0
38.157, 0
38.264, 0
38.373, 0
38.482, 0
38.588, 0
38.698, 0
38.807, 0
38.916, 0
39.02, 0
39.129, 0
39.236, 0
39.342, 0
39.452, 0
39.558, 0
39.67, 0
39.779, 0
39.888, 0
39.998, 0
40.107, 0
40.213, 0
40.323, 0
40.432, 0
40.541, 0
40.648, 0
40.757, 0
40.866, 0
40.976, 0
41.082, 0
41.186, 0
41.295, 0
41.402, 0
41.511, 0
41.62, 0
41.729, 0
41.839, 0
41.945, 0
42.052, 0
42.158, 0
42.267, 0
42.377, 0
42.483, 0
42.592, 0
42.702, 0
42.808, 0
42.915, 0
43.024, 0
43.128, 0
43.235, 0
43.346, 0
43.455, 0
43.565, 0
43.674, 0
43.783, 0
43.893, 0
43.999, 0
44.108, 0
44.217, 0
44.324, 0
44.436, 0
44.543, 0
44.652, 0
44.761, 0
44.868, 0
44.974, 0
45.081, 0
45.187, 0
45.296, 0
45.406, 0
45.515, 0
45.624, 0
45.733, 0
45.837, 0
45.947, 0
46.053, 0
46.162, 0
46.269, 0
46.375, 0
46.487, 0
46.596, 0
46.703, 0
46.809, 0
46.916, 0
47.026, 0
47.134, 0
47.241, 0
47.35, 0
47.46, 0
47.569, 0
47.678, 0
47.787, 0
47.894, 0
48.003, 0
48.112, 0
48.222, 0
48.331, 0
48.437, 0
48.547, 0
48.656, 0
48.762, 0
48.866, 0
48.975, 0
49.082, 0
49.191, 0
49.3, 0
49.41, 0
49.519, 0
49.625, 0
49.729, 0
49.838, 0
49.945, 0
50.054, 0
50.164, 0
50.273, 0
50.382, 0
50.489, 0
50.595, 0
50.704, 0
50.811, 0
50.918, 0
51.027, 0
51.136, 0
51.245, 0
51.354, 0
51.464, 0
51.573, 0
51.682, 0
51.788, 0
51.898, 0
52.007, 0
52.117, 0
52.223, 0
52.332, 0
52.441, 0
52.551, 0
52.654, 0
52.761, 0
52.87, 0
52.977, 0
53.086, 0
53.195, 0
53.304, 0
53.414, 0
53.52, 0
53.624, 0
53.733, 109
53.842, 2160
53.951, 2160
54.06, 2160
54.167, 2160
54.279, 2160
54.388, 2160
54.498, 2160
54.607, 2160
54.717, 2160
54.823, 2160
54.935, 2160
55.044, 2160
55.154, 2160
55.26, 2160
55.37, 2160
55.481, 2160
55.591, 2160
55.7, 2160
55.81, 2160
55.919, 2160
56.028, 2160
56.137, 2160
56.247, 2160
56.356, 2160
56.462, 2160
56.569, 2160
56.675, 2160
56.785, 2160
56.892, 2160
56.998, 2160
57.104, 2160
57.214, 2160
57.323, 2160
57.433, 2160
57.542, 2160
57.651, 2160
57.76, 2160
57.87, 2160
57.976, 2160
58.067, 2160
58.176, 2160
58.286, 2160
58.392, 2160
58.499, 2160
58.603, 2160
58.713, 2160
58.819, 2160
58.926, 2160
59.035, 2160
59.144, 2160
59.254, 2160
59.363, 2160
59.472, 2160
59.582, 2160
59.691, 2160
59.8, 2160
59.91, 2160
60.016, 2160
60.126, 2160
60.235, 2160
60.339, 0
60.446, 0
60.555, 1308
60.665, 2160
60.771, 2160
60.877, 2160
60.985, 2160
61.088, 2160
61.197, 2160
61.304, 2160
61.412, 2160
61.521, 0
61.63, 109
61.737, 2160
61.846, 2160
61.956, 2160
62.063, 2160
62.169, 2160
62.278, 2160
62.387, 2160
62.494, 2160
62.601, 1941
62.712, 0
62.819, 1744
62.926, 2160
63.035, 2160
63.142, 2160
63.249, 2160
63.358, 2160
63.468, 2160
63.574, 2160
63.68, 2160
63.787, 2160
63.893, 0
64.002, 0
64.106, 2160
64.197, 2160
64.303, 2160
64.41, 2160
64.519, 2160
64.626, 2160
64.732, 2160
64.84, 2160
64.946, 2160
65.055, 0
65.164, 0
65.271, 2160
65.375, 2160
65.466, 2160
65.575, 2160
65.681, 2160
65.772, 2160
65.878, 2160
65.99, 2160
66.096, 2160
66.201, 0
66.307, 0
66.414, 0
66.523, 0
66.629, 0
66.739, 2160
66.846, 2160
66.952, 2160
67.059, 2160
67.168, 2160
67.275, 2160
67.384, 196
67.493, 0
67.597, 0
67.706, 0
67.813, 0
67.919, 218
68.026, 2160
68.13, 2160
68.239, 2160
68.348, 2160
68.456, 2160
68.565, 2160
68.674, 2160
68.783, 2160
68.89, 2160
68.996, 2160
69.106, 2160
69.215, 2160
69.322, 2160
69.433, 2160
69.543, 2160
69.652, 2160
69.758, 2160
69.865, 2160
69.976, 2160
70.085, 2160
70.194, 2160
70.303, 2160
70.413, 2160
70.522, 2160
70.632, 2160
70.738, 2160
70.845, 2160
70.954, 2160
71.063, 2160
71.172, 2160
71.281, 2160
71.389, 2160
71.498, 2160
71.605, 2160
71.714, 2160
71.824, 2160
71.935, 2160
72.044, 2160
72.151, 2160
72.261, 2160
72.37, 2160
72.479, 2160
72.588, 2160
72.7, 2160
72.807, 2160
72.918, 2160
73.009, 2160
73.118, 2160
73.225, 2160
73.334, 2160
73.438, 2160
73.547, 2160
73.659, 2160
73.768, 2160
73.877, 2160
73.981, 2160
74.091, 2160
74.197, 2160
74.307, 2160
74.413, 2160
74.52, 2160
74.629, 2160
74.72, 2160
74.829, 2160
74.938, 2160
75.048, 2160
75.158, 2160
75.267, 2160
75.373, 2160
75.482, 2160
75.586, 2160
75.693, 2160
75.802, 2160
75.912, 2160
76.018, 2160
76.125, 2160
76.232, 2160
76.341, 2160
76.45, 2160
76.541, 2160
76.647, 2160
76.738, 2160
76.846, 2160
76.95, 2160
77.057, 2160
77.166, 2160
77.278, 2160
77.384, 2160
77.489, 2160
77.595, 2160
77.702, 2160
77.814, 2160
77.921, 2160
78.029, 2160
78.136, 2160
78.243, 2160
78.355, 2160
78.461, 2160
78.57, 2160
78.677, 2160
78.789, 2160
78.898, 2160
79.007, 2160
79.114, 2160
79.223, 2160
79.33, 2160
79.431, 2160
79.543, 2160
79.652, 2160
79.762, 2160
79.873, 2160
79.983, 2160
80.089, 2160
80.199, 2160
80.31, 2160
80.42, 2160
80.53, 2160
80.636, 2160
80.74, 2160
80.852, 2160
80.958, 2160
81.062, 2160
81.169, 2160
81.279, 2160
81.388, 2160
81.497, 2160
81.606, 2160
81.713, 2160
81.825, 2160
81.935, 2160
82.041, 2160
82.15, 2160
82.257, 2160
82.363, 0
82.473, 0
82.576, 0
82.683, 0
82.792, 0
82.9, 0
83.011, 0
83.118, 0
83.23, 0
83.339, 0
83.449, 0
83.558, 0
83.667, 0
83.777, 0
83.883, 0
83.995, 0
84.107, 0
84.213, 0
84.323, 0
84.426, 0
84.533, 2160
84.639, 2160
84.749, 2160
84.861, 2160
84.973, 2160
85.077, 2160
85.17, 2160
85.276, 2160
85.367, 2160
85.476, 2160
85.583, 2160
85.692, 2160
85.798, 2160
85.908, 2160
86.015, 2160
86.126, 2160
86.232, 2160
86.323, 2160
86.432, 2160
86.544, 2160
86.653, 2160
86.76, 2160
86.87, 2160
86.979, 2160
87.088, 2160
87.198, 2160
87.307, 2160
87.413, 2160
87.517, 2160
87.627, 2160
87.739, 2160
87.848, 2160
87.957, 2160
88.069, 2160
88.178, 2160
88.269, 2160
88.38, 2160
88.489, 2160
88.58, 2160
88.686, 2160
88.798, 2160
88.91, 2160
89.017, 2160
89.126, 2160
89.233, 2160
89.339, 2160
89.449, 2160
89.561, 2160
89.671, 2160
89.78, 2160
89.889, 2160
90.001, 2160
90.107, 2160
90.217, 2160
90.327, 2160
90.433, 2160
90.539, 2160
90.643, 2160
90.747, 2160
90.856, 2160
90.963, 2160
91.072, 2160
91.181, 2160
91.293, 2160
91.405, 2160
91.515, 2160
91.621, 2160
91.728, 2160
91.834, 2160
91.941, 2160
92.05, 2160
92.16, 2160
92.27, 2160
92.379, 2160
92.488, 2160
92.598, 2160
92.704, 2160
92.814, 2160
92.925, 2160
93.035, 2160
93.141, 2160
93.248, 2160
93.357, 2160
93.467, 5440
93.573, 5440
93.679, 5440
93.788, 5440
93.895, 5440
94.007, 5440
94.114, 5440
94.221, 5440
94.327, 5440
94.439, 5440
94.545, 5440
94.65, 5440
94.761, 5440
94.871, 5440
94.977, 5440
95.087, 5440
95.198, 5221
95.307, 3600
95.414, 3600
95.521, 3600
95.63, 5440
95.739, 5440
95.851, 5440
95.96, 5440
96.067, 5440
96.177, 5440
96.286, 5440
96.395, 5440
96.499, 5440
96.605, 5440
96.712, 5440
96.821, 5440
96.933, 5440
97.045, 5440
97.155, 5440
97.261, 5440
97.368, 5440
97.474, 5440
97.565, 5440
97.674, 5440
97.78, 5440
97.887, 5440
97.996, 5440
98.106, 5440
98.214, 5440
98.325, 5440
98.432, 5440
98.536, 5440
98.645, 5440
98.749, 5440
98.855, 5440
98.965, 5440
99.071, 5440
99.175, 5440
99.286, 5440
99.396, 5440
99.505, 5440
99.615, 5440
99.724, 5440
99.834, 5440
99.943, 5440
100.034, 5440
100.14, 5440
100.246, 5440
100.337, 5440
100.443, 5440
100.555, 5440
100.661, 5440
100.768, 5440
100.872, 2386
100.979, 0
101.088, 0
101.195, 0
101.304, 0
101.411, 0
101.517, 0
101.624, 0
101.735, 0
101.842, 0
101.946, 0
102.055, 0
102.167, 0
102.273, 0
102.38, 0
102.489, 0
102.596, 0
102.705, 0
102.815, 0
102.921, 0
103.031, 0
103.142, 0
103.246, 0
103.353, 0
103.459, 0
103.571, 0
103.673, 0
103.779, 0
103.886, 0
103.992, 0
104.102, 0
104.194, 0
104.303, 0
104.41, 0
104.525, 0
104.634, 0
104.744, 0
104.836, 0
104.945, 0
105.052, 0
105.161, 0
105.268, 0
105.374, 0
105.484, 0
105.593, 0
105.7, 0
105.806, 3489
105.913, 5440
106.017, 5440
106.126, 5440
106.232, 5440
106.34, 5440
106.449, 5440
106.558, 5440
106.665, 5440
106.769, 5440
106.878, 2822
106.987, 0
107.096, 0
107.205, 0
107.315, 872
107.425, 5234
107.531, 5440
107.643, 5440
107.75, 5440
107.859, 5440
107.966, 5440
108.072, 5440
108.182, 5440
108.288, 5440
108.397, 5440
108.488, 5440
108.597, 5440
108.704, 5440
108.814, 5440
108.924, 5440
109.03, 5440
109.143, 5440
109.252, 5440
109.361, 5440
109.471, 5440
109.577, 5440
109.686, 5440
109.795, 5440
109.902, 5440
110.011, 5440
110.118, 5440
110.228, 5440
110.337, 4240
110.441, 96
110.552, 0
110.662, 0
110.768, 0
110.878, 0
110.984, 0
111.094, 0
111.202, 0
111.312, 0
111.418, 0
111.523, 0
111.631, 0
111.744, 0
111.85, 0
111.941, 0
112.047, 0
112.156, 0
112.263, 0
112.372, 0
112.482, 0
112.588, 0
112.695, 0
112.801, 0
112.911, 0
113.02, 0
113.126, 0
113.232, 2072
113.339, 5440
113.446, 5440
113.558, 5440
113.664, 5440
113.771, 5440
113.878, 5440
113.984, 5440
114.091, 5440
114.2, 5440
114.304, 5440
114.413, 5440
114.52, 5440
114.629, 5440
114.741, 5440
114.853, 5440
114.963, 5440
115.074, 5440
115.181, 5440
115.29, 5440
115.397, 5440
115.504, 5440
115.613, 5440
115.722, 5440
115.832, 5440
115.938, 5440
116.042, 5440
116.154, 5440
116.264, 5440
116.37, 5440
116.479, 5440
116.589, 5440
116.7, 5440
116.81, 5440
116.916, 5440
117.031, 5440
117.143, 5440
117.25, 5440
117.362, 5440
117.472, 5440
117.581, 5440
117.688, 5440
117.797, 5440
117.909, 5440
118.016, 5440
118.125, 5440
118.234, 5440
118.341, 5440
118.448, 5440
118.554, 5440
118.661, 5440
118.773, 5440
118.885, 5440
118.997, 5440
119.106, 5440
119.212, 5440
119.316, 5440
119.425, 5440
119.532, 5440
119.641, 5440
119.751, 5440
119.859, 5440
119.97, 5440
120.079, 5440
120.189, 5440
120.295, 5440
120.405, 5440
120.511, 5440
120.621, 5440
120.727, 5440
120.818, 5440
120.929, 5440
121.038, 5440
121.148, 5440
121.257, 5440
121.361, 5440
121.47, 5440
121.572, 5440
121.678, 5440
121.785, 5440
121.894, 5440
122.003, 5440
122.113, 5440
122.222, 5440
122.331, 5440
122.441, 5440
122.547, 5440
122.654, 5440
122.763, 5440
122.872, 5440
122.976, 5440
123.088, 5440
123.2, 5440
123.309, 5440
123.416, 5440
123.522, 5440
123.629, 5440
123.738, 5440
123.85, 5440
123.957, 5440
124.063, 5440
124.171, 5440
124.282, 5440
124.389, 5440
124.493, 5440
124.602, 5440
124.711, 5440
124.82, 5440
124.93, 5440
125.039, 5440
125.146, 5440
125.252, 5440
125.359, 5440
125.468, 5440
125.575, 5440
125.687, 5440
125.794, 5440
125.9, 5440
126.006, 5440
126.118, 5440
126.225, 5440
126.334, 5440
126.443, 5440
126.555, 5440
126.665, 5440
126.774, 5440
126.883, 5440
126.995, 5440
127.105, 5440
127.208, 5440
127.318, 5440
127.427, 5440
127.518, 5440
127.627, 5440
127.733, 5440
127.842, 5440
127.952, 5440
128.064, 5440
128.173, 5440
128.28, 5440
128.387, 5440
128.496, 5440
128.605, 5440
128.712, 5440
128.819, 5440
128.93, 5440
129.021, 5440
129.13, 5440
129.237, 5440
129.349, 5440
129.455, 5440
129.564, 5440
129.671, 5440
129.782, 5440
129.888, 5440
130, 5440
130.109, 5440
130.218, 5440
130.328, 5440
130.434, 5440
130.541, 5440
130.647, 5440
130.738, 5440
130.844, 5440
130.953, 5440
131.065, 5440
131.174, 5440
131.286, 5440
131.395, 5440
131.502, 5440
131.611, 5440
131.721, 5440
131.827, 5440
131.934, 5440
132.041, 5440
132.153, 5440
132.262, 5440
132.372, 5440
132.48, 5440
132.587, 5440
132.7, 5440
132.806, 5440
132.915, 5440
133.022, 5440
133.128, 5440
133.237, 5440
133.344, 3258
133.453, 0
133.563, 0
133.672, 0
133.778, 0
133.885, 0
133.995, 0
134.107, 0
134.216, 0
134.325, 0
134.434, 0
134.546, 0
134.656, 0
134.765, 0
134.858, 0
134.967, 0
135.077, 0
135.186, 0
135.295, 0
135.402, 0
135.508, 0
135.615, 0
135.727, 0
135.833, 0
135.946, 0
136.055, 0
136.164, 0
136.27, 0
136.383, 0
136.487, 0
136.596, 0
136.708, 0
136.817, 0
136.923, 0
137.014, 0
137.126, 0
137.235, 0
137.342, 0
137.451, 0
137.558, 0
137.661, 0
137.771, 0
137.88, 0
137.99, 0
138.099, 0
138.206, 545
138.312, 4798
138.419, 5440
138.525, 5440
138.632, 5440
138.738, 5440
138.847, 5440
138.954, 5440
139.06, 5440
139.17, 5440
139.279, 5440
139.386, 5440
139.497, 5440
139.604, 5440
139.716, 5440
139.82, 5440
139.929, 5440
140.036, 5440
140.148, 5440
140.257, 5440
140.366, 5440
140.476, 5440
140.582, 5440
140.686, 5440
140.795, 5440
140.902, 5440
141.008, 5440
141.115, 5440
141.224, 5440
141.33, 5440
141.44, 5440
141.546, 5440
141.656, 5440
141.765, 5440
141.874, 5440
141.978, 5440
142.085, 5440
142.191, 5440
142.298, 5440
142.407, 5440
142.517, 5440
142.623, 5440
142.732, 5440
142.839, 5440
142.948, 5440
143.055, 5440
143.164, 5440
143.271, 5440
143.377, 5440
143.484, 5440
143.591, 5440
143.698, 5440
143.81, 5440
143.916, 5440
144.02, 5440
144.129, 5440
144.241, 5440
144.348, 5440
144.457, 5440
144.566, 5440
144.673, 5440
144.783, 5440
144.892, 5440
145.002, 5440
145.108, 5440
145.219, 5440
145.328, 5440
145.437, 5440
145.544, 5440
145.65, 5440
145.762, 5440
145.869, 5440
145.978, 5440
146.085, 5440
146.192, 5440
146.301, 5440
146.411, 5440
146.517, 5440
146.621, 5440
146.73, 5440
146.84, 5440
146.943, 5440
147.053, 5440
147.162, 5440
147.266, 5440
147.375, 5440
147.482, 5440
147.597, 5440
147.701, 5440
147.807, 5440
147.914, 5440
148.02, 5440
148.131, 5440
148.237, 5440
148.343, 5440
148.45, 5440
148.559, 5440
148.668, 5440
148.777, 5440
148.868, 5440
148.974, 5440
149.084, 5440
149.19, 5440
149.3, 5440
149.409, 5440
149.516, 5440
149.625, 5440
149.737, 5440
149.846, 5440
149.955, 5440
150.062, 5440
150.172, 5440
150.278, 5440
150.388, 5440
150.498, 5440
150.604, 5440
150.695, 5440
150.804, 5440
150.913, 5440
151.019, 5440
151.129, 5440
151.238, 5440
151.345, 5440
151.454, 5440
151.558, 5440
151.664, 5440
151.774, 5440
151.88, 5440
151.982, 5440
152.088, 5440
152.195, 5440
152.309, 5440
152.416, 5440
152.528, 5440
152.635, 5440
152.741, 5440
152.849, 5440
152.959, 5440
153.069, 2822
153.178, 0
153.284, 0
153.391, 0
153.501, 0
153.608, 0
153.72, 0
153.829, 0
153.938, 0
154.048, 0
154.154, 0
154.263, 0
154.37, 0
154.477, 0
154.588, 0
154.695, 0
154.804, 0
154.911, 0
155.02, 0
155.127, 0
155.23, 0
155.337, 0
155.443, 0
155.55, 0
155.657, 0
155.763, 0
155.873, 0
155.982, 0
156.091, 0
156.202, 0
156.31, 0
156.414, 0
156.521, 0
156.633, 0
156.742, 0
156.851, 0
156.961, 0
157.067, 0
157.171, 0
157.28, 0
157.387, 0
157.496, 0
157.605, 0
157.715, 872
157.824, 5234
157.931, 5440
158.04, 5440
158.144, 5440
158.256, 5440
158.363, 5440
158.475, 5440
158.584, 5440
158.693, 5440
158.797, 5440
158.908, 5440
159.018, 5440
159.125, 5440
159.234, 5440
159.341, 5440
159.451, 5440
159.56, 5440
159.669, 5440
159.773, 5440
159.866, 5440
159.976, 5440
160.083, 5440
160.195, 5440
160.304, 5440
160.411, 5440
160.523, 5440
160.635, 5440
160.744, 5440
160.856, 5440
160.963, 5440
161.072, 5440
161.179, 5440
161.285, 5440
161.394, 5440
161.498, 5440
161.605, 5440
161.715, 5440
161.821, 5440
161.928, 5440
162.037, 5440
162.144, 5440
162.25, 5440
162.36, 5440
162.466, 5440
162.576, 5440
162.685, 5440
162.792, 5440
162.901, 5440
163.008, 5440
163.114, 5440
163.221, 5440
163.324, 5440
163.428, 5440
163.519, 5440
163.63, 5440
163.74, 5440
163.849, 5440
163.958, 5440
164.067, 5440
164.172, 5440
164.281, 5440
164.39, 5440
164.494, 5440
164.606, 5440
164.712, 5440
164.816, 5440
164.925, 5440
165.032, 5440
165.139, 5440
165.251, 5440
165.357, 5440
165.461, 5440
165.573, 5440
165.682, 5440
165.791, 5440
165.902, 5440
166.008, 5440
166.115, 3476
166.222, 0
166.333, 0
166.44, 0
166.546, 0
166.656, 0
166.765, 0
166.875, 0
166.984, 0
167.091, 0
167.2, 0
167.307, 0
167.416, 0
167.526, 0
167.635, 0
167.743, 0
167.854, 0
167.961, 0
168.068, 0
168.175, 0
168.286, 0
168.393, 0
168.497, 0
168.603, 0
168.713, 0
168.824, 0
168.934, 0
169.043, 0
169.152, 0
169.259, 0
169.368, 0
169.477, 0
169.584, 0
169.694, 0
169.8, 0
169.906, 0
170.016, 0
170.125, 0
170.229, 0
170.338, 2181
170.447, 5440
170.554, 5440
170.66, 5440
170.77, 5440
170.876, 5440
170.983, 5440
171.093, 5440
171.199, 5440
171.309, 5440
171.417, 5440
171.526, 5440
171.636, 5440
171.743, 5440
171.852, 5440
171.958, 5440
172.065, 5440
172.176, 5440
172.286, 5440
172.392, 5440
172.498, 5440
172.605, 5440
172.709, 5440
172.815, 5440
172.927, 5440
173.039, 5440
173.148, 5440
173.239, 5440
173.345, 5440
173.454, 5440
173.562, 5440
173.668, 5440
173.777, 5440
173.887, 5440
173.993, 5440
174.084, 5440
174.19, 5440
174.297, 5440
174.406, 5440
174.516, 5440
174.622, 5440
174.729, 5440
174.838, 5440
174.947, 5440
175.057, 5440
175.161, 5440
175.27, 5440
175.379, 5440
175.489, 5440
175.595, 5440
175.699, 5440
175.811, 5440
175.918, 5440
176.024, 5440
176.136, 5440
176.245, 5440
176.352, 5440
176.461, 5440
176.568, 5440
176.677, 5440
176.781, 5440
176.887, 5440
176.996, 5440
177.103, 5440
177.205, 5440
177.311, 5440
177.423, 5440
177.529, 5440
177.641, 5440
177.75, 5440
177.86, 5440
177.969, 5440
178.078, 5440
178.185, 5440
178.291, 5440
178.396, 5440
178.502, 5440
178.611, 5440
178.72, 5440
178.827, 5440
178.933, 5440
179.043, 5440
179.147, 5440
179.253, 5440
179.36, 5440
179.472, 5440
179.578, 5440
179.685, 5440
179.791, 5440
179.901, 5440
180.01, 5440
180.119, 5440
180.21, 5440
180.319, 5440
180.425, 5440
180.537, 5440
180.647, 5440
180.756, 5440
180.866, 5440
180.972, 5440
181.082, 5440
181.188, 5440
181.297, 5440
181.407, 5440
181.516, 5440
181.625, 5440
181.732, 5440
181.841, 5440
181.948, 5440
182.054, 5440
182.163, 5440
182.268, 5440
182.374, 5440
182.481, 5440
182.584, 5440
182.691, 5440
182.8, 5440
182.91, 5440
183.016, 5440
183.12, 5440
183.229, 5440
183.336, 5440
183.442, 5440
183.552, 5440
183.659, 5440
183.767, 5440
183.874, 5440
183.975, 5440
184.082, 5440
184.192, 5440
184.303, 5440
184.413, 5440
184.519, 5440
184.626, 5440
184.735, 5440
184.842, 5440
184.951, 5440
185.054, 5440
185.161, 5440
185.268, 5440
185.377, 5440
185.489, 5440
185.596, 5440
185.702, 5440
185.808, 5440
185.918, 5440
186.025, 5440
186.134, 5440
186.243, 5440
186.353, 5440
186.46, 5440
186.569, 5440
186.678, 5440
186.787, 5440
186.896, 5440
187.006, 5440
187.112, 5440
187.219, 5440
187.326, 5440
187.432, 5440
187.544, 5440
187.651, 5440
187.763, 5440
187.869, 5440
187.976, 5440
188.067, 5440
188.176, 5440
188.283, 5440
188.389, 5440
188.496, 5440
188.606, 5440
188.716, 5440
188.825, 5440
188.934, 5440
189.046, 5440
189.153, 5440
189.262, 5440
189.368, 5440
189.472, 5440
189.581, 5440
189.693, 5440
189.803, 5440
189.912, 5440
190.018, 5440
190.128, 5440
190.234, 5440
190.344, 5440
190.454, 5440
190.563, 5440
190.672, 5440
190.779, 5440
190.885, 5440
190.995, 5440
191.104, 5440
191.208, 5440
191.318, 5440
191.427, 5440
191.536, 5440
191.643, 5440
191.752, 5440
191.843, 5440
191.949, 5440
192.058, 5440
192.165, 5440
192.274, 5440
192.381, 5440
192.493, 5440
192.599, 5440
192.709, 5440
192.818, 5440
192.924, 5440
193.034, 5440
193.143, 5440
193.255, 5440
193.361, 5440
193.471, 5440
193.58, 5440
193.689, 5440
193.797, 5440
193.906, 5440
194.015, 5440
194.124, 5440
194.228, 5440
194.337, 5440
194.441, 5440
194.548, 5440
194.657, 5440
194.766, 5440
194.873, 5440
194.979, 5440
195.086, 5440
195.193, 5440
195.302, 5440
195.411, 5440
195.521, 5440
195.632, 5440
195.723, 5440
195.832, 5440
195.939, 5440
196.048, 5440
196.16, 5440
196.266, 5440
196.373, 5440
196.48, 5440
196.587, 5440
196.693, 5440
196.805, 5440
196.914, 5440
197.024, 5440
197.133, 5440
197.239, 5440
197.343, 5440
197.452, 5440
197.543, 5440
197.649, 5440
197.753, 4458
197.844, 859
197.952, 0
198.056, 0
198.162, 0
198.269, 0
198.378, 0
198.488, 0
198.591, 0
198.693, 0
198.799, 0
198.905, 0
199.013, 0
199.122, 0
199.231, 0
199.339, 0
199.445, 0
199.551, 0
199.655, 0
199.746, 0
199.855, 0
199.959, 0
200.065, 0
200.172, 0
200.281, 0
200.39, 0
200.5, 0
200.609, 0
200.718, 0
200.825, 0
200.931, 0
201.041, 0
201.15, 0
201.256, 0
201.366, 0
201.47, 0
201.576, 0
201.682, 0
201.792, 0
201.899, 0
202.008, 0
202.114, 0
202.205, 0
202.316, 0
202.426, 0
202.537, 0
202.644, 0
202.756, 0
202.866, 0
202.976, 0
203.083, 0
203.192, 0
203.298, 0
203.405, 0
203.514, 4253
203.624, 5440
203.73, 5440
203.84, 5440
203.946, 5440
204.055, 5440
204.162, 5440
204.269, 5440
204.375, 5440
204.482, 5440
204.591, 5440
204.703, 5440
204.812, 5440
204.919, 5440
205.023, 5440
205.132, 5440
205.239, 5440
205.349, 5440
205.458, 5440
205.565, 5440
205.676, 5440
205.783, 5440
205.892, 5440
205.999, 5440
206.103, 5440
206.204, 5440
206.31, 5440
206.417, 5440
206.524, 5440
206.63, 5440
206.74, 5440
206.849, 5440
206.953, 5440
207.065, 5440
207.174, 5440
207.283, 5440
207.393, 5440
207.499, 5440
207.603, 5440
207.707, 5440
207.814, 5440
207.92, 5440
208.029, 5440
208.139, 5440
208.249, 5440
208.358, 5440
208.461, 5440
208.552, 5440
208.658, 5440
208.765, 5440
208.871, 5440
208.978, 5440
209.087, 5440
209.178, 5440
209.279, 5440
209.391, 5440
209.5, 5440
209.607, 5440
209.716, 5440
209.825, 5440
209.932, 5440
210.039, 5440
210.145, 5440
210.252, 5440
210.361, 5440
210.47, 5440
210.58, 5440
210.689, 5440
210.798, 5440
210.908, 5440
211.017, 5440
211.132, 5440
211.241, 5440
211.35, 5440
211.457, 5440
211.564, 5440
211.67, 5440
211.777, 5440
211.881, 5440
211.987, 5440
212.094, 5440
212.2, 5440
212.31, 5440
212.419, 5440
212.525, 5440
212.635, 5440
212.741, 5440
212.848, 5440
212.957, 5440
213.061, 5440
213.167, 5440
213.274, 5440
213.385, 5440
213.495, 5440
213.602, 5440
213.706, 5440
213.815, 5440
213.921, 5440
214.028, 5440
214.134, 5440
214.238, 5440
214.347, 5440
214.454, 5440
214.561, 5440
214.662, 5440
214.774, 5440
214.886, 5440
214.996, 5440
215.107, 5440
215.214, 5440
215.323, 5440
215.43, 5440
215.536, 5440
215.646, 5440
215.753, 5440
215.856, 5440
215.963, 5440
216.069, 5440
216.179, 5440
216.285, 5440
216.392, 5440
216.498, 5330
216.602, 1186
216.709, 0
216.821, 0
216.927, 0
217.037, 0
217.143, 0
217.25, 0
217.356, 0
217.46, 0
217.564, 0
217.668, 0
217.775, 0
217.886, 0
217.988, 0
218.094, 0
218.206, 0
218.315, 0
218.425, 0
218.531, 0
218.641, 0
218.748, 0
218.853, 0
218.96, 0
219.067, 0
219.176, 0
219.267, 0
219.378, 0
219.485, 0
219.596, 0
219.702, 0
219.806, 0
219.916, 0
220.027, 0
220.136, 0
220.246, 0
220.355, 0
220.461, 0
220.569, 0
220.675, 0
220.784, 0
220.888, 0
220.995, 0
221.101, 0
221.208, 0
221.317, 0
221.421, 0
221.533, 0
221.642, 2726
221.749, 5440
221.858, 5440
221.965, 5440
222.076, 5440
222.188, 5440
222.3, 5440
222.41, 5440
222.516, 5440
222.623, 5440
222.732, 5440
222.841, 5440
222.948, 5440
223.06, 5440
223.169, 5440
223.276, 5440
223.383, 5440
223.492, 5440
223.601, 5440
223.711, 5440
223.822, 5440
223.934, 5440
224.044, 5440
224.15, 5440
224.257, 5440
224.367, 5440
224.473, 5440
224.576, 5440
224.683, 5440
224.791, 5440
224.897, 5440
225.003, 5440
225.11, 5440
225.216, 5440
225.321, 5440
225.43, 4022
225.536, 0
225.643, 0
225.752, 0
225.864, 0
225.971, 0
226.077, 0
226.187, 0
226.296, 0
226.403, 0
226.515, 0
226.624, 0
226.715, 0
226.821, 0
226.928, 0
227.035, 0
227.141, 0
227.25, 0
227.341, 0
227.45, 4362
227.557, 5440
227.668, 5440
227.778, 5440
227.887, 5440
227.991, 5440
228.097, 5440
228.21, 5440
228.319, 5440
228.425, 5440
228.532, 5440
228.639, 5440
228.748, 5440
228.852, 5440
228.958, 5440
229.065, 5440
229.172, 5440
229.279, 5440
229.39, 5440
229.496, 5440
229.606, 5440
229.71, 5440
229.819, 5440
229.926, 5440
230.033, 5440
230.142, 5440
230.248, 5440
230.357, 5440
230.467, 5440
230.573, 5440
230.68, 5440
230.786, 5440
230.896, 5440
231.002, 5440
231.112, 5440
231.221, 5440
231.333, 5440
231.445, 5440
231.552, 5440
231.661, 5440
231.767, 5440
231.874, 5440
231.98, 5440
232.087, 5440
232.196, 5440
232.303, 5440
232.412, 5440
232.519, 5440
232.628, 5440
232.732, 5440
232.844, 5440
232.951, 5440
233.057, 5440
233.169, 5440
233.278, 5440
233.388, 5440
233.495, 5440
233.602, 5440
233.714, 5440
233.823, 5440
233.932, 5440
234.039, 5440
234.151, 5440
234.26, 5440
234.364, 5440
234.47, 5440
234.577, 5440
234.684, 5440
234.793, 5440
234.903, 5440
235.012, 5440
235.119, 5440
235.228, 5440
235.337, 5440
235.444, 5440
235.556, 5440
235.668, 5440
235.774, 5440
235.884, 5440
235.987, 5440
236.094, 5440
236.203, 5440
236.31, 5440
236.421, 5440
236.53, 5440
236.64, 5440
236.751, 5440
236.858, 5440
236.965, 5440
237.076, 5440
237.186, 5440
237.295, 5440
237.402, 5440
237.511, 5440
237.617, 5440
237.721, 5440
237.831, 5440
237.937, 5440
238.044, 5440
238.148, 5440
238.254, 5440
238.366, 5440
238.475, 5440
238.585, 5440
238.691, 5440
238.801, 5440
238.911, 5440
239.017, 5440
239.127, 5440
239.233, 5440
239.339, 5440
239.449, 5440
239.558, 5440
239.662, 5440
239.768, 5440
239.881, 5440
239.989, 5440
240.099, 5440
240.208, 5440
240.315, 5440
240.421, 5440
240.531, 5440
240.64, 5440
240.746, 5440
240.853, 5440
240.962, 5440
241.069, 5440
241.16, 5440
241.269, 5440
241.378, 5440
241.485, 5440
241.595, 5440
241.703, 5440
241.81, 5440
241.917, 5440
242.023, 5440
242.13, 5440
242.236, 5440
242.346, 5440
242.455, 5440
242.562, 5440
242.673, 5440
242.785, 5440
242.898, 5440
243.007, 5440
243.113, 5440
243.228, 5440
243.334, 5440
243.444, 5440
243.553, 5440
243.662, 5440
243.769, 5440
243.881, 5440
243.985, 5440
244.097, 5440
244.203, 5440
244.312, 5440
244.422, 5440
244.528, 5440
244.64, 5440
244.747, 5440
244.856, 5440
244.965, 5440
245.075, 5440
245.181, 5440
245.288, 5440
245.397, 5440
245.504, 5440
245.61, 5440
245.701, 5440
245.811, 5440
245.917, 5440
246.023, 5440
246.133, 5440
246.242, 5440
246.354, 5440
246.466, 5440
246.575, 5440
246.679, 5440
246.786, 5440
246.895, 5440
247.004, 5440
247.111, 5440
247.217, 5440
247.324, 5440
247.43, 5440
247.542, 5440
247.654, 5440
247.766, 5440
247.875, 5440
247.982, 5440
248.091, 5440
248.198, 5440
248.304, 5440
248.414, 5440
248.518, 5440
248.624, 5440
248.731, 5440
248.838, 5440
248.945, 5440
249.053, 5440
249.16, 5440
249.264, 5440
249.376, 5440
249.483, 5440
249.589, 5440
249.698, 5440
249.802, 5440
249.909, 5440
250.018, 5440
250.124, 2713
250.226, 0
250.332, 0
250.441, 0
250.551, 0
250.66, 0
250.767, 0
250.873, 0
250.982, 0
251.089, 0
251.199, 0
251.308, 0
251.415, 0
251.524, 0
251.63, 0
251.739, 0
251.846, 0
251.952, 0
252.056, 0
252.166, 0
252.275, 0
252.381, 0
252.488, 0
252.597, 0
252.704, 0
252.813, 0
252.92, 0
253.029, 0
253.136, 0
253.242, 0
253.349, 0
253.456, 0
253.562, 0
253.668, 0
253.778, 0
253.885, 0
253.996, 0
254.1, 0
254.204, 0
254.313, 0
254.42, 0
254.529, 0
254.635, 0
254.742, 0
254.848, 2399
254.955, 5440
255.067, 5440
255.176, 5440
255.285, 5440
255.392, 5440
255.499, 5440
255.608, 5440
255.717, 5440
255.822, 5440
255.931, 5440
256.038, 5440
256.149, 5440
256.256, 5440
256.368, 5440
256.475, 5440
256.587, 5440
256.693, 5440
256.8, 5440
256.907, 5440
257.019, 5440
257.128, 5440
257.237, 5440
257.349, 5440
257.456, 5440
257.563, 5440
257.669, 5440
257.775, 5440
257.879, 5440
257.97, 5440
258.076, 5440
258.183, 5440
258.295, 5440
258.407, 5440
258.516, 5440
258.623, 5440
258.729, 5440
258.833, 5440
258.939, 5440
259.049, 5440
259.155, 5440
259.263, 5440
259.374, 5440
259.484, 5440
259.593, 5440
259.702, 5440
259.814, 5440
259.923, 5440
260.035, 5440
260.147, 5440
260.259, 5440
260.368, 5440
260.478, 5440
260.587, 5440
260.697, 5440
260.803, 5440
260.913, 5440
261.016, 5440
261.128, 5440
261.234, 5440
261.338, 5440
261.442, 5440
261.546, 5440
261.653, 5440
261.759, 5440
261.866, 5440
261.973, 5440
262.084, 5440
262.191, 5440
262.295, 5440
262.407, 5440
262.513, 5440
262.623, 5440
262.735, 5440
262.842, 5440
262.948, 5440
263.055, 5440
263.162, 5440
263.269, 5440
263.38, 5440
263.487, 5440
263.591, 5440
263.703, 5440
263.812, 5440
263.918, 5440
264.009, 5440
264.12, 5440
264.23, 5440
264.336, 5440
264.443, 5440
264.549, 5440
264.659, 5440
264.765, 5440
264.872, 5440
264.981, 5440
265.09, 5440
265.2, 5440
265.306, 5440
265.418, 5440
265.527, 5440
265.637, 5440
265.746, 5440
265.856, 5440
265.965, 5440
266.077, 5440
266.184, 5440
266.293, 5440
266.399, 5440
266.509, 5440
266.615, 5440
266.722, 5440
266.831, 5440
266.937, 5440
267.044, 5440
267.153, 5440
267.26, 5440
267.367, 5440
267.471, 5440
267.58, 5440
267.686, 5440
267.793, 5440
267.902, 5440
268.009, 5440
268.118, 5440
268.225, 5440
268.326, 5440
268.438, 5440
268.547, 5440
268.654, 5440
268.763, 5440
268.87, 5440
268.979, 5440
269.085, 5440
269.192, 5440
269.301, 5440
269.405, 5440
269.509, 5440
269.621, 5440
269.728, 5440
269.835, 5440
269.947, 5440
270.056, 5440
270.163, 5440
270.272, 3258
270.378, 0
270.488, 0
270.597, 0
270.703, 0
270.81, 0
270.917, 0
271.023, 0
271.13, 0
271.234, 0
271.338, 0
271.447, 0
271.554, 0
271.66, 0
271.766, 0
271.875, 0
271.982, 0
272.092, 0
272.201, 0
272.311, 0
272.417, 0
272.524, 0
272.631, 0
272.737, 0
272.847, 0
272.956, 0
273.065, 0
273.175, 0
273.286, 0
273.396, 0
273.508, 0
273.615, 0
273.721, 0
273.828, 0
273.94, 0
274.049, 0
274.158, 0
274.268, 0
274.374, 0
274.484, 0
274.591, 0
274.695, 0
274.805, 2399
274.914, 5440
275.02, 5440
275.127, 5440
275.236, 5440
275.342, 5440
275.444, 5440
275.55, 5440
275.662, 5440
275.771, 5440
275.881, 5440
275.987, 5440
276.097, 5440
276.206, 5440
276.312, 5440
276.419, 5440
276.526, 5440
276.632, 5440
276.744, 5440
276.853, 5440
276.963, 5440
277.069, 5440
277.176, 5440
277.283, 5440
277.387, 5440
277.493, 5440
277.6, 5440
277.704, 5440
277.81, 5440
277.916, 5440
278.023, 5440
278.132, 5440
278.241, 5440
278.348, 5440
278.455, 5440
278.564, 5440
278.673, 5440
278.78, 5440
278.892, 5440
279.001, 5440
279.11, 5440
279.22, 5440
279.329, 5440
279.438, 5440
279.548, 5440
279.654, 5440
279.763, 5440
279.87, 5440
279.974, 5440
280.083, 5440
280.19, 5440
280.302, 5440
280.412, 5440
280.521, 5440
280.625, 5440
280.734, 5440
280.838, 5440
280.945, 5440
281.051, 5440
281.161, 5440
281.27, 5440
281.377, 5440
281.484, 5440
281.588, 5440
281.696, 5440
281.801, 5440
281.907, 5440
282.019, 5440
282.128, 5440
282.234, 5440
282.325, 5440
282.434, 5440
282.538, 5440
282.644, 5440
282.754, 5440
282.863, 5440
282.969, 5440
283.076, 5440
283.182, 5440
283.289, 5440
283.401, 5440
283.508, 5440
283.617, 5440
283.726, 5440
283.833, 5440
283.942, 5440
284.052, 5440
284.163, 5440
284.268, 5440
284.379, 5440
284.489, 5440
284.595, 5440
284.7, 5440
284.809, 5440
284.918, 4894
285.027, 532
285.134, 0
285.238, 0
285.339, 0
285.446, 0
285.552, 0
285.659, 0
285.765, 0
285.877, 0
285.986, 0
286.096, 0
286.205, 0
286.314, 0
286.421, 0
286.533, 0
286.642, 0
286.744, 0
286.85, 0
286.959, 0
287.066, 0
287.176, 0
287.285, 0
287.394, 0
287.501, 0
287.608, 0
287.709, 0
287.8, 0
287.909, 0
288.016, 0
288.125, 2399
288.234, 5440
288.341, 5440
288.453, 5440
288.562, 5440
288.671, 5440
288.778, 5440
288.884, 5440
288.992, 5440
289.098, 5440
289.205, 5440
289.318, 5440
289.423, 5440
289.53, 5440
289.637, 5440
289.743, 5440
289.85, 5440
289.956, 5440
290.066, 5440
290.172, 5440
290.263, 5440
290.373, 5440
290.483, 5440
290.586, 5440
290.692, 5440
290.802, 5440
290.908, 5440
291.018, 5440
291.125, 5440
291.231, 5440
291.34, 5440
291.449, 5440
291.556, 5440
291.662, 5440
291.769, 5440
291.876, 5440
291.982, 5440
292.089, 5440
292.198, 5440
292.305, 5440
292.416, 5440
292.521, 5440
292.631, 5440
292.741, 5440
292.848, 5440
292.939, 5440
293.045, 5440
293.152, 5440
293.258, 5440
293.368, 5440
293.474, 5440
293.581, 5440
293.687, 5440
293.794, 5440
293.898, 5440
294.01, 5440
294.119, 5440
294.225, 5440
294.337, 5440
294.444, 5440
294.55, 5440
294.657, 5440
294.748, 5440
294.855, 5440
294.961, 5440
295.068, 5440
295.175, 5440
295.281, 5440
295.388, 5440
295.494, 5440
295.601, 5440
295.71, 5440
295.82, 5440
295.929, 5440
296.036, 5440
296.14, 5440
296.249, 5440
296.355, 5440
296.466, 5440
296.575, 5440
296.684, 5440
296.794, 5440
296.903, 5440
297.012, 5440
297.119, 5440
297.231, 5440
297.341, 5440
297.45, 5440
297.56, 5440
297.669, 5440
297.779, 5440
297.885, 5440
297.995, 5440
298.104, 5440
298.216, 5440
298.323, 5440
298.432, 5440
298.538, 5440
298.645, 5440
298.751, 5440
298.858, 5440
298.967, 5440
299.074, 5440
299.186, 5440
299.293, 5440
299.4, 5440
299.506, 5440
299.613, 5440
299.719, 5440
299.826, 5440
299.932, 5440
300.042, 5440
300.151, 5440
300.261, 5440
300.37, 5440
300.479, 5440
300.586, 5440
300.692, 5440
300.799, 5440
300.9, 5440
301.007, 5440
301.113, 5440
301.22, 5440
301.326, 5440
301.433, 5440
301.539, 5440
301.649, 5440
301.755, 5440
301.846, 5440
301.957, 5440
302.064, 5440
302.173, 5440
302.283, 5440
302.392, 5440
302.501, 5440
302.61, 5440
302.717, 5440
302.826, 5440
302.933, 5440
303.037, 5440
303.141, 5440
303.25, 5440
303.359, 5440
303.469, 5440
303.578, 5440
303.682, 5440
303.79, 5440
303.901, 5440
304.01, 5440
304.114, 5440
304.225, 5440
304.333, 5440
304.44, 5440
304.547, 5440
304.656, 5440
304.763, 5440
304.875, 5440
304.981, 5440
305.088, 5440
305.197, 5440
305.306, 5440
305.413, 5440
305.519, 5440
305.623, 5440
305.73, 5440
305.842, 5440
305.948, 5440
306.053, 5440
306.159, 5440
306.269, 5440
306.379, 5440
306.483, 5440
306.589, 5440
306.698, 5440
306.802, 5440
306.907, 5440
307.018, 5440
307.128, 5440
307.232, 5440
307.343, 5440
307.453, 5440
307.563, 5440
307.669, 5440
307.775, 5440
307.885, 5440
307.991, 5440
308.098, 5440
308.201, 5440
308.313, 5440
308.422, 5440
308.532, 5440
308.641, 5440
308.751, 5440
308.86, 5440
308.969, 5440
309.075, 5440
309.182, 5440
309.289, 5440
309.396, 5440
309.502, 5440
309.606, 5440
309.712, 5440
309.819, 5440
309.926, 5440
310.029, 5440
310.136, 5440
310.243, 5440
310.349, 5440
310.459, 5440
310.565, 5440
310.675, 5440
310.784, 5440
310.89, 5440
310.997, 5440
311.103, 5440
311.21, 5440
311.319, 5440
311.428, 5440
311.535, 5440
311.647, 5440
311.753, 5440
311.844, 5440
311.95, 5440
312.055, 5440
312.161, 5440
312.271, 5440
312.377, 5440
312.468, 5440
312.574, 5440
312.687, 5440
312.796, 5440
312.899, 5440
313.009, 5440
313.118, 5440
313.224, 5440
313.329, 5440
313.435, 5440
313.541, 5440
313.651, 5440
313.76, 5440
313.867, 5440
313.976, 5440
314.082, 5440
314.186, 5440
314.298, 5440
314.407, 5440
314.517, 5440
314.623, 5440
314.73, 5440
314.839, 5440
314.949, 2822
315.055, 0
315.168, 0
315.274, 0
315.386, 0
315.495, 0
315.599, 0
315.708, 0
315.815, 0
315.924, 0
316.029, 0
316.135, 0
316.245, 0
316.354, 0
316.464, 0
316.573, 0
316.68, 0
316.783, 0
316.89, 0
316.997, 0
317.109, 0
317.218, 0
317.327, 0
317.418, 0
317.529, 0
317.639, 0
317.748, 0
317.852, 0
317.961, 0
318.07, 0
318.177, 0
318.289, 0
318.395, 0
318.502, 0
318.606, 0
318.713, 0
318.819, 0
318.926, 0
319.035, 0
319.145, 0
319.256, 0
319.363, 0
319.469, 0
319.574, 0
319.68, 0
319.789, 0
319.896, 0
320.005, 0
320.114, 0
320.221, 4253
320.325, 5440
320.434, 5440
320.538, 5440
320.647, 5440
320.759, 5440
320.868, 5440
320.975, 5440
321.084, 5440
321.194, 5440
321.3, 5440
321.41, 5440
321.516, 5440
321.626, 5440
321.735, 5440
321.841, 5440
321.948, 5440
322.057, 5440
322.164, 5440
322.274, 5440
322.383, 5440
322.492, 5440
322.601, 5440
322.71, 5440
322.817, 5440
322.921, 5440
323.03, 5440
323.137, 5440
323.246, 5440
323.353, 5440
323.456, 5440
323.563, 5440
323.67, 5440
323.776, 5440
323.888, 5440
323.998, 5440
324.104, 5440
324.214, 5440
324.32, 5440
324.429, 5440
324.538, 5440
324.65, 5440
324.757, 5440
324.858, 5440
324.97, 5440
325.079, 5440
325.186, 5440
325.295, 5440
325.386, 5440
325.492, 5440
325.601, 5440
325.711, 5440
325.82, 5440
325.929, 5440
326.039, 5440
326.145, 5440
326.257, 5440
326.363, 5440
326.473, 5440
326.58, 5440
326.683, 5440
326.787, 5440
326.897, 5440
327.006, 5440
327.118, 5440
327.23, 5440
327.337, 5440
327.448, 5440
327.558, 5440
327.669, 5440
327.776, 5440
327.888, 5440
327.998, 5440
328.112, 5440
328.221, 5440
328.328, 5440
328.437, 5440
328.547, 5440
328.654, 5440
328.765, 5440
328.875, 5440
328.984, 5440
329.09, 5440
329.181, 5440
329.29, 5440
329.399, 5440
329.508, 5440
329.615, 5440
329.725, 5440
329.831, 5440
329.943, 5440
330.05, 5440
330.159, 5440
330.268, 5440
330.377, 5440
330.481, 5440
330.592, 5440
330.701, 5440
330.807, 5440
330.916, 5440
331.021, 5440
331.128, 5440
331.234, 5440
331.344, 5440
331.45, 5440
331.557, 5440
331.666, 5440
331.776, 5440
331.882, 5440
331.973, 5440
332.079, 5440
332.188, 5440
332.295, 5440
332.401, 5440
332.511, 5440
332.622, 5440
332.732, 5440
332.838, 5440
332.948, 5440
333.057, 5440
333.164, 5440
333.27, 5440
333.377, 5440
333.486, 5440
333.593, 5440
333.699, 4458
333.808, 96
333.912, 0
334.024, 0
334.136, 0
334.246, 0
334.357, 0
334.467, 0
334.576, 0
334.688, 0
334.792, 0
334.896, 0
335.002, 0
335.109, 0
335.2, 0
335.308, 0
335.418, 0
335.525, 0
335.637, 0
335.747, 0
335.856, 0
335.96, 0
336.069, 0
336.175, 0
336.282, 0
336.392, 0
336.501, 0
336.607, 0
336.714, 0
336.823, 0
336.93, 0
337.039, 0
337.146, 0
337.252, 0
337.359, 0
337.466, 0
337.572, 0
337.679, 0
337.791, 3271
337.895, 5440
338.002, 5440
338.112, 5440
338.224, 5440
338.331, 5440
338.442, 5440
338.554, 5440
338.661, 5440
338.77, 5440
338.88, 5440
338.989, 5440
339.098, 5440
339.21, 5440
339.322, 5440
339.431, 5440
339.538, 5440
339.647, 5440
339.756, 5440
339.863, 5440
339.967, 5440
340.076, 5440
340.183, 5440
340.289, 5440
340.398, 5440
340.508, 5440
340.612, 5440
340.724, 5440
340.836, 5440
340.942, 5440
341.049, 5440
341.158, 5440
341.267, 5440
341.374, 5440
341.481, 5440
341.587, 5440
341.693, 5440
341.784, 5440
341.89, 5440
342, 5440
342.109, 5440
342.219, 5440
342.328, 5440
342.432, 3913
342.538, 0
342.645, 0
342.751, 0
342.858, 0
342.967, 0
343.077, 0
343.186, 0
343.296, 0
343.402, 0
343.512, 0
343.618, 0
343.727, 0
343.837, 0
343.941, 0
344.047, 0
344.154, 0
344.26, 4253
344.367, 5440
344.476, 5440
344.585, 5440
344.692, 5440
344.801, 5440
344.908, 5440
345.017, 5440
345.123, 5440
345.23, 5440
345.339, 5440
345.449, 5440
345.558, 5440
345.668, 5440
345.774, 5440
345.883, 5440
345.995, 5440
346.102, 5440
346.208, 5440
346.317, 5440
346.424, 5440
346.533, 5440
346.64, 5440
346.749, 5440
346.856, 5440
346.963, 5440
347.069, 5440
347.173, 5440
347.282, 5440
347.389, 5440
347.499, 5440
347.605, 5440
347.714, 5440
347.821, 5440
347.928, 5440
348.034, 5440
348.144, 5440
348.253, 5440
348.36, 5440
348.463, 5440
348.57, 5440
348.676, 5440
348.783, 5440
348.89, 5440
348.996, 5440
349.108, 5440
349.217, 5440
349.308, 5440
349.414, 5440
349.524, 5440
349.633, 5440
349.737, 5440
349.843, 5440
349.953, 5440
350.063, 5440
350.167, 5440
350.276, 5440
350.383, 5440
350.489, 5440
350.599, 5440
350.705, 5440
350.812, 5440
350.918, 5440
351.025, 5440
351.129, 5440
351.239, 5440
351.348, 5440
351.458, 5440
351.567, 5440
351.676, 5440
351.785, 5440
351.895, 5440
352.004, 5440
352.113, 5440
352.219, 5440
352.31, 5440
352.416, 5440
352.523, 5440
352.63, 5440
352.742, 5440
352.848, 5440
352.953, 5440
353.062, 5440
353.168, 5440
353.278, 5440
353.384, 5440
353.491, 5440
353.6, 5440
353.707, 5440
353.819, 5440
353.926, 5440
354.017, 5440
354.123, 5440
354.23, 5440
354.337, 5440
354.443, 5440
354.55, 5440
354.659, 5440
354.768, 5440
354.872, 5440
354.979, 5440
355.088, 5440
355.194, 5440
355.298, 5440
355.41, 5440
355.516, 5440
355.607, 5440
355.716, 5440
355.825, 5440
355.932, 5440
356.041, 5440
356.148, 5440
356.251, 5440
356.362, 5440
356.471, 5440
356.58, 5440
356.69, 5440
356.799, 5440
356.905, 5440
357.017, 5440
357.124, 5440
357.231, 5440
357.342, 5440
357.452, 5440
357.558, 5440
357.668, 5440
357.774, 5440
357.881, 5440
357.987, 5440
358.097, 5440
358.189, 5440
358.299, 5440
358.411, 5440
358.52, 5440
358.629, 5440
358.736, 5440
358.842, 5440
358.951, 5440
359.061, 5440
359.173, 5440
359.282, 5440
359.389, 5440
359.495, 5440
359.605, 5440
359.713, 5440
359.82, 5440
359.926, 5440
360.033, 5440
360.14, 5440
360.25, 5440
360.356, 5440
360.462, 5440
360.571, 5440
360.675, 5440
360.766, 5440
360.875, 5440
360.981, 5440
361.085, 5440
361.176, 5440
361.282, 5440
361.389, 5440
361.498, 5440
361.607, 5440
361.713, 5440
361.82, 5440
361.927, 5440
362.034, 5440
362.14, 5440
362.249, 5440
362.356, 5440
362.462, 5440
362.569, 5440
362.678, 5440
362.787, 5440
362.897, 5440
363.006, 5440
363.116, 5440
363.226, 5440
363.33, 5440
363.439, 5440
363.545, 5440
363.649, 5440
363.756, 5440
363.867, 5440
363.977, 5440
364.087, 5440
364.198, 5440
364.305, 5440
364.417, 5440
364.523, 5440
364.632, 5440
364.739, 5440
364.848, 5440
364.955, 5440
365.064, 5440
365.171, 5440
365.28, 5440
365.389, 5440
365.493, 5440
365.6, 5440
365.706, 5440
365.813, 5440
365.925, 5440
366.034, 5440
366.143, 5440
366.253, 5440
366.359, 5440
366.471, 5440
366.58, 5440
366.687, 5440
366.796, 5440
366.903, 5440
367.01, 5440
367.114, 5440
367.223, 5440
367.335, 5440
367.444, 5440
367.55, 5440
367.657, 5440
367.766, 2822
367.876, 0
367.985, 0
368.094, 0
368.206, 0
368.313, 0
368.422, 0
368.528, 0
368.632, 0
368.742, 0
368.844, 0
368.95, 0
369.054, 0
369.16, 0
369.267, 0
369.376, 0
369.486, 0
369.595, 0
369.699, 0
369.806, 0
369.915, 0
370.021, 0
370.125, 0
370.232, 0
370.341, 0
370.451, 0
370.557, 0
370.664, 0
370.767, 0
370.874, 0
370.978, 0
371.09, 0
371.199, 0
371.306, 0
371.415, 0
371.506, 0
371.615, 0
371.721, 0
371.833, 0
371.94, 0
372.047, 0
372.156, 3053
372.265, 5440
372.374, 5440
372.484, 5440
372.59, 5440
372.694, 5440
372.798, 5440
372.905, 5440
373.014, 5440
373.12, 5440
373.229, 5440
373.336, 5440
373.446, 5440
373.555, 5440
373.661, 5440
373.768, 5440
373.877, 5440
373.986, 5440
374.098, 5440
374.208, 5440
374.314, 5440
374.421, 5440
374.53, 5440
374.64, 5440
374.743, 5440
374.853, 5440
374.959, 5440
375.069, 5440
375.175, 5440
375.285, 5440
375.391, 5440
375.5, 5440
375.607, 5440
375.711, 5440
375.817, 5440
375.924, 5440
376.031, 5440
376.14, 5440
376.249, 5440
376.36, 5440
376.47, 5440
376.578, 5440
376.689, 5440
376.796, 5440
376.905, 5440
377.014, 5440
377.105, 5440
377.214, 5440
377.324, 5440
377.433, 5440
377.542, 5440
377.651, 5440
377.758, 5440
377.861, 5440
377.968, 5440
378.079, 5440
378.188, 5440
378.297, 5440
378.404, 5440
378.51, 5440
378.62, 5440
378.729, 5440
378.839, 5440
378.95, 5440
379.041, 5440
379.147, 5440
379.256, 5440
379.36, 5440
379.469, 5440
379.562, 5440
379.671, 5440
379.781, 5440
379.882, 5440
379.989, 5440
380.095, 5440
380.202, 5440
380.311, 5440
380.402, 5440
380.511, 5440
380.62, 5440
380.727, 5440
380.834, 5440
380.94, 5440
381.052, 5440
381.161, 5440
381.27, 5440
381.374, 5440
381.481, 5440
381.585, 5440
381.694, 5440
381.803, 5440
381.91, 5440
382.017, 5440
382.121, 5440
382.231, 5440
382.337, 5440
382.446, 5440
382.552, 5440
382.662, 5440
382.768, 5440
382.878, 5440
382.987, 5440
383.091, 5440
383.197, 5440
383.304, 5440
383.411, 5440
383.52, 5440
383.629, 5440
383.741, 5440
383.847, 5440
383.938, 5440
384.047, 5440
384.154, 5440
384.263, 5440
384.372, 5440
384.481, 5440
384.588, 5440
384.697, 5440
384.806, 5440
384.913, 5440
385.02, 5440
385.129, 5440
385.236, 5440
385.342, 5440
385.449, 5440
385.555, 5440
385.663, 5440
385.775, 5440
385.882, 5440
385.991, 5440
386.097, 5440
386.207, 5440
386.316, 5440
386.426, 5440
386.535, 5440
386.644, 5440
386.754, 5440
386.863, 5440
386.972, 5440
387.078, 5440
387.188, 5440
387.295, 5440
387.398, 5440
387.5, 5440
387.606, 5440
387.712, 5440
387.82, 5440
387.926, 5440
388.035, 5440
388.147, 1295
388.254, 0
388.36, 0
388.469, 0
388.574, 0
388.684, 0
388.795, 0
388.908, 0
389.017, 0
389.121, 0
389.23, 0
389.339, 0
389.446, 0
389.55, 0
389.657, 0
389.763, 0
389.87, 0
389.981, 0
390.072, 0
390.178, 0
390.285, 0
390.394, 0
390.498, 0
390.607, 0
390.717, 0
390.826, 0
390.932, 0
391.039, 0
391.146, 0
391.254, 0
391.361, 0
391.468, 0
391.575, 0
391.684, 0
391.793, 0
391.902, 0
392.012, 0
392.121, 0
392.23, 0
392.337, 0
392.447, 0
392.553, 0
392.662, 0
392.77, 0
392.878, 2290
392.985, 5440
393.092, 5440
393.201, 5440
393.308, 5440
393.415, 5440
393.518, 5440
393.622, 5440
393.729, 5440
393.833, 5440
393.942, 5440
394.052, 5440
394.16, 5440
394.269, 5440
394.381, 5440
394.488, 5440
394.594, 5440
394.701, 5440
394.812, 5440
394.922, 5440
395.031, 5440
395.143, 5440
395.252, 5440
395.364, 5440
395.471, 5440
395.583, 5440
395.689, 5440
395.796, 5440
395.905, 5440
396.014, 5440
396.121, 5440
396.228, 5440
396.337, 5440
396.443, 5440
396.55, 5440
396.66, 5440
396.766, 5440
396.872, 5440
396.979, 5440
397.091, 5440
397.2, 5440
397.309, 5440
397.421, 5440
397.531, 5440
397.637, 5440
397.744, 5440
397.85, 5440
397.959, 5440
398.069, 5440
398.173, 5440
398.282, 5440
398.388, 5440
398.479, 5440
398.586, 5440
398.695, 5440
398.806, 5440
398.915, 5440
399.021, 5440
399.131, 5440
399.243, 5440
399.349, 5440
399.456, 5440
399.563, 5440
399.669, 5440
399.781, 5440
399.893, 5440
400.005, 5440
400.114, 5440
400.221, 5440
400.325, 5440
400.437, 5440
400.546, 5440
400.656, 5440
400.762, 5440
400.869, 5440
400.975, 5440
401.085, 5440
401.191, 5440
401.297, 5440
401.405, 5440
401.511, 5440
401.615, 5440
401.727, 5440
401.836, 5440
401.943, 5440
402.052, 5440
402.161, 5440
402.271, 5440
402.375, 5440
402.486, 5440
402.593, 5440
402.697, 5440
402.809, 5440
402.915, 3804
403.025, 0
403.128, 0
403.235, 0
403.341, 0
403.448, 0
403.555, 0
403.667, 0
403.776, 0
403.883, 0
403.992, 0
404.099, 0
404.206, 0
404.315, 0
404.424, 0
404.531, 0
404.638, 0
404.747, 0
404.857, 0
404.963, 0
405.072, 0
405.179, 0
405.285, 0
405.392, 0
405.498, 0
405.605, 0
405.712, 0
405.818, 0
405.925, 0
406.029, 0
406.135, 0
406.239, 0
406.351, 4362
406.46, 5440
406.57, 5440
406.676, 5440
406.783, 5440
406.892, 5440
406.999, 5440
407.105, 5440
407.215, 5440
407.321, 5440
407.412, 5440
407.518, 5440
407.628, 5440
407.736, 5440
407.843, 5440
407.95, 5440
408.057, 5440
408.163, 5440
408.27, 5440
408.379, 5440
408.485, 5440
408.576, 5440
408.685, 5440
408.795, 5440
408.904, 5440
409.013, 5440
409.122, 5440
409.231, 5440
409.341, 5440
409.447, 5440
409.556, 5440
409.663, 5440
409.767, 5440
409.869, 5440
409.975, 5440
410.081, 5440
410.189, 5440
410.298, 5440
410.404, 5440
410.513, 5440
410.62, 5440
410.725, 5440
410.834, 5440
410.944, 5440
411.05, 5440
411.159, 5440
411.266, 5440
411.375, 5440
411.482, 5440
411.588, 5440
411.695, 5440
411.802, 5440
411.911, 5440
412.018, 5440
412.124, 5440
412.236, 5440
412.34, 5440
412.449, 5440
412.556, 5440
412.665, 5440
412.772, 5440
412.863, 5440
412.972, 5440
413.082, 5440
413.191, 5440
413.295, 5440
413.404, 5440
413.511, 5440
413.623, 5440
413.729, 5440
413.82, 5440
413.926, 5440
414.035, 5440
414.142, 5440
414.252, 5440
414.358, 5440
414.465, 5440
414.571, 5440
414.662, 5440
414.768, 5440
414.875, 5440
414.984, 5440
415.093, 5440
415.203, 5440
415.312, 5440
415.422, 5440
415.531, 5440
415.64, 5440
415.749, 5440
415.859, 5440
415.968, 5440
416.078, 5440
416.188, 5440
416.298, 5440
416.405, 5440
416.517, 5440
416.626, 5440
416.735, 5440
416.842, 5440
416.954, 5440
417.063, 5440
417.17, 5440
417.276, 5440
417.383, 5440
417.489, 5440
417.596, 5440
417.705, 5440
417.812, 5440
417.923, 5440
418.029, 5440
418.138, 5440
418.245, 5440
418.354, 5440
418.464, 5440
418.556, 5440
418.666, 5440
418.772, 5440
418.879, 5440
418.986, 5440
419.092, 5440
419.199, 5440
419.306, 5440
419.412, 5440
419.519, 5440
419.63, 5440
419.721, 5440
419.83, 5440
419.94, 5440
420.049, 5440
420.159, 5440
420.268, 5440
420.374, 5440
420.478, 5440
420.59, 5440
420.697, 5440
420.803, 5440
420.91, 5440
421.022, 5440
421.128, 5440
421.232, 5440
421.339, 5440
421.448, 5440
421.557, 5440
421.666, 5440
421.776, 5440
421.885, 5440
421.995, 5440
422.104, 5440
422.213, 5440
422.323, 5440
422.429, 5440
422.536, 5440
422.645, 5440
422.754, 5440
422.864, 5440
422.974, 5440
423.083, 5440
423.192, 5440
423.299, 5440
423.408, 5440
423.518, 5440
423.625, 5440
423.734, 5440
423.84, 5440
423.931, 5440
424.037, 5440
424.144, 5440
424.248, 5440
424.36, 5440
424.469, 5440
424.576, 5440
424.682, 5440
424.786, 5440
424.89, 5440
424.994, 5440
425.1, 5440
425.208, 5440
425.317, 5440
425.426, 5440
425.535, 5440
425.645, 5440
425.751, 5440
425.861, 5440
425.953, 5440
426.063, 5440
426.172, 5440
426.281, 5440
426.391, 5440
426.5, 5440
426.606, 5440
426.716, 5440
426.823, 5440
426.932, 5440
427.041, 5440
427.148, 5440
427.257, 5440
427.366, 5440
427.478, 5440
427.587, 5440
427.697, 5440
427.807, 5440
427.913, 5440
428.019, 5440
428.129, 5440
428.238, 5440
428.345, 5440
428.451, 5440
428.561, 5440
428.67, 5440
428.78, 5440
428.889, 5440
428.996, 5440
429.102, 5440
429.195, 5440
429.304, 5440
429.411, 5440
429.518, 5440
429.628, 5440
429.737, 5440
429.844, 5440
429.956, 5440
430.062, 5440
430.174, 5440
430.281, 5440
430.39, 5440
430.5, 5440
430.606, 5440
430.716, 5440
430.825, 5440
430.932, 5440
431.038, 5440
431.148, 5440
431.254, 5440
431.363, 5440
431.47, 5440
431.58, 5440
431.689, 5440
431.796, 5440
431.902, 5440
432.009, 5440
432.118, 5440
432.228, 5440
432.334, 5440
432.444, 5440
432.55, 5440
432.657, 5440
432.764, 5440
432.867, 5440
432.979, 5440
433.086, 5440
433.195, 5440
433.305, 5440
433.413, 2277
433.52, 0
433.627, 0
433.736, 0
433.843, 0
433.949, 0
434.056, 0
434.16, 0
434.269, 0
434.378, 0
434.485, 0
434.592, 0
434.696, 0
434.802, 0
434.909, 0
435.015, 0
435.106, 0
435.215, 0
435.319, 0
435.428, 0
435.532, 0
435.642, 0
435.751, 0
435.86, 0
435.967, 0
436.077, 0
436.183, 0
436.29, 0
436.402, 0
436.511, 0
436.618, 0
436.727, 0
436.836, 0
436.943, 0
437.049, 0
437.156, 0
437.263, 0
437.369, 0
437.48, 0
437.586, 0
437.69, 0
437.802, 0
437.912, 0
438.021, 0
438.13, 0
438.24, 0
438.349, 0
438.458, 0
438.565, 1417
438.669, 5440
438.775, 5440
438.885, 5440
438.992, 5440
439.104, 5440
439.213, 5440
439.319, 5440
439.429, 5440
439.541, 5440
439.65, 5440
439.755, 5440
439.861, 5440
439.968, 5440
440.077, 5440
440.189, 5440
440.295, 5440
440.405, 5440
440.514, 5440
440.626, 5440
440.736, 5440
440.84, 5440
440.952, 5440
441.058, 5440
441.165, 5440
441.274, 5440
441.384, 5440
441.493, 5440
441.599, 5440
441.709, 5440
441.818, 5440
441.93, 5440
442.036, 5440
442.143, 5440
442.252, 5440
442.356, 5440
442.464, 5440
442.572, 5440
442.681, 5440
442.786, 5440
442.892, 5440
442.999, 5440
443.108, 5440
443.212, 5440
443.324, 5440
443.436, 5440
443.542, 5440
443.649, 5440
443.758, 5440
443.865, 5440
443.974, 5440
444.081, 5440
444.187, 5440
444.294, 5440
444.406, 5440
444.516, 5440
444.622, 5440
444.729, 5440
444.838, 5440
444.948, 5440
445.054, 5440
445.163, 5440
445.274, 5440
445.38, 5440
445.489, 5440
445.598, 5440
445.71, 5440
445.817, 5440
445.924, 5440
446.031, 5440
446.137, 5440
446.243, 5440
446.353, 5440
446.462, 5440
446.566, 5440
446.672, 5440
446.779, 5440
446.886, 5440
446.992, 5440
447.099, 5440
447.203, 5440
447.31, 5440
447.419, 5440
447.525, 5440
447.637, 5440
447.743, 5440
447.85, 5440
447.959, 5440
448.066, 5440
448.173, 5440
448.282, 5440
448.392, 5440
448.498, 5440
448.605, 5440
448.714, 5440
448.823, 5440
448.93, 5440
449.039, 5440
449.146, 5440
449.25, 5440
449.354, 5440
449.46, 5440
449.57, 5440
449.676, 5440
449.78, 5440
449.889, 5440
449.998, 5440
450.105, 5440
450.214, 5440
450.321, 5440
450.43, 5440
450.536, 5440
450.644, 5440
450.753, 5440
450.862, 5440
450.971, 5440
451.081, 5440
451.19, 5440
451.299, 5440
451.406, 5440
451.515, 5440
451.622, 5440
451.729, 5440
451.838, 5440
451.948, 5440
452.054, 5440
452.158, 5440
452.267, 3476
452.377, 0
452.488, 0
452.6, 0
452.707, 0
452.816, 0
452.923, 0
453.03, 0
453.138, 0
453.245, 0
453.352, 0
453.461, 0
453.568, 0
453.68, 0
453.786, 0
453.893, 0
454, 0
454.106, 0
454.213, 0
454.319, 0
454.41, 0
454.516, 0
454.628, 0
454.734, 0
454.825, 0
454.931, 0
455.038, 0
455.147, 0
455.256, 0
455.368, 0
455.478, 0
455.584, 0
455.691, 0
455.8, 0
455.91, 0
456.016, 0
456.126, 0
456.235, 0
456.344, 0
456.448, 0
456.558, 0
456.667, 3707
456.777, 5440
456.888, 5440
456.998, 5440
457.107, 5440
457.217, 5440
457.326, 5440
457.435, 5440
457.542, 5440
457.646, 5440
457.758, 5440
457.867, 5440
457.976, 5440
458.086, 5440
458.195, 5440
458.302, 5440
458.408, 5440
458.518, 5440
458.627, 5440
458.737, 5440
458.843, 5440
458.955, 5440
459.062, 5440
459.168, 5440
459.275, 5440
459.381, 5440
459.488, 5440
459.597, 5440
459.704, 5440
459.816, 5440
459.925, 5440
460.037, 5440
460.144, 5440
460.25, 5440
460.357, 5440
460.469, 5440
460.578, 5440
460.687, 5440
460.797, 5440
460.904, 5440
461.013, 5440
461.12, 2822
461.224, 0
461.328, 0
461.437, 0
461.543, 0
461.645, 0
461.751, 0
461.863, 0
461.975, 0
462.082, 0
462.191, 0
462.301, 0
462.41, 0
462.519, 0
462.626, 0
462.735, 0
462.838, 0
462.945, 218
463.054, 4580
463.159, 5440
463.262, 5440
463.369, 5440
463.476, 5440
463.585, 5440
463.694, 5440
463.804, 5440
463.914, 5440
464.023, 5440
464.135, 5440
464.244, 5440
464.335, 5440
464.444, 5440
464.55, 5440
464.657, 5440
464.761, 5440
464.87, 5440
464.979, 5440
465.089, 5440
465.195, 5440
465.305, 5440
465.411, 5440
465.52, 5440
465.627, 5440
465.731, 5440
465.843, 5440
465.952, 5440
466.061, 5440
466.171, 5440
466.277, 5440
466.386, 5440
466.493, 5440
466.602, 5440
466.709, 5440
466.816, 5440
466.925, 5440
467.032, 5440
467.141, 5440
467.253, 5440
467.363, 5440
467.469, 5440
467.575, 5440
467.685, 5440
467.794, 5440
467.9, 5440
468.007, 5440
468.117, 5440
468.226, 5440
468.332, 5440
468.434, 5440
468.546, 5440
468.655, 5440
468.764, 5440
468.871, 5440
468.977, 5440
469.084, 5440
469.191, 5440
469.294, 5440
469.401, 5440
469.508, 5440
469.615, 5440
469.721, 5440
469.833, 5440
469.939, 5440
470.048, 5440
470.155, 5440
470.264, 5440
470.371, 5440
470.48, 5440
470.59, 5440
470.696, 5440
470.806, 5440
470.912, 5440
471.003, 5440
471.111, 5440
471.218, 5440
471.327, 5440
471.434, 5440
471.543, 5440
471.655, 5440
471.767, 5440
471.876, 5440
471.983, 5440
472.095, 5440
472.204, 5440
472.313, 5440
472.423, 5440
472.532, 5440
472.641, 5440
472.748, 5440
472.851, 5440
472.958, 5440
473.065, 5440
473.158, 5440
473.264, 5440
473.374, 5440
473.483, 5440
473.593, 5440
473.702, 5440
473.811, 5440
473.918, 5440
474.024, 5440
474.131, 5440
474.24, 5440
474.344, 5440
474.45, 5440
474.557, 5440
474.666, 5440
474.773, 5440
474.882, 5440
474.992, 5440
475.098, 5440
475.189, 5440
475.295, 5440
475.405, 5440
475.517, 5440
475.623, 5440
475.732, 5440
475.839, 5440
475.948, 5440
476.055, 5440
476.164, 5440
476.271, 5440
476.38, 5440
476.49, 5440
476.596, 5440
476.698, 5440
476.804, 5440
476.911, 5440
477.018, 5440
477.124, 5440
477.233, 5440
477.34, 5440
477.449, 5440
477.559, 5440
477.665, 5440
477.775, 5440
477.881, 5440
477.988, 5440
478.094, 5440
478.201, 5440
478.304, 5440
478.414, 5440
478.523, 5440
478.633, 5440
478.739, 5440
478.846, 5440
478.955, 5440
479.067, 5440
479.176, 5440
479.286, 5440
479.395, 5440
479.505, 5440
479.616, 5440
479.726, 5440
479.832, 5440
479.936, 5440
480.048, 5440
480.158, 5440
480.264, 5440
480.368, 5440
480.474, 5440
480.581, 5440
480.688, 5440
480.791, 5440
480.898, 5440
481.005, 5440
481.115, 5440
481.225, 5440
481.332, 5440
481.441, 5440
481.553, 5440
481.664, 5440
481.77, 5440
481.874, 5440
481.983, 5440
482.093, 5440
482.202, 5440
482.311, 5440
482.402, 5440
482.509, 5440
482.621, 5440
482.727, 5440
482.834, 5440
482.94, 5440
483.031, 5440
483.137, 5440
483.244, 5440
483.351, 5440
483.457, 5440
483.563, 5440
483.665, 5440
483.771, 5440
483.878, 5440
483.987, 5440
484.094, 5440
484.203, 5440
484.308, 5440
484.414, 5440
484.52, 5440
484.624, 5440
484.733, 5440
484.84, 5440
484.946, 5440
485.053, 5440
485.164, 5440
485.273, 5440
485.382, 5440
485.489, 5440
485.595, 5440
485.705, 5440
485.814, 5440
485.923, 5440
486.032, 5440
486.142, 5440
486.251, 5440
486.363, 5440
486.475, 5440
486.582, 5440
486.688, 5440
486.794, 5440
486.901, 5440
487.008, 2931
487.12, 0
487.229, 0
487.333, 0
487.439, 0
487.546, 0
487.656, 0
487.762, 0
487.874, 0
487.981, 0
488.093, 0
488.202, 0
488.309, 0
488.415, 0
488.522, 0
488.632, 0
488.741, 0
488.85, 0
488.959, 0
489.066, 0
489.17, 0
489.271, 0
489.377, 0
489.485, 0
489.594, 0
489.706, 0
489.815, 0
489.921, 0
490.031, 0
490.137, 0
490.247, 0
490.356, 0
490.465, 0
490.575, 0
490.684, 0
490.793, 0
490.9, 0
491.009, 0
491.113, 0
491.217, 0
491.326, 0
491.435, 0
491.545, 2072
491.654, 5440
491.745, 5440
491.849, 5440
491.956, 5440
492.062, 5440
492.169, 5440
492.276, 5440
492.385, 5440
492.494, 5440
492.601, 5440
492.707, 5440
492.814, 5440
492.92, 5440
493.03, 5440
493.139, 5440
493.248, 5440
493.354, 5440
493.445, 5440
493.554, 5440
493.661, 5440
493.767, 5440
493.876, 5440
493.986, 5440
494.092, 5440
494.204, 5440
494.314, 5440
494.423, 5440
494.532, 5440
494.642, 5440
494.751, 5440
494.86, 5440
494.97, 5440
495.079, 5440
495.188, 5440
495.298, 5440
495.407, 5440
495.514, 5440
495.624, 5440
495.73, 5440
495.837, 5440
495.946, 5440
496.053, 5440
496.162, 5440
496.268, 5440
496.359, 5440
496.468, 5440
496.577, 5440
496.687, 5440
496.797, 5440
496.907, 5440
497.014, 5440
497.12, 5440
497.229, 5440
497.336, 5440
497.448, 5440
497.554, 5440
497.661, 5440
497.77, 5440
497.88, 5440
497.989, 5440
498.093, 5440
498.202, 5440
498.312, 5440
498.418, 5440
498.525, 5440
498.632, 5440
498.738, 5440
498.845, 5440
498.955, 5440
499.064, 5440
499.171, 5440
499.277, 5440
499.384, 5440
499.493, 5440
499.6, 5440
499.706, 5440
499.813, 5440
499.917, 5440
500.029, 5440
500.136, 5440
500.242, 5440
500.351, 5440
500.461, 5440
500.57, 5440
500.68, 5440
500.789, 5440
500.898, 5440
501.007, 5440
501.114, 5440
501.221, 5440
501.33, 5440
501.436, 5440
501.543, 5440
501.652, 5440
501.761, 5440
501.865, 5440
501.972, 5440
502.081, 5440
502.191, 5440
502.295, 5440
502.401, 5440
502.508, 5440
502.617, 5440
502.724, 5440
502.831, 5440
502.942, 5440
503.051, 5440
503.161, 5440
503.27, 5440
503.374, 5440
503.481, 5440
503.593, 5440
503.7, 5440
503.809, 5440
503.915, 5440
504.025, 5440
504.132, 5440
504.243, 5440
504.35, 5440
504.454, 5440
504.566, 5440
504.675, 5440
504.781, 5440
504.888, 5440
504.994, 5440
505.098, 5440
505.205, 5440
505.315, 5440
505.424, 5440
505.531, 5440
505.637, 5440
505.744, 5440
505.851, 5440
505.957, 5440
506.064, 5440
506.173, 5440
506.283, 5440
506.389, 5440
506.496, 5440
506.6, 5440
506.706, 5440
506.816, 5440
506.927, 5440
507.037, 5440
507.146, 5440
507.255, 5440
507.359, 3476
507.463, 0
507.57, 0
507.674, 0
507.783, 0
507.892, 0
508.004, 0
508.114, 0
508.224, 0
508.33, 0
508.437, 0
508.544, 0
508.65, 0
508.759, 0
508.869, 0
508.978, 0
509.084, 0
509.194, 0
509.297, 0
509.388, 0
509.497, 0
509.603, 0
509.694, 0
509.8, 0
509.907, 0
510.016, 0
510.12, 0
510.226, 0
510.317, 0
510.423, 0
510.535, 0
510.642, 0
510.751, 0
510.861, 0
510.973, 0
511.079, 0
511.186, 0
511.293, 0
511.405, 0
511.511, 0
511.618, 0
511.724, 0
511.839, 0
511.948, 2726
512.055, 5440
512.164, 5440
512.274, 5440
512.383, 5440
512.49, 5440
512.599, 5440
512.703, 5440
512.807, 5440
512.914, 5440
513.023, 5440
513.13, 5440
513.236, 5440
513.343, 5440
513.449, 5440
513.559, 5440
513.668, 5440
513.775, 5440
513.886, 5440
513.993, 5440
514.103, 5440
514.209, 5440
514.316, 5440
514.423, 5440
514.529, 5440
514.641, 5440
514.748, 5440
514.857, 5440
514.966, 5440
515.076, 5440
515.184, 5440
515.275, 5440
515.384, 5440
515.491, 5440
515.6, 5440
515.71, 5440
515.819, 5440
515.928, 5440
516.032, 5440
516.141, 5440
516.248, 5440
516.359, 5440
516.468, 5440
516.577, 5440
516.686, 5440
516.793, 5440
516.902, 5440
517.009, 5440
517.118, 5440
517.228, 5440
517.334, 5440
517.446, 5440
517.552, 5440
517.661, 5440
517.769, 5440
517.873, 5440
517.982, 5440
518.088, 5440
518.198, 5440
518.305, 5440
518.411, 5440
518.515, 5440
518.622, 5440
518.732, 5440
518.841, 5440
518.948, 5440
519.054, 5440
519.164, 5440
519.273, 5440
519.379, 5440
519.489, 5440
519.599, 5440
519.707, 5440
519.814, 5440
519.924, 5440
520.03, 5440
520.137, 5440
520.246, 5440
520.355, 5440
520.465, 5440
520.571, 5440
520.678, 5440
520.787, 5440
520.896, 5440
521.008, 5440
521.115, 5440
521.224, 5440
521.332, 5440
521.443, 5440
521.55, 5440
521.662, 5440
521.768, 5440
521.875, 5440
521.982, 5440
522.091, 5440
522.201, 5440
522.307, 5440
522.413, 5440
522.52, 5440
522.626, 5440
522.733, 5440
522.842, 1077
522.952, 0
523.058, 0
523.168, 0
523.277, 0
523.381, 0
523.487, 0
523.597, 0
523.707, 0
523.812, 0
523.917, 0
524.023, 0
524.13, 0
524.234, 0
524.343, 0
524.45, 0
524.559, 0
524.668, 0
524.778, 0
524.887, 0
524.993, 0
525.103, 0
525.207, 0
525.313, 0
525.42, 763
525.527, 5016
525.633, 5440
525.74, 5440
525.849, 5440
525.959, 5440
526.068, 5440
526.177, 5440
526.286, 5440
526.396, 5440
526.505, 5440
526.615, 5440
526.724, 5440
526.831, 5440
526.937, 5440
527.044, 5440
527.156, 5440
527.265, 5440
527.374, 5440
527.484, 5440
527.593, 5440
527.7, 5440
527.806, 5440
527.915, 5440
528.022, 5440
528.134, 5440
528.243, 5440
528.353, 5440
528.462, 5440
528.572, 5440
528.676, 5440
528.782, 5440
528.891, 5440
528.995, 5440
529.102, 5440
529.208, 5440
529.301, 5440
529.408, 5440
529.517, 5440
529.628, 5440
529.734, 5440
529.841, 5440
529.947, 5440
530.054, 5440
530.161, 5440
530.267, 5440
530.374, 5440
530.481, 5440
530.59, 5440
530.696, 5440
530.803, 5440
530.909, 5440
531.013, 5440
531.12, 5440
531.23, 5440
531.337, 5440
531.444, 5440
531.55, 5440
531.657, 5440
531.763, 5440
531.854, 5440
531.96, 5440
532.067, 5440
532.173, 5440
532.283, 5440
532.394, 5440
532.504, 5440
532.613, 5440
532.72, 5440
532.824, 5440
532.928, 5440
533.034, 5440
533.141, 5440
533.252, 5440
533.359, 5440
533.463, 5440
533.569, 5440
533.676, 5440
533.785, 5440
533.894, 5440
533.999, 5440
534.11, 5440
534.217, 5440
534.323, 5440
534.433, 5440
534.542, 5440
534.649, 5440
534.752, 5440
534.862, 5440
534.971, 5440
535.078, 5440
535.188, 5440
535.294, 5440
535.406, 5440
535.512, 5440
535.622, 5440
535.729, 5440
535.838, 5440
535.947, 5440
536.054, 5440
536.163, 5440
536.27, 5440
536.376, 5440
536.483, 5440
536.59, 5440
536.696, 5440
536.806, 5440
536.915, 5440
537.025, 5440
537.134, 5440
537.24, 5440
537.331, 5440
537.438, 5440
537.549, 5440
537.659, 5440
537.765, 5440
537.877, 5440
537.989, 5440
538.096, 5440
538.205, 5440
538.315, 5440
538.422, 5440
538.531, 5440
538.641, 5440
538.744, 5440
538.851, 5440
538.961, 5440
539.067, 5440
539.174, 5440
539.281, 5440
539.387, 5440
539.494, 5440
539.604, 5440
539.71, 5440
539.816, 5440
539.925, 5440
540.033, 5440
540.143, 5440
540.249, 5440
540.356, 5440
540.462, 5440
540.567, 5440
540.67, 5440
540.782, 5440
540.891, 5440
541.001, 5440
541.111, 5440
541.221, 5440
541.331, 5440
541.44, 5440
541.549, 5440
541.653, 5440
541.759, 5440
541.869, 5440
541.973, 5440
542.082, 5440
542.189, 5440
542.299, 5440
542.408, 5440
542.515, 5440
542.627, 5440
542.734, 5440
542.843, 5440
542.952, 5440
543.056, 5440
543.165, 5440
543.274, 5440
543.379, 5440
543.486, 5440
543.594, 5440
543.701, 5440
543.805, 5440
543.914, 5440
544.023, 5440
544.13, 5440
544.234, 5440
544.343, 5440
544.447, 5440
544.557, 5440
544.663, 5440
544.775, 5440
544.884, 5440
544.994, 5440
545.103, 5440
545.207, 5440
545.314, 5440
545.417, 5440
545.525, 5440
545.631, 5440
545.74, 5440
545.844, 5440
545.956, 5440
546.062, 5440
546.166, 5440
546.273, 5440
546.383, 5440
546.489, 5440
546.599, 5440
546.708, 5440
546.814, 5440
546.921, 5440
547.028, 5440
547.137, 5440
547.246, 5440
547.35, 5440
547.46, 5440
547.569, 5440
547.675, 5440
547.779, 5440
547.87, 5440
547.979, 5440
548.085, 5440
548.193, 5440
548.301, 5440
548.408, 5440
548.513, 5440
548.624, 5440
548.734, 5440
548.845, 5440
548.957, 5440
549.067, 5440
549.173, 5440
549.28, 5440
549.386, 5440
549.49, 5440
549.596, 5440
549.703, 5440
549.815, 5440
549.925, 5440
550.028, 5440
550.135, 5440
550.244, 5440
550.353, 5440
550.46, 5440
550.567, 5440
550.676, 5440
550.782, 5440
550.886, 5440
550.993, 5440
551.102, 5440
551.209, 5440
551.315, 5440
551.422, 5440
551.531, 5440
551.641, 5440
551.75, 5440
551.857, 5440
551.966, 5440
552.072, 5440
552.182, 5440
552.289, 5440
552.4, 5440
552.507, 5440
552.616, 5440
552.723, 5440
552.832, 5440
552.939, 5440
553.048, 4458
553.158, 96
553.268, 0
553.38, 0
553.486, 0
553.598, 0
553.704, 0
553.812, 0
553.921, 0
554.033, 0
554.139, 0
554.249, 0
554.355, 0
554.462, 0
554.568, 0
554.659, 0
554.765, 0
554.875, 0
554.978, 0
555.085, 0
555.192, 0
555.299, 0
555.405, 0
555.509, 0
555.615, 0
555.722, 0
555.831, 0
555.938, 0
556.047, 0
556.153, 0
556.244, 0
556.353, 0
556.46, 0
556.552, 0
556.659, 0
556.768, 0
556.875, 0
556.984, 0
557.094, 0
557.2, 0
557.31, 0
557.416, 0
557.528, 0
557.638, 0
557.747, 0
557.853, 0
557.963, 0
558.07, 0
558.176, 0
558.267, 0
558.376, 0
558.485, 0
558.595, 0
558.701, 2508
558.808, 5440
558.911, 5440
559.019, 5440
559.127, 5440
559.237, 5440
559.344, 5440
559.453, 5440
559.562, 5440
559.668, 5440
559.772, 5440
559.879, 5440
559.985, 5440
560.092, 5440
560.196, 5440
560.303, 5440
560.412, 5440
560.519, 5440
560.628, 5440
560.735, 5440
560.841, 5440
560.951, 5440
561.058, 5440
561.165, 5440
561.274, 5440
561.377, 5440
561.487, 5440
561.596, 5440
561.706, 5440
561.814, 5440
561.921, 5440
562.028, 5440
562.137, 5440
562.243, 5440
562.35, 5440
562.459, 5440
562.566, 5440
562.672, 5440
562.779, 5440
562.886, 5440
562.989, 5440
563.096, 5440
563.202, 5440
563.309, 5440
563.415, 5440
563.522, 5440
563.632, 5440
563.738, 5440
563.85, 5440
563.959, 5440
564.05, 5440
564.156, 5440
564.268, 5440
564.378, 5440
564.487, 5440
564.596, 5440
564.7, 5440
564.81, 5440
564.914, 5440
565.023, 5440
565.13, 5440
565.236, 5440
565.346, 5440
565.455, 5440
565.565, 5440
565.674, 5440
565.784, 5440
565.894, 5440
566, 5440
566.109, 5440
566.219, 5440
566.325, 5440
566.435, 5440
566.541, 5440
566.651, 5440
566.757, 5440
566.864, 5440
566.973, 5440
567.082, 5440
567.189, 5440
567.298, 5440
567.407, 5440
567.514, 5440
567.626, 5440
567.736, 5440
567.845, 5440
567.952, 5440
568.055, 5440
568.16, 5440
568.266, 5440
568.373, 5440
568.484, 5440
568.594, 5440
568.703, 5440
568.813, 5440
568.922, 5440
569.031, 5440
569.143, 5440
569.25, 5440
569.359, 5440
569.469, 5440
569.575, 5440
569.687, 5440
569.796, 5440
569.903, 5440
570.012, 5440
570.122, 5440
570.231, 5440
570.337, 5440
570.444, 5440
570.556, 5440
570.665, 5440
570.775, 5440
570.884, 5440
570.993, 5440
571.103, 5440
571.209, 5440
571.315, 5440
571.425, 5440
571.534, 5440
571.641, 5440
571.752, 5440
571.859, 5440
571.968, 5440
572.075, 5440
572.184, 5440
572.291, 5440
572.4, 5440
572.51, 5440
572.619, 5440
572.725, 5440
572.833, 5440
572.939, 5440
573.045, 5440
573.152, 5440
573.261, 2822
573.37, 0
573.48, 0
573.589, 0
573.698, 0
573.805, 0
573.915, 0
574.021, 0
574.128, 0
574.24, 0
574.349, 0
574.458, 0
574.569, 0
574.678, 0
574.787, 0
574.894, 0
575, 0
575.107, 0
575.213, 0
575.323, 0
575.432, 0
575.542, 0
575.651, 0
575.758, 0
575.864, 0
575.971, 0
576.077, 0
576.182, 0
576.291, 0
576.401, 0
576.505, 0
576.611, 0
576.72, 0
576.829, 0
576.936, 0
577.046, 0
577.155, 0
577.262, 0
577.374, 0
577.481, 0
577.587, 0
577.694, 0
577.803, 2726
577.91, 5440
578.016, 5440
578.126, 5440
578.238, 5440
578.347, 5440
578.453, 5440
578.555, 5440
578.661, 5440
578.768, 5440
578.874, 5440
578.983, 5440
579.093, 5440
579.197, 5440
579.309, 5440
579.418, 5440
579.527, 5440
579.634, 5440
579.746, 5440
579.855, 5440
579.961, 5440
580.071, 5440
580.177, 5440
580.287, 5440
580.398, 5440
580.489, 5440
580.598, 5440
580.705, 5440
580.816, 5440
580.926, 5440
581.03, 5440
581.137, 5440
581.249, 5440
581.359, 5440
581.468, 5440
581.574, 5440
581.665, 5440
581.774, 1732
581.883, 0
581.993, 0
582.096, 0
582.205, 0
582.312, 0
582.424, 0
582.53, 0
582.64, 0
582.744, 0
582.854, 0
582.965, 0
583.072, 0
583.181, 0
583.285, 0
583.397, 0
583.506, 0
583.616, 0
583.726, 0
583.835, 0
583.939, 436
584.043, 4580
584.15, 5440
584.259, 5440
584.365, 5440
584.472, 5440
584.578, 5440
584.689, 5440
584.8, 5440
584.907, 5440
585.017, 5440
585.126, 5440
585.232, 5440
585.341, 5440
585.448, 5440
585.558, 5440
585.666, 5440
585.775, 5440
585.884, 5440
585.996, 5440
586.105, 5440
586.196, 5440
586.302, 5440
586.409, 5440
586.515, 5440
586.622, 5440
586.732, 5440
586.838, 5440
586.944, 5440
587.051, 5440
587.157, 5440
587.261, 5440
587.352, 5440
587.456, 5440
587.562, 5440
587.674, 5440
587.783, 5440
587.89, 5440
587.994, 5440
588.1, 5440
588.207, 5440
588.314, 5440
588.424, 5440
588.533, 5440
588.642, 5440
588.752, 5440
588.864, 5440
588.973, 5440
589.077, 5440
589.186, 5440
589.295, 5440
589.405, 5440
589.514, 5440
589.624, 5440
589.73, 5440
589.84, 5440
589.946, 5440
590.053, 5440
590.162, 5440
590.271, 5440
590.375, 5440
590.482, 5440
590.588, 5440
590.679, 5440
590.788, 5440
590.895, 5440
591.001, 5440
591.111, 5440
591.22, 5440
591.33, 5440
591.436, 5440
591.545, 5440
591.652, 5440
591.758, 5440
591.866, 5440
591.975, 5440
592.082, 5440
592.192, 5440
592.301, 5440
592.408, 5440
592.514, 5440
592.62, 5440
592.727, 5440
592.831, 5440
592.94, 5440
593.049, 5440
593.161, 5440
593.27, 5440
593.377, 5440
593.486, 5440
593.593, 5440
593.694, 5440
593.806, 5440
593.915, 5440
594.022, 5440
594.132, 5440
594.243, 5440
594.334, 5440
594.443, 5440
594.549, 5440
594.659, 5440
594.766, 5440
594.872, 5440
594.976, 5440
595.088, 5440
595.197, 5440
595.307, 5440
595.416, 5440
595.52, 5440
595.627, 5440
595.736, 5440
595.843, 5440
595.952, 5440
596.058, 5440
596.168, 5440
596.278, 5440
596.387, 5440
596.496, 5440
596.605, 5440
596.712, 5440
596.821, 5440
596.93, 5440
597.041, 5440
597.147, 5440
597.254, 5440
597.363, 5440
597.475, 5440
597.584, 5440
597.697, 5440
597.806, 5440
597.915, 5440
598.025, 5440
598.133, 5440
598.243, 5440
598.349, 5440
598.44, 5440
598.546, 5440
598.656, 5440
598.762, 5440
598.872, 5440
598.981, 5440
599.087, 5440
599.189, 5440
599.296, 5440
599.407, 5440
599.513, 5440
599.618, 5440
599.724, 5440
599.831, 5440
599.937, 5440
600.046, 5440
600.153, 5440
600.257, 5440
600.361, 5440
600.473, 5440
600.582, 5440
600.689, 5440
600.798, 5440
600.908, 5440
601.014, 5440
601.124, 5440
601.23, 5440
601.337, 5440
601.447, 5440
601.556, 5440
601.662, 5440
601.772, 5440
601.884, 5440
601.993, 5440
602.102, 5440
602.209, 5440
602.321, 5440
602.43, 5440
602.539, 5440
602.646, 5440
602.753, 5440
602.862, 5440
602.971, 5440
603.078, 5440
603.184, 5440
603.294, 5440
603.4, 5440
603.491, 5440
603.6, 5440
603.704, 5440
603.813, 5440
603.92, 5440
604.026, 5440
604.135, 5440
604.247, 5440
604.357, 5440
604.469, 5440
604.578, 5440
604.687, 5440
604.797, 5440
604.908, 5440
605.018, 5440
605.125, 5440
605.234, 5440
605.34, 5440
605.447, 5440
605.556, 5440
605.663, 5440
605.775, 5440
605.878, 5440
605.985, 5440
606.095, 5440
606.206, 5440
606.311, 5440
606.417, 5440
606.521, 5440
606.633, 5440
606.724, 5440
606.833, 5440
606.924, 5440
607.03, 5440
607.139, 5440
607.249, 5440
607.359, 5440
607.47, 5440
607.58, 5440
607.689, 5440
607.795, 5440
607.902, 5440
608.009, 5440
608.118, 5440
608.223, 5440
608.332, 4676
608.444, 205
608.553, 0
608.662, 0
608.772, 0
608.882, 0
608.988, 0
609.098, 0
609.204, 0
609.313, 0
609.422, 0
609.532, 0
609.638, 0
609.729, 0
609.838, 0
609.948, 0
610.054, 0
610.161, 0
610.271, 0
610.38, 0
610.489, 0
610.598, 0
610.705, 0
610.812, 0
610.921, 0
611.028, 0
611.132, 0
611.238, 0
611.345, 0
611.454, 0
611.561, 0
611.667, 0
611.777, 0
611.889, 0
611.995, 0
612.102, 0
612.206, 0
612.312, 0
612.419, 0
612.526, 0
612.635, 0
612.741, 0
612.85, 0
612.958, 0
613.069, 0
613.176, 0
613.288, 0
613.397, 0
613.501, 0
613.608, 0
613.714, 0
613.821, 0
613.925, 0
614.034, 0
614.14, 0
614.251, 0
614.36, 0
614.451, 0
614.56, 0
614.669, 0
614.779, 0
614.888, 1199
615, 5440
615.109, 5440
615.219, 5440
615.329, 5440
615.435, 5440
615.541, 5440
615.651, 5440
615.757, 5440
615.866, 5440
615.973, 5440
616.082, 5440
616.192, 5440
616.304, 5440
616.415, 5440
616.525, 5440
616.634, 5440
616.746, 5440
616.853, 5440
616.962, 5440
617.068, 5440
617.178, 5440
617.288, 5440
617.394, 5440
617.504, 5440
617.61, 5440
617.719, 5440
617.826, 5440
617.932, 5440
618.042, 5440
618.151, 5440
618.258, 5440
618.365, 5440
618.474, 5440
618.58, 5440
618.687, 5440
618.793, 5440
618.9, 5440
619.012, 5440
619.119, 5440
619.231, 5440
619.34, 5440
619.449, 5440
619.559, 5440
619.668, 5440
619.778, 5440
619.885, 5440
619.993, 5440
620.1, 5440
620.204, 5440
620.313, 5440
620.42, 5440
620.526, 5440
620.636, 5440
620.742, 5440
620.854, 5440
620.945, 5440
621.051, 5440
621.163, 5440
621.27, 5440
621.381, 5440
621.49, 5440
621.599, 5440
621.708, 5440
621.82, 5440
621.93, 5440
622.034, 5440
622.138, 5440
622.249, 5440
622.356, 5440
622.46, 5440
622.564, 5440
622.667, 5440
622.774, 5440
622.886, 5440
622.988, 5440
623.094, 5440
623.203, 5440
623.312, 5440
623.417, 5440
623.526, 5440
623.63, 5440
623.739, 5440
623.846, 5440
623.952, 5440
624.064, 5440
624.171, 5440
624.28, 5440
624.387, 5440
624.494, 5440
624.603, 5440
624.709, 5440
624.816, 5440
624.923, 5440
625.03, 5440
625.137, 5440
625.246, 5440
625.356, 5440
625.465, 5440
625.575, 5440
625.684, 5440
625.788, 5440
625.894, 5440
626.004, 5440
626.115, 5440
626.225, 5440
626.331, 5440
626.441, 5440
626.55, 5440
626.657, 5440
626.766, 5440
626.872, 5440
626.976, 5440
627.067, 5440
627.176, 5440
627.279, 5440
627.389, 5440
627.496, 5440
627.605, 5440
627.711, 5440
627.818, 5440
627.93, 5440
628.036, 5440
628.14, 5440
628.252, 5440
628.361, 5440
628.468, 5440
628.575, 5440
628.684, 5440
628.791, 5440
628.903, 5440
629.012, 5440
629.121, 5440
629.228, 5440
629.337, 5440
629.441, 5440
629.548, 5440
629.655, 2931
629.766, 0
629.878, 0
629.99, 4144
630.099, 5440
630.19, 5440
630.296, 5440
630.406, 5440
630.516, 5440
630.625, 5440
630.732, 5440
630.836, 5440
630.945, 5440
631.051, 5440
631.161, 5440
631.27, 5440
631.379, 5440
631.489, 5440
631.598, 5440
631.71, 5440
631.817, 5440
631.926, 5440
632.035, 5440
632.145, 5440
632.255, 5440
632.364, 5440
632.474, 5440
632.583, 5440
632.692, 5440
632.801, 5440
632.91, 5440
633.014, 5440
633.124, 5440
633.23, 2277
633.339, 0
633.446, 0
633.553, 0
633.661, 0
633.768, 0
633.875, 0
633.984, 0
634.091, 0
634.197, 0
634.304, 0
634.41, 0
634.514, 0
634.618, 0
634.73, 0
634.837, 0
634.946, 0
635.053, 0
635.162, 0
635.271, 0
635.375, 0
635.484, 0
635.589, 0
635.695, 0
635.804, 0
635.911, 0
636.02, 0
636.126, 0
636.217, 0
636.326, 0
636.432, 0
636.536, 0
636.627, 0
636.736, 0
636.84, 0
636.946, 0
637.058, 0
637.168, 0
637.274, 0
637.378, 0
637.487, 0
637.591, 0
637.7, 0
637.812, 0
637.919, 0
638.026, 0
638.133, 0
638.239, 0
638.346, 0
638.455, 1199
638.567, 5440
638.673, 5440
638.783, 5440
638.889, 5440
638.997, 5440
639.1, 5440
639.204, 5440
639.308, 5440
639.415, 5440
639.521, 5440
639.63, 5440
639.734, 5440
639.841, 5440
639.948, 5440
640.057, 5440
640.164, 5440
640.267, 5440
640.374, 5440
640.48, 5440
640.587, 5440
640.694, 5440
640.803, 5440
640.91, 5440
641.019, 5440
641.125, 5440
641.232, 5440
641.339, 5440
641.445, 5440
641.554, 5440
641.658, 5440
641.768, 5440
641.874, 5440
641.983, 5440
642.074, 5440
642.18, 5440
642.29, 5440
642.4, 5440
642.506, 5440
642.613, 5440
642.72, 5440
642.826, 5440
642.933, 5440
643.042, 5440
643.146, 5440
643.255, 5440
643.346, 5440
643.453, 5440
643.561, 5440
643.668, 5440
643.775, 5440
643.886, 5440
643.993, 5440
644.097, 5440
644.204, 5440
644.313, 5440
644.419, 5440
644.528, 5440
644.619, 5440
644.725, 5440
644.832, 5440
644.941, 5440
645.045, 5440
645.155, 5440
645.259, 5440
645.365, 5440
645.474, 5440
645.581, 5440
645.688, 5440
645.797, 5440
645.901, 5440
646.012, 5440
646.12, 5440
646.226, 5440
646.338, 5440
646.444, 5440
646.551, 5440
646.66, 5440
646.767, 5440
646.878, 5440
646.987, 5440
647.093, 5440
647.205, 5440
647.315, 5440
647.421, 5440
647.525, 5440
647.637, 5221
647.746, 859
647.856, 0
647.96, 0
648.07, 0
648.174, 0
648.283, 0
648.39, 0
648.499, 0
648.603, 0
648.713, 0
648.82, 0
648.926, 0
649.03, 0
649.134, 0
649.243, 0
649.349, 0
649.459, 0
649.566, 0
649.678, 0
649.785, 0
649.892, 0
649.999, 0
650.105, 0
650.209, 0
650.318, 0
650.428, 0
650.534, 0
650.643, 0
650.75, 0
650.859, 0
650.969, 0
651.076, 0
651.183, 0
651.289, 0
651.399, 0
651.505, 0
651.615, 0
651.726, 0
651.817, 0
651.926, 0
652.036, 0
652.145, 0
652.254, 0
652.361, 0
652.473, 0
652.582, 0
652.692, 0
652.798, 0
652.902, 0
652.993, 0
653.102, 0
653.212, 0
653.321, 0
653.43, 0
653.534, 2617
653.644, 5440
653.754, 5440
653.863, 5440
653.972, 5440
654.079, 5440
654.186, 5440
654.292, 5440
654.404, 5440
654.513, 5440
654.62, 5440
654.729, 5440
654.838, 5440
654.942, 5440
655.049, 5440
655.155, 5440
655.263, 5440
655.369, 5440
655.481, 5440
655.591, 5440
655.697, 5440
655.801, 5440
655.908, 5440
656.017, 5440
656.124, 5440
656.233, 5440
656.342, 5440
656.449, 5440
656.558, 5440
656.664, 5440
656.755, 5440
656.861, 5440
656.952, 5440
657.058, 5440
657.167, 5440
657.274, 5440
657.383, 5440
657.495, 5440
657.604, 5440
657.711, 5440
657.818, 5440
657.93, 5440
658.04, 5440
658.149, 5440
658.256, 5440
658.362, 5440
658.472, 5440
658.581, 5440
658.688, 5440
658.795, 5440
658.907, 5440
659.013, 5440
659.123, 5440
659.229, 5440
659.336, 5440
659.442, 5440
659.552, 5440
659.658, 5440
659.77, 5440
659.876, 5440
659.986, 5440
660.095, 5440
660.205, 5440
660.314, 5440
660.424, 5440
660.535, 5440
660.639, 5440
660.748, 5440
660.858, 5440
660.967, 2059
661.073, 0
661.183, 0
661.292, 0
661.398, 0
661.508, 0
661.621, 0
661.727, 0
661.834, 0
661.94, 0
662.044, 0
662.135, 0
662.241, 0
662.348, 0
662.458, 0
662.567, 0
662.676, 0
662.786, 0
662.895, 0
663.001, 2944
663.108, 5440
663.201, 5440
663.31, 5440
663.416, 5440
663.523, 5440
663.633, 5440
663.74, 5440
663.846, 5440
663.953, 5440
664.06, 5440
664.169, 5440
664.278, 5440
664.388, 5440
664.495, 5440
664.606, 5440
664.717, 5440
664.824, 5440
664.936, 5440
665.042, 5440
665.133, 5440
665.242, 5440
665.348, 5440
665.455, 5440
665.564, 5440
665.674, 5440
665.783, 5440
665.889, 5440
665.999, 5440
666.103, 5440
666.209, 5440
666.319, 5440
666.428, 5440
666.532, 5440
666.641, 5440
666.75, 5440
666.858, 2277
666.967, 0
667.079, 0
667.185, 0
667.295, 0
667.404, 0
667.514, 0
667.62, 0
667.729, 0
667.836, 0
667.948, 0
668.057, 0
668.169, 0
668.281, 0
668.39, 0
668.497, 0
668.606, 0
668.713, 0
668.82, 0
668.932, 0
669.041, 0
669.144, 0
669.255, 0
669.366, 0
669.472, 0
669.584, 0
669.693, 0
669.8, 0
669.909, 0
670.021, 0
670.128, 0
670.237, 0
670.341, 0
670.447, 0
670.554, 0
670.663, 0
670.77, 0
670.88, 0
670.986, 0
671.09, 0
671.199, 0
671.303, 0
671.412, 0
671.522, 0
671.628, 0
671.735, 0
671.844, 0
671.956, 0
672.066, 0
672.175, 0
672.284, 0
672.391, 0
672.495, 0
672.604, 0
672.71, 0
672.82, 0
672.929, 0
673.036, 0
673.148, 0
673.257, 0
673.366, 0
673.476, 0
673.58, 0
673.689, 0
673.796, 0
673.905, 0
674.017, 0
674.123, 0
674.23, 0
674.339, 0
674.448, 0
674.555, 0
674.662, 0
674.771, 0
674.878, 0
674.981, 0
675.086, 0
675.192, 0
675.302, 0
675.411, 0
675.518, 0
675.629, 0
675.736, 0
675.848, 0
675.957, 0
676.061, 0
676.168, 0
676.28, 0
676.389, 0
676.498, 0
676.605, 0
676.706, 0
676.813, 0
676.922, 0
677.031, 0
677.138, 0
677.247, 0
677.356, 0
677.466, 0
677.572, 0
677.682, 0
677.788, 0
677.895, 0
677.999, 0
678.105, 0
678.214, 0
678.321, 0
678.433, 0
678.54, 0
678.646, 0
678.756, 0
678.862, 0
678.968, 0
679.078, 0
679.185, 0
679.296, 0
679.401, 0
679.511, 0
679.618, 0
679.727, 0
679.836, 0
679.943, 0
680.047, 0
680.153, 0
680.26, 0
680.367, 0
680.47, 0
680.561, 0
680.671, 0
680.777, 0
680.883, 0
680.99, 0
681.097, 0
681.206, 0
681.312, 0
681.414, 0
681.521, 0
681.632, 0
681.742, 0
681.848, 0
681.958, 0
682.067, 0
682.174, 0
682.286, 0
682.393, 4144
682.505, 5440
682.612, 5440
682.721, 5440
682.827, 5440
682.931, 5440
683.042, 5440
683.153, 5440
683.262, 2168
683.369, 0
683.476, 0
683.585, 0
683.695, 0
683.801, 0
683.907, 0
684.017, 0
684.123, 0
684.214, 0
684.32, 0
684.432, 0
684.539, 1635
684.646, 5440
684.758, 5440
684.867, 5440
684.973, 5440
685.083, 5440
685.189, 5440
685.28, 5440
685.387, 5440
685.493, 5440
685.602, 5440
685.708, 5440
685.812, 5440
685.903, 5440
686.012, 5440
686.116, 5440
686.225, 5440
686.334, 2386
686.443, 0
686.553, 0
686.662, 0
686.769, 0
686.875, 0
686.98, 0
687.088, 0
687.198, 0
687.302, 0
687.412, 0
687.519, 0
687.628, 0
687.735, 4144
687.844, 5440
687.953, 5440
688.057, 5440
688.167, 5440
688.273, 5440
688.382, 5440
688.492, 5440
688.598, 5440
688.707, 5440
688.814, 5440
688.926, 5440
689.033, 5440
689.14, 5440
689.246, 5440
689.355, 5440
689.464, 5440
689.574, 5440
689.681, 5440
689.79, 5440
689.904, 5440
690.014, 5440
690.12, 5440
690.222, 5440
690.328, 5440
690.44, 5440
690.546, 5440
690.637, 5440
690.746, 5440
690.837, 5440
690.948, 5440
691.057, 5440
691.164, 5440
691.274, 5440
691.377, 5440
691.484, 5440
691.59, 5440
691.697, 5440
691.804, 5440
691.911, 5440
692.017, 5440
692.129, 5440
692.238, 5440
692.348, 5440
692.46, 5440
692.572, 5440
692.681, 5440
692.79, 5440
692.897, 5440
693.006, 5440
693.113, 5440
693.22, 5440
693.329, 5440
693.439, 5440
693.55, 5440
693.658, 5440
693.769, 4567
693.876, 314
693.985, 0
694.095, 0
694.206, 0
694.316, 0
694.425, 0
694.532, 0
694.638, 0
694.742, 0
694.848, 0
694.958, 0
695.067, 0
695.174, 0
695.283, 0
695.39, 0
695.499, 0
695.605, 0
695.712, 0
695.805, 0
695.911, 0
696.021, 0
696.125, 0
696.232, 0
696.341, 0
696.45, 0
696.559, 0
696.669, 0
696.778, 0
696.888, 0
696.994, 0
697.101, 0
697.21, 0
697.314, 0
697.423, 0
697.532, 0
697.639, 0
697.748, 0
697.857, 0
697.964, 0
698.067, 0
698.177, 0
698.289, 0
698.395, 0
698.498, 0
698.608, 0
698.717, 0
698.826, 0
698.933, 0
699.042, 0
699.151, 0
699.26, 0
699.367, 0
700.058, 0
700.167, 0
700.274, 0
700.381, 0
700.49, 0
700.597, 0
700.706, 0
700.812, 0
700.921, 0
701.031, 0
701.137, 0
701.241, 0
701.35, 0
701.457, 0
701.566, 0
701.675, 0
701.785, 0
701.894, 0
702, 0
702.107, 0
702.214, 0
702.323, 0
702.432, 0
702.542, 0
702.651, 0
702.757, 0
702.866, 0
702.976, 0
703.085, 0
703.192, 0
703.301, 0
703.41, 0
703.517, 0
703.626, 0
703.735, 0
703.844, 0
703.954, 0
704.061, 0
704.167, 0
704.276, 0
704.385, 0
704.492, 0
704.598, 0
704.708, 0
704.817, 0
704.926, 0
705.03, 0
705.139, 0
705.249, 0
705.358, 0
705.462, 0
705.569, 0
705.68, 0
705.79, 0
705.896, 0
706.003, 0
706.109, 0
706.216, 0
706.325, 0
706.434, 0
706.541, 0
706.653, 0
706.762, 0
706.871, 0
706.981, 0
707.087, 0
707.196, 0
707.306, 0
707.415, 0
707.524, 0
707.631, 0
707.74, 0
707.849, 0
707.956, 0
708.06, 0
708.169, 0
708.278, 0
708.388, 0
708.494, 0
708.603, 0
708.713, 0
708.819, 0
708.923, 0
709.032, 0
709.139, 0
709.246, 0
709.357, 0
709.467, 0
709.576, 0
709.683, 0
709.789, 0
709.896, 0
710.005, 0
710.114, 0
710.221, 0
710.33, 0
710.439, 0
710.548, 0
710.658, 0
710.767, 0
710.876, 0
710.983, 0
711.092, 0
711.201, 0
711.31, 0
711.417, 0
711.526, 0
711.636, 0
711.745, 0
711.849, 0
711.955, 0
712.065, 0
712.174, 0
712.281, 0
712.387, 0
712.499, 0
712.608, 0
712.715, 0
712.818, 0
712.928, 0
713.034, 0
713.144, 0
713.253, 0
713.362, 0
713.471, 0
713.578, 0
713.684, 0
713.791, 0
713.9, 0
714.01, 0
714.119, 0
714.228, 0
714.335, 0
714.444, 0
714.553, 0
714.663, 0
714.769, 0
714.878, 0
714.988, 0
715.094, 0
715.198, 0
715.307, 0
715.416, 0
715.526, 0
715.632, 0
715.742, 0
715.851, 0
715.96, 0
716.069, 0
716.179, 0
716.288, 0
716.395, 0
716.501, 0
716.607, 0
716.714, 0
716.821, 0
716.93, 0
717.039, 0
717.149, 0
717.258, 0
717.367, 0
717.471, 0
717.58, 0
717.687, 0
717.796, 0
717.905, 0
718.014, 0
718.124, 0
718.23, 0
718.339, 0
718.449, 0
718.558, 0
718.665, 0
718.774, 0
718.883, 0
718.99, 0
719.093, 0
719.203, 0
719.312, 0
719.421, 0
719.528, 0
719.637, 0
719.746, 0
719.853, 0
719.962, 0
720.072, 0
720.178, 0
720.29, 0
720.396, 0
720.503, 0
720.61, 0
720.714, 0
720.825, 0
720.935, 0
721.044, 0
721.153, 0
721.26, 0
721.366, 0
721.476, 0
721.58, 0
721.689, 0
721.798, 0
721.907, 0
722.016, 0
722.126, 0
722.235, 0
722.344, 0
722.451, 0
722.56, 0
722.669, 0
722.779, 0
722.888, 0
722.995, 0
723.104, 0
723.213, 0
723.32, 0
723.426, 0
723.533, 0
723.642, 0
723.751, 0
723.858, 0
723.967, 0
724.076, 0
724.186, 0
724.289, 0
724.399, 0
724.508, 0
724.615, 0
724.721, 0
724.828, 0
724.939, 0
725.049, 0
725.155, 0
725.262, 0
725.368, 0
725.478, 0
725.587, 0
725.693, 0
725.803, 0
725.912, 0
726.018, 0
726.125, 0
726.232, 0
726.341, 0
726.45, 0
726.559, 0
726.669, 0
726.775, 0
726.885, 0
726.994, 0
727.103, 0
727.21, 0
727.319, 0
727.428, 0
727.535, 0
727.644, 0
727.753, 0
727.863, 0
727.972, 0
728.078, 0
728.185, 0
728.292, 0
728.401, 0
728.51, 0
728.617, 0
728.726, 0
728.835, 0
728.942, 0
729.048, 0
729.155, 0
729.264, 0
729.371, 0
729.482, 0
729.592, 0
729.701, 0
729.808, 0
729.917, 0
730.024, 0
730.13, 0
730.237, 0
730.346, 0
730.455, 0
730.564, 0
730.671, 0
730.78, 0
730.889, 0
730.999, 0
731.105, 0
731.214, 0
731.324, 0
731.43, 0
731.54, 0
731.646, 0
731.758, 0
731.867, 0
731.971, 0
732.08, 0
732.19, 0
732.299, 0
732.406, 0
732.515, 0
732.624, 0
732.733, 0
732.843, 0
732.949, 0
733.058, 0
733.165, 0
733.269, 0
733.375, 0
733.485, 0
733.594, 0
733.7, 0
733.807, 0
733.916, 0
734.02, 0
734.129, 0
734.239, 0
734.348, 0
734.457, 0
734.566, 0
734.676, 0
734.785, 0
734.891, 0
735.001, 0
735.11, 0
735.217, 0
735.323, 0
735.435, 0
735.544, 0
735.654, 0
735.76, 0
735.867, 0
735.974, 0
736.083, 0
736.192, 0
736.298, 0
736.408, 0
736.517, 0
736.626, 0
736.73, 0
736.839, 0
736.946, 0
737.055, 0
737.162, 0
737.268, 0
737.38, 0
737.49, 0
737.596, 0
737.703, 0
737.812, 0
737.919, 0
738.025, 0
738.134, 0
738.243, 0
738.353, 0
738.462, 0
738.571, 0
738.68, 0
738.787, 0
738.896, 0
739.006, 0
739.112, 0
739.221, 0
739.331, 0
739.44, 0
739.549, 0
739.653, 0
739.762, 0
739.869, 0
739.978, 0
740.088, 0
740.194, 0
740.303, 0
740.412, 0
740.519, 0
740.626, 0
740.732, 0
740.841, 0
740.951, 0
741.057, 0
741.166, 0
741.276, 0
741.382, 0
741.489, 0
741.596, 0
741.705, 0
741.811, 0
741.923, 0
742.033, 0
742.142, 0
742.248, 0
742.358, 0
742.467, 0
742.576, 0
742.682, 0
742.792, 0
742.899, 0
743.008, 0
743.117, 0
743.226, 0
743.335, 0
743.445, 0
743.549, 0
743.658, 0
743.765, 0
743.874, 0
743.981, 0
744.087, 0
744.199, 0
744.308, 0
744.415, 0
744.521, 0
744.628, 0
744.737, 0
744.846, 0
744.953, 0
745.062, 0
745.171, 0
745.281, 0
745.39, 0
745.494, 0
745.603, 0
745.707, 0
745.816, 0
745.925, 0
746.034, 0
746.144, 0
746.253, 0
746.362, 0
746.469, 0
746.578, 0
746.687, 0
746.797, 0
746.906, 0
747.013, 0
747.122, 0
747.231, 0
747.337, 0
747.444, 0
747.554, 0
747.658, 0
747.764, 0
747.876, 0
747.985, 0
748.094, 0
748.201, 0
748.308, 0
748.414, 0
748.523, 0
748.63, 0
748.742, 0
748.851, 0
748.96, 0
749.067, 0
749.176, 0
749.283, 0
749.389, 0
749.496, 0
749.605, 0
749.714, 0
749.824, 0
749.93, 0
750.039, 0
750.149, 0
750.258, 0
750.364, 0
750.474, 0
750.583, 0
750.69, 0
750.799, 0
750.906, 0
751.017, 0
751.127, 0
751.23, 0
751.34, 0
751.449, 0
751.558, 0
751.665, 0
751.772, 0
751.883, 0
751.993, 0
752.102, 0
752.208, 0
752.318, 0
752.424, 0
752.528, 0
752.635, 0
752.744, 0
752.853, 0
752.96, 0
753.066, 0
753.175, 0
753.28, 0
753.389, 0
753.498, 0
753.607, 0
753.716, 0
753.826, 0
753.935, 0
754.044, 0
754.151, 0
754.26, 0
754.369, 0
754.476, 0
754.583, 0
754.694, 0
754.804, 0
754.913, 0
755.02, 0
755.126, 0
755.233, 0
755.342, 0
755.451, 0
755.558, 0
755.667, 0
755.776, 0
755.885, 0
755.989, 0
756.099, 0
756.205, 0
756.314, 0
756.421, 0
756.528, 0
756.639, 0
756.749, 0
756.855, 0
756.962, 0
757.071, 0
757.175, 0
757.284, 0
757.393, 0
757.5, 0
757.606, 0
757.716, 0
757.825, 0
757.931, 0
758.041, 0
758.15, 0
758.259, 0
758.366, 0
758.475, 0
758.584, 0
758.694, 0
758.803, 0
758.91, 0
759.019, 0
759.128, 0
759.232, 0
759.344, 0
759.453, 0
759.563, 0
759.672, 0
759.778, 0
759.885, 0
759.991, 0
760.098, 0
760.207, 0
760.316, 0
760.426, 0
760.535, 0
760.642, 0
760.748, 0
760.855, 0
760.964, 0
761.071, 0
761.182, 0
761.292, 0
761.401, 0
761.508, 0
761.617, 0
761.726, 0
761.835, 0
761.942, 0
762.051, 0
