time,tempMotor
0.329, 28
0.43, 28
0.531, 28
0.635, 28
0.736, 28
0.839, 28
0.941, 28
1.042, 28
1.143, 28
1.244, 28
1.345, 28
1.446, 28
1.547, 28
1.648, 28
1.749, 28
1.85, 28
1.951, 28
2.052, 28
2.153, 28
2.257, 28
2.358, 28
2.459, 28
2.56, 28
2.662, 28
2.762, 28
2.863, 28
2.967, 28
3.068, 28
3.169, 28
3.27, 28
3.372, 28
3.472, 28
3.573, 28
3.674, 28
3.776, 28
3.877, 28
3.978, 28
4.079, 28
4.18, 28
4.281, 28
4.382, 28
4.486, 28
4.587, 28
4.691, 28
4.792, 28
4.893, 28
4.994, 28
5.095, 28
5.196, 28
5.297, 28
5.398, 28
5.499, 28
5.6, 28
5.701, 28
5.802, 28
5.903, 28
6.004, 28
6.108, 28
6.209, 28
6.31, 28
6.411, 28
6.513, 28
6.613, 28
6.714, 28
6.815, 28
6.917, 28
7.018, 28
7.119, 28
7.22, 28
7.321, 28
7.422, 28
7.523, 28
7.627, 28
7.728, 28
7.829, 28
7.93, 28
8.031, 28
8.132, 28
8.233, 28
8.337, 28
8.438, 28
8.542, 28
8.643, 28
8.744, 28
8.845, 28
8.946, 28
9.047, 28
9.148, 28
9.252, 28
9.353, 28
9.454, 28
9.555, 28
9.656, 28
9.757, 28
9.858, 28
9.959, 28
10.06, 28
10.161, 28
10.262, 28
10.363, 28
10.464, 28
10.566, 28
10.667, 28
10.768, 28
10.869, 28
10.973, 28
11.074, 28
11.175, 28
11.276, 28
11.377, 28
11.478, 28
11.579, 28
11.68, 28
11.781, 28
11.882, 28
11.983, 28
12.084, 28
12.188, 28
12.289, 28
12.393, 28
12.494, 28
12.595, 28
12.696, 28
12.797, 28
12.898, 28
12.999, 28
13.1, 28
13.201, 28
13.302, 28
13.403, 28
13.504, 28
13.605, 28
13.707, 28
13.81, 28
13.912, 28
14.012, 28
14.114, 28
14.215, 28
14.315, 28
14.417, 28
14.518, 28
14.619, 28
14.72, 28
14.821, 28
14.922, 28
15.023, 28
15.124, 28
15.225, 28
15.329, 28
15.43, 28
15.531, 28
15.632, 28
15.733, 28
15.834, 28
15.935, 28
16.039, 28
16.14, 28
16.244, 28
16.345, 28
16.446, 28
16.547, 28
16.648, 28
16.749, 28
16.85, 28
16.951, 28
17.052, 28
17.153, 28
17.254, 28
17.355, 28
17.457, 28
17.558, 28
17.661, 28
17.763, 28
17.863, 28
17.965, 28
18.066, 28
18.167, 28
18.268, 28
18.372, 28
18.473, 28
18.574, 28
18.675, 28
18.776, 28
18.877, 28
18.978, 28
19.079, 28
19.18, 28
19.281, 28
19.382, 28
19.483, 28
19.584, 28
19.685, 28
19.786, 28
19.89, 28
19.991, 28
20.095, 28
20.196, 28
20.297, 28
20.398, 28
20.499, 28
20.6, 28
20.701, 28
20.802, 28
20.903, 28
21.005, 28
21.105, 28
21.207, 28
21.308, 28
21.409, 28
21.513, 28
21.614, 28
21.715, 28
21.816, 28
21.917, 28
22.018, 28
22.119, 28
22.22, 28
22.321, 28
22.422, 28
22.523, 28
22.624, 28
22.725, 28
22.826, 28
22.927, 28
23.031, 28
23.132, 28
23.233, 28
23.334, 28
23.435, 28
23.536, 28
23.638, 28
23.741, 28
23.842, 28
23.946, 28
24.047, 28
24.148, 28
24.249, 28
24.35, 28
24.451, 28
24.552, 28
24.653, 28
24.754, 28
24.856, 28
24.957, 28
25.058, 28
25.159, 28
25.26, 28
25.364, 28
25.465, 28
25.566, 28
25.667, 28
25.768, 28
25.869, 28
25.97, 28
26.074, 28
26.175, 28
26.276, 28
26.377, 28
26.478, 28
26.579, 28
26.68, 28
26.781, 28
26.882, 28
26.983, 28
27.084, 28
27.185, 28
27.286, 28
27.39, 28
27.491, 28
27.592, 28
27.693, 28
27.797, 28
27.898, 28
27.999, 28
28.1, 28
28.201, 28
28.302, 28
28.403, 28
28.504, 28
28.605, 28
28.707, 28
28.808, 28
28.909, 28
29.01, 28
29.111, 28
29.215, 28
29.316, 28
29.417, 28
29.518, 28
29.619, 28
29.72, 28
29.821, 28
29.922, 28
30.023, 28
30.124, 28
30.225, 28
30.326, 28
30.427, 28
30.528, 28
30.629, 28
30.733, 28
30.834, 28
30.935, 28
31.036, 28
31.137, 28
31.238, 28
31.34, 28
31.444, 28
31.544, 28
31.648, 28
31.749, 28
31.85, 28
31.951, 28
32.052, 28
32.154, 28
32.254, 28
32.356, 28
32.457, 28
32.558, 28
32.659, 28
32.76, 28
32.861, 28
32.962, 28
33.066, 28
33.167, 28
33.268, 28
33.369, 28
33.47, 28
33.571, 28
33.672, 28
33.773, 28
33.874, 28
33.975, 28
34.076, 28
34.177, 28
34.278, 28
34.38, 28
34.48, 28
34.584, 28
34.685, 28
34.786, 28
34.887, 28
34.988, 28
35.089, 28
35.191, 28
35.295, 28
35.395, 28
35.499, 28
35.6, 28
35.701, 28
35.802, 28
35.903, 28
36.005, 28
36.105, 28
36.207, 28
36.308, 28
36.409, 28
36.51, 28
36.611, 28
36.712, 28
36.813, 28
36.917, 28
37.018, 28
37.119, 28
37.22, 28
37.321, 28
37.422, 28
37.523, 28
37.624, 28
37.725, 28
37.826, 28
37.928, 28
38.028, 28
38.129, 28
38.23, 28
38.332, 28
38.435, 28
38.536, 28
38.638, 28
38.738, 28
38.84, 28
38.941, 28
39.042, 28
39.146, 28
39.246, 28
39.35, 28
39.451, 28
39.552, 28
39.654, 28
39.755, 28
39.856, 28
39.957, 28
40.058, 28
40.159, 28
40.26, 28
40.361, 28
40.462, 28
40.563, 28
40.664, 28
40.768, 28
40.869, 28
40.97, 28
41.071, 28
41.172, 28
41.273, 28
41.374, 28
41.475, 28
41.576, 28
41.677, 28
41.779, 28
41.879, 28
41.98, 28
42.082, 28
42.183, 28
42.286, 28
42.388, 28
42.489, 28
42.59, 28
42.691, 28
42.792, 28
42.893, 28
42.997, 28
43.098, 28
43.201, 28
43.302, 28
43.403, 28
43.505, 28
43.606, 28
43.707, 28
43.808, 28
43.909, 28
44.01, 28
44.111, 28
44.212, 28
44.313, 28
44.414, 28
44.515, 28
44.619, 28
44.72, 28
44.821, 28
44.922, 28
45.023, 28
45.124, 28
45.225, 28
45.326, 28
45.427, 28
45.528, 28
45.63, 28
45.73, 28
45.832, 28
45.933, 28
46.034, 28
46.137, 28
46.239, 28
46.34, 28
46.441, 28
46.542, 28
46.643, 28
46.744, 28
46.848, 28
46.949, 28
47.052, 28
47.154, 28
47.254, 28
47.356, 28
47.457, 28
47.558, 28
47.659, 28
47.76, 28
47.861, 28
47.962, 28
48.063, 28
48.164, 28
48.265, 28
48.366, 28
48.47, 28
48.571, 28
48.672, 28
48.773, 28
48.874, 28
48.975, 28
49.076, 28
49.177, 28
49.278, 28
49.379, 28
49.481, 28
49.581, 28
49.683, 28
49.784, 28
49.885, 28
49.989, 28
50.09, 28
50.191, 28
50.292, 28
50.393, 28
50.494, 28
50.595, 28
50.699, 28
50.8, 28
50.903, 28
51.005, 28
51.106, 28
51.207, 28
51.308, 28
51.409, 28
51.51, 28
51.611, 28
51.712, 28
51.813, 28
51.914, 28
52.015, 28
52.116, 28
52.217, 28
52.321, 28
52.422, 28
52.523, 28
52.624, 28
52.726, 28
52.826, 28
52.927, 28
53.028, 28
53.129, 28
53.23, 28
53.332, 28
53.433, 28
53.534, 28
53.635, 28
53.736, 28
53.839, 28
53.94, 28
54.042, 28
54.142, 28
54.244, 28
54.344, 28
54.445, 28
54.547, 28
54.648, 28
54.752, 28
54.853, 28
54.957, 28
55.058, 28
55.159, 28
55.26, 28
55.361, 28
55.465, 28
55.568, 28
55.67, 28
55.771, 28
55.872, 28
55.973, 28
56.075, 28
56.178, 28
56.279, 28
56.383, 28
56.484, 28
56.585, 28
56.686, 28
56.79, 28
56.891, 28
56.995, 28
57.096, 28
57.2, 28
57.301, 28
57.402, 28
57.503, 28
57.604, 28
57.705, 28
57.809, 28
57.911, 28
58.012, 28
58.116, 28
58.217, 28
58.318, 28
58.422, 28
58.523, 28
58.625, 28
58.728, 28
58.83, 28
58.93, 28
59.032, 28
59.133, 28
59.237, 28
59.338, 28
59.439, 28
59.543, 28
59.644, 28
59.746, 28
59.846, 28
59.948, 28
60.052, 28
60.153, 28
60.254, 28
60.356, 28
60.459, 28
60.56, 28
60.664, 28
60.765, 28
60.866, 29
60.967, 29
61.068, 29
61.169, 29
61.271, 29
61.375, 29
61.479, 29
61.58, 29
61.682, 29
61.786, 29
61.887, 29
61.991, 29
62.092, 29
62.193, 29
62.294, 29
62.396, 29
62.499, 29
62.6, 29
62.701, 29
62.803, 29
62.903, 29
63.005, 29
63.109, 29
63.212, 29
63.317, 29
63.418, 29
63.519, 29
63.62, 29
63.721, 29
63.822, 29
63.923, 30
64.027, 30
64.128, 30
64.229, 30
64.33, 30
64.432, 30
64.533, 30
64.634, 30
64.738, 30
64.838, 30
64.94, 30
65.041, 30
65.145, 30
65.246, 30
65.35, 30
65.451, 30
65.553, 30
65.654, 30
65.755, 30
65.856, 30
65.957, 30
66.061, 30
66.162, 30
66.263, 31
66.364, 31
66.465, 31
66.566, 31
66.667, 31
66.769, 31
66.87, 31
66.971, 31
67.072, 31
67.176, 31
67.277, 31
67.378, 31
67.479, 31
67.58, 31
67.684, 31
67.785, 31
67.886, 32
67.987, 32
68.089, 32
68.19, 32
68.291, 32
68.392, 32
68.493, 32
68.597, 32
68.699, 32
68.802, 32
68.903, 32
69.007, 32
69.108, 32
69.209, 32
69.31, 32
69.411, 32
69.512, 32
69.613, 32
69.715, 32
69.816, 32
69.917, 32
70.019, 32
70.12, 33
70.221, 33
70.325, 33
70.426, 33
70.527, 33
70.631, 33
70.732, 33
70.836, 33
70.937, 33
71.041, 33
71.142, 33
71.246, 33
71.348, 33
71.449, 34
71.55, 34
71.654, 34
71.755, 34
71.856, 34
71.957, 34
72.058, 34
72.159, 35
72.26, 35
72.361, 35
72.462, 35
72.563, 35
72.667, 35
72.768, 35
72.869, 35
72.97, 36
73.074, 36
73.175, 36
73.279, 36
73.38, 36
73.484, 36
73.585, 36
73.689, 36
73.79, 36
73.894, 37
73.995, 37
74.098, 37
74.2, 37
74.303, 37
74.404, 37
74.508, 37
74.608, 37
74.711, 37
74.812, 38
74.914, 38
75.017, 38
75.118, 38
75.223, 38
75.324, 38
75.427, 38
75.529, 38
75.63, 38
75.731, 38
75.832, 38
75.934, 38
76.035, 38
76.136, 38
76.237, 39
76.338, 38
76.442, 39
76.543, 39
76.647, 39
76.748, 39
76.852, 39
76.953, 39
77.054, 39
77.155, 39
77.259, 39
77.36, 39
77.463, 39
77.565, 39
77.666, 39
77.77, 39
77.871, 39
77.972, 39
78.073, 40
78.174, 39
78.275, 40
78.376, 40
78.478, 40
78.579, 40
78.679, 40
78.781, 40
78.882, 40
78.983, 40
79.084, 40
79.185, 40
79.286, 40
79.387, 40
79.488, 40
79.592, 40
79.693, 40
79.797, 40
79.898, 40
79.999, 40
80.1, 40
80.201, 40
80.302, 40
80.403, 40
80.507, 40
80.609, 40
80.71, 40
80.813, 40
80.915, 40
81.018, 40
81.119, 40
81.223, 40
81.324, 40
81.426, 40
81.527, 40
81.628, 40
81.729, 40
81.83, 40
81.934, 40
82.035, 40
82.137, 40
82.241, 40
82.342, 40
82.445, 41
82.546, 41
82.65, 40
82.754, 41
82.855, 41
82.957, 41
83.058, 41
83.159, 41
83.26, 41
83.361, 41
83.462, 41
83.563, 41
83.667, 41
83.768, 41
83.871, 41
83.973, 41
84.074, 41
84.175, 41
84.279, 41
84.38, 41
84.481, 41
84.582, 41
84.683, 41
84.784, 41
84.888, 41
84.989, 41
85.09, 41
85.192, 41
85.293, 40
85.396, 40
85.497, 40
85.601, 40
85.702, 40
85.803, 40
85.904, 40
86.006, 40
86.11, 41
86.21, 40
86.314, 40
86.415, 41
86.516, 41
86.617, 41
86.718, 41
86.82, 41
86.921, 41
87.022, 41
87.126, 41
87.228, 41
87.331, 41
87.432, 41
87.536, 41
87.637, 41
87.738, 41
87.839, 41
87.94, 41
88.041, 41
88.142, 41
88.246, 41
88.35, 41
88.451, 41
88.552, 41
88.653, 41
88.754, 41
88.855, 41
88.959, 41
89.06, 41
89.164, 41
89.265, 41
89.366, 41
89.468, 41
89.569, 41
89.67, 41
89.771, 41
89.872, 41
89.974, 41
90.077, 41
90.179, 41
90.282, 41
90.383, 41
90.487, 41
90.588, 41
90.689, 41
90.79, 41
90.891, 41
90.995, 41
91.097, 41
91.2, 41
91.302, 41
91.405, 41
91.506, 41
91.607, 41
91.708, 41
91.809, 41
91.91, 41
92.012, 41
92.113, 41
92.214, 41
92.316, 41
92.417, 41
92.518, 41
92.619, 41
92.72, 41
92.821, 41
92.925, 41
93.026, 41
93.128, 41
93.231, 41
93.335, 41
93.436, 41
93.537, 41
93.641, 41
93.745, 41
93.846, 41
93.947, 41
94.048, 41
94.15, 41
94.253, 41
94.354, 41
94.455, 41
94.559, 41
94.663, 41
94.764, 41
94.867, 41
94.969, 41
95.07, 41
95.171, 41
95.272, 41
95.373, 41
95.474, 41
95.575, 41
95.676, 41
95.777, 41
95.881, 41
95.982, 42
96.086, 42
96.187, 42
96.289, 42
96.389, 42
96.491, 42
96.592, 42
96.693, 42
96.794, 42
96.897, 43
96.999, 43
97.102, 43
97.204, 43
97.307, 43
97.409, 43
97.51, 43
97.611, 43
97.712, 43
97.816, 43
97.917, 43
98.018, 44
98.119, 44
98.221, 44
98.322, 44
98.423, 44
98.524, 44
98.628, 44
98.729, 44
98.83, 44
98.931, 44
99.032, 44
99.133, 45
99.234, 45
99.338, 45
99.439, 45
99.543, 45
99.644, 45
99.746, 45
99.847, 45
99.948, 45
100.05, 45
100.151, 46
100.252, 46
100.353, 46
100.454, 46
100.555, 46
100.656, 46
100.76, 46
100.861, 46
100.964, 46
101.066, 46
101.169, 47
101.271, 47
101.372, 47
101.473, 47
101.574, 47
101.678, 47
101.779, 47
101.883, 47
101.984, 47
102.088, 47
102.188, 47
102.292, 48
102.393, 48
102.495, 48
102.596, 48
102.697, 48
102.798, 48
102.899, 48
103, 48
103.104, 48
103.205, 48
103.306, 48
103.407, 48
103.508, 48
103.609, 48
103.711, 49
103.811, 49
103.913, 49
104.013, 49
104.115, 49
104.216, 49
104.319, 49
104.421, 49
104.524, 49
104.625, 49
104.726, 49
104.827, 49
104.928, 49
105.03, 49
105.131, 49
105.234, 49
105.336, 49
105.439, 49
105.541, 49
105.642, 50
105.746, 50
105.847, 50
105.948, 50
106.052, 50
106.153, 50
106.254, 50
106.358, 50
106.459, 50
106.563, 50
106.664, 50
106.768, 50
106.869, 50
106.97, 50
107.071, 50
107.175, 50
107.276, 50
107.377, 50
107.479, 50
107.58, 50
107.681, 50
107.782, 50
107.884, 50
107.988, 50
108.089, 50
108.19, 50
108.291, 50
108.392, 50
108.493, 50
108.594, 50
108.695, 50
108.796, 49
108.899, 49
109, 49
109.102, 50
109.205, 50
109.306, 50
109.41, 50
109.511, 50
109.615, 50
109.716, 50
109.817, 50
109.918, 50
110.019, 50
110.121, 50
110.224, 50
110.328, 50
110.43, 50
110.53, 50
110.631, 50
110.732, 50
110.836, 50
110.937, 50
111.041, 50
111.142, 51
111.246, 51
111.347, 51
111.448, 51
111.549, 51
111.65, 51
111.751, 51
111.853, 51
111.953, 51
112.055, 51
112.156, 51
112.257, 51
112.361, 51
112.462, 51
112.563, 51
112.664, 51
112.766, 51
112.866, 51
112.967, 51
113.071, 51
113.172, 51
113.273, 51
113.374, 51
113.475, 51
113.579, 51
113.681, 51
113.782, 51
113.883, 51
113.984, 51
114.088, 51
114.189, 51
114.29, 51
114.391, 51
114.492, 51
114.593, 51
114.697, 51
114.798, 51
114.902, 51
115.003, 51
115.104, 51
115.205, 51
115.307, 51
115.41, 51
115.512, 51
115.612, 51
115.713, 51
115.815, 51
115.916, 51
116.017, 52
116.118, 52
116.22, 52
116.32, 52
116.422, 52
116.526, 52
116.627, 52
116.73, 52
116.831, 52
116.935, 52
117.036, 52
117.137, 53
117.238, 53
117.34, 53
117.441, 53
117.545, 53
117.646, 53
117.75, 53
117.851, 54
117.951, 54
118.054, 54
118.158, 54
118.259, 54
118.36, 54
118.461, 54
118.562, 54
118.666, 54
118.768, 55
118.871, 55
118.972, 55
119.076, 55
119.177, 55
119.278, 55
119.379, 56
119.48, 56
119.581, 56
119.682, 56
119.784, 56
119.885, 56
119.987, 57
120.09, 57
120.192, 57
120.292, 57
120.394, 57
120.494, 57
120.599, 58
120.699, 57
120.8, 58
120.902, 58
121.003, 58
121.107, 58
121.208, 58
121.309, 58
121.41, 58
121.511, 58
121.612, 59
121.713, 59
121.815, 59
121.915, 59
122.017, 59
122.118, 59
122.219, 59
122.32, 60
122.421, 60
122.525, 60
122.626, 60
122.727, 60
122.828, 60
122.93, 60
123.03, 61
123.131, 62
123.233, 62
123.333, 63
123.435, 63
123.539, 63
123.64, 63
123.743, 62
123.844, 62
123.948, 62
124.05, 62
124.151, 62
124.255, 63
124.356, 62
124.457, 63
124.558, 63
124.659, 63
124.76, 63
124.861, 63
124.962, 63
125.066, 64
125.17, 64
125.271, 64
125.372, 64
125.473, 64
125.575, 64
125.676, 64
125.779, 64
125.883, 65
125.984, 65
126.085, 65
126.186, 65
126.287, 65
126.388, 65
126.492, 65
126.594, 65
126.697, 65
126.798, 65
126.902, 65
127.006, 66
127.105, 66
127.206, 66
127.309, 66
127.41, 66
127.512, 66
127.613, 66
127.717, 66
127.818, 67
127.919, 67
128.02, 67
128.124, 67
128.225, 67
128.326, 67
128.427, 67
128.529, 67
128.63, 67
128.731, 67
128.832, 67
128.933, 67
129.037, 68
129.138, 68
129.239, 68
129.34, 68
129.442, 68
129.545, 68
129.646, 68
129.748, 68
129.849, 68
129.95, 68
130.051, 68
130.152, 68
130.253, 68
130.354, 68
130.455, 69
130.557, 68
130.658, 68
130.759, 69
130.863, 69
130.966, 69
131.068, 69
131.169, 69
131.27, 69
131.371, 69
131.472, 69
131.573, 69
131.677, 69
131.778, 70
131.879, 70
131.981, 70
132.081, 70
132.183, 69
132.284, 69
132.385, 70
132.486, 70
132.587, 70
132.688, 70
132.789, 70
132.893, 70
132.994, 70
133.098, 70
133.199, 70
133.303, 70
133.404, 70
133.508, 70
133.609, 70
133.71, 70
133.811, 70
133.912, 70
134.014, 70
134.117, 70
134.219, 70
134.319, 70
134.423, 70
134.527, 70
134.628, 70
134.729, 70
134.83, 70
134.931, 70
135.033, 70
135.134, 70
135.235, 70
135.339, 70
135.44, 70
135.541, 70
135.642, 70
135.743, 70
135.844, 70
135.945, 70
136.046, 70
136.147, 70
136.248, 70
136.35, 70
136.451, 70
136.552, 70
136.653, 70
136.757, 70
136.858, 70
136.959, 70
137.06, 70
137.164, 70
137.265, 70
137.369, 70
137.47, 70
137.571, 70
137.675, 70
137.776, 70
137.88, 69
137.981, 69
138.082, 70
138.183, 69
138.287, 69
138.388, 69
138.489, 69
138.59, 69
138.691, 69
138.793, 69
138.897, 69
138.997, 69
139.099, 69
139.2, 69
139.303, 69
139.405, 69
139.505, 69
139.609, 69
139.71, 69
139.811, 69
139.912, 69
140.013, 69
140.115, 69
140.218, 69
140.319, 69
140.423, 69
140.525, 69
140.625, 69
140.726, 69
140.828, 69
140.929, 69
141.033, 69
141.136, 69
141.237, 69
141.341, 69
141.442, 69
141.543, 68
141.644, 68
141.746, 68
141.849, 69
141.951, 69
142.054, 68
142.156, 68
142.256, 69
142.357, 69
142.459, 69
142.56, 69
142.661, 69
142.762, 69
142.866, 69
142.967, 69
143.071, 69
143.172, 69
143.273, 69
143.374, 69
143.476, 69
143.577, 69
143.678, 69
143.779, 69
143.881, 69
143.981, 69
144.083, 69
144.184, 70
144.287, 70
144.388, 70
144.492, 70
144.593, 70
144.694, 70
144.796, 70
144.9, 70
145.001, 70
145.105, 70
145.207, 70
145.309, 70
145.412, 71
145.513, 71
145.614, 71
145.716, 71
145.817, 71
145.918, 71
146.022, 71
146.123, 71
146.224, 72
146.328, 72
146.429, 72
146.531, 72
146.632, 72
146.733, 72
146.834, 72
146.935, 72
147.036, 72
147.137, 72
147.238, 72
147.34, 72
147.44, 72
147.542, 73
147.643, 73
147.744, 73
147.845, 73
147.946, 73
148.047, 73
148.149, 73
148.253, 73
148.354, 73
148.458, 73
148.559, 73
148.66, 73
148.761, 73
148.862, 74
148.963, 74
149.064, 74
149.165, 74
149.266, 74
149.368, 74
149.469, 74
149.57, 74
149.671, 74
149.772, 74
149.873, 74
149.974, 74
150.078, 74
150.18, 75
150.283, 75
150.384, 75
150.484, 75
150.588, 75
150.689, 75
150.79, 75
150.894, 75
150.995, 75
151.099, 75
151.199, 75
151.301, 75
151.402, 75
151.506, 76
151.607, 76
151.71, 76
151.812, 76
151.915, 76
152.016, 76
152.12, 76
152.221, 76
152.323, 76
152.427, 76
152.528, 76
152.629, 76
152.733, 76
152.834, 76
152.937, 76
153.038, 76
153.139, 76
153.241, 76
153.341, 76
153.443, 76
153.544, 76
153.645, 76
153.749, 76
153.85, 76
153.954, 77
154.055, 77
154.157, 77
154.258, 77
154.359, 77
154.46, 77
154.561, 77
154.662, 77
154.763, 77
154.864, 77
154.965, 77
155.069, 77
155.17, 77
155.271, 77
155.372, 77
155.476, 77
155.577, 77
155.678, 77
155.779, 77
155.881, 77
155.982, 77
156.083, 77
156.184, 77
156.285, 77
156.386, 77
156.49, 77
156.592, 77
156.695, 77
156.796, 76
156.9, 76
157.001, 76
157.102, 76
157.203, 76
157.305, 76
157.409, 76
157.509, 76
157.614, 76
157.715, 76
157.816, 77
157.92, 77
158.021, 76
158.124, 76
158.226, 76
158.33, 76
158.431, 76
158.532, 76
158.633, 76
158.734, 76
158.835, 76
158.937, 76
159.04, 76
159.141, 76
159.243, 76
159.346, 76
159.447, 76
159.549, 76
159.652, 76
159.754, 76
159.854, 76
159.959, 75
160.061, 75
160.162, 75
160.266, 75
160.37, 75
160.471, 75
160.572, 75
160.673, 75
160.774, 75
160.878, 75
160.979, 75
161.08, 75
161.181, 75
161.282, 75
161.386, 76
161.49, 76
161.591, 76
161.693, 76
161.794, 76
161.895, 76
161.996, 76
162.098, 76
162.198, 76
162.3, 76
162.4, 76
162.502, 76
162.603, 76
162.704, 76
162.805, 76
162.906, 76
163.007, 76
163.109, 76
163.212, 77
163.313, 77
163.417, 77
163.518, 77
163.619, 77
163.723, 77
163.824, 77
163.925, 77
164.026, 77
164.127, 78
164.229, 78
164.333, 78
164.433, 78
164.537, 78
164.639, 78
164.742, 78
164.843, 78
164.947, 79
165.048, 79
165.149, 79
165.25, 79
165.352, 79
165.453, 79
165.554, 79
165.655, 79
165.756, 80
165.858, 80
165.959, 80
166.06, 80
166.161, 80
166.262, 80
166.363, 80
166.465, 80
166.568, 80
166.669, 81
166.771, 81
166.874, 81
166.975, 81
167.08, 81
167.181, 81
167.284, 81
167.385, 81
167.487, 81
167.591, 82
167.693, 82
167.794, 82
167.898, 82
167.999, 82
168.1, 82
168.201, 82
168.302, 82
168.406, 82
168.51, 82
168.611, 82
168.713, 82
168.814, 83
168.917, 83
169.021, 83
169.122, 83
169.226, 83
169.327, 83
169.428, 83
169.529, 83
169.631, 83
169.731, 83
169.833, 83
169.933, 83
170.034, 83
170.136, 83
170.239, 83
170.341, 83
170.444, 83
170.545, 83
170.649, 83
170.751, 83
170.851, 83
170.952, 83
171.053, 83
171.158, 83
171.258, 83
171.362, 83
171.464, 83
171.567, 83
171.669, 83
171.772, 83
171.873, 83
171.977, 83
172.078, 83
172.18, 83
172.282, 83
172.384, 83
172.485, 83
172.586, 83
172.686, 83
172.788, 83
172.889, 83
172.99, 83
173.091, 83
173.194, 83
173.296, 83
173.4, 83
173.501, 83
173.602, 83
173.703, 83
173.804, 83
173.906, 83
174.007, 83
174.111, 83
174.212, 83
174.313, 83
174.414, 83
174.515, 83
174.619, 83
174.72, 83
174.821, 83
174.923, 83
175.024, 83
175.125, 83
175.226, 83
175.33, 83
175.431, 83
175.534, 83
175.638, 83
175.739, 83
175.841, 83
175.944, 83
176.048, 83
176.149, 83
176.25, 83
176.351, 83
176.453, 83
176.556, 83
176.657, 83
176.759, 83
176.86, 83
176.961, 83
177.064, 83
177.166, 83
177.269, 83
177.37, 83
177.472, 83
177.573, 83
177.676, 83
177.778, 83
177.879, 83
177.98, 83
178.081, 83
178.185, 83
178.286, 83
178.39, 83
178.491, 83
178.594, 83
178.695, 83
178.799, 83
178.901, 83
179.004, 83
179.105, 83
179.206, 82
179.307, 83
179.408, 83
179.51, 82
179.611, 82
179.712, 82
179.813, 82
179.914, 82
180.015, 82
180.116, 82
180.218, 82
180.318, 82
180.42, 82
180.521, 82
180.622, 82
180.724, 82
180.827, 82
180.929, 82
181.029, 82
181.131, 82
181.234, 82
181.336, 82
181.439, 82
181.541, 82
181.644, 82
181.745, 82
181.849, 82
181.95, 82
182.054, 82
182.155, 82
182.259, 82
182.36, 82
182.461, 82
182.562, 82
182.663, 82
182.765, 82
182.868, 82
182.97, 82
183.074, 82
183.174, 82
183.278, 82
183.379, 82
183.48, 82
183.582, 82
183.683, 82
183.784, 82
183.885, 82
183.986, 82
184.087, 82
184.188, 82
184.29, 82
184.39, 82
184.492, 82
184.593, 82
184.694, 82
184.795, 82
184.899, 81
185, 82
185.101, 82
185.205, 82
185.308, 82
185.409, 82
185.513, 82
185.615, 82
185.718, 82
185.819, 82
185.923, 82
186.024, 82
186.126, 82
186.227, 82
186.328, 82
186.429, 82
186.53, 82
186.631, 82
186.732, 82
186.836, 82
186.937, 82
187.041, 82
187.142, 82
187.243, 82
187.344, 82
187.445, 82
187.549, 83
187.65, 82
187.751, 83
187.853, 83
187.954, 83
188.055, 82
188.157, 83
188.26, 83
188.362, 83
188.465, 83
188.567, 82
188.669, 82
188.77, 83
188.871, 83
188.974, 83
189.076, 83
189.179, 83
189.28, 83
189.384, 83
189.486, 83
189.586, 83
189.687, 83
189.788, 83
189.89, 83
189.993, 83
190.094, 83
190.196, 83
190.299, 83
190.401, 83
190.503, 83
190.604, 83
190.705, 83
190.809, 83
190.91, 83
191.011, 83
191.112, 83
191.214, 83
191.317, 83
191.421, 83
191.522, 83
191.626, 83
191.73, 83
191.831, 83
191.933, 83
192.036, 83
192.138, 83
192.238, 83
192.34, 83
192.441, 83
192.542, 83
192.643, 83
192.744, 83
192.845, 83
192.946, 83
193.047, 83
193.148, 83
193.25, 83
193.353, 83
193.454, 83
193.556, 83
193.657, 83
193.758, 83
193.861, 83
193.963, 83
194.064, 83
194.165, 83
194.266, 83
194.367, 83
194.468, 83
194.569, 83
194.67, 83
194.772, 83
194.873, 83
194.976, 83
195.078, 83
195.179, 83
195.281, 83
195.384, 83
195.485, 83
195.586, 83
195.687, 83
195.788, 83
195.889, 83
195.99, 83
196.091, 83
196.193, 83
196.296, 83
196.398, 83
196.499, 83
196.6, 83
196.701, 83
196.804, 83
196.905, 83
197.009, 83
197.111, 83
197.214, 83
197.315, 83
197.419, 83
197.521, 83
197.624, 83
197.725, 83
197.826, 83
197.927, 83
198.028, 83
198.132, 83
198.234, 83
198.335, 83
198.435, 83
198.539, 83
198.64, 83
198.741, 83
198.845, 83
198.946, 83
199.048, 83
199.152, 82
199.253, 82
199.355, 82
199.456, 82
199.557, 82
199.658, 82
199.759, 82
199.86, 82
199.961, 82
200.062, 82
200.163, 82
200.267, 82
200.368, 82
200.469, 82
200.57, 82
200.672, 82
200.773, 82
200.877, 82
200.978, 82
201.079, 82
201.18, 82
201.281, 82
201.382, 82
201.483, 82
201.587, 82
201.688, 82
201.792, 82
201.893, 82
201.994, 82
202.095, 82
202.196, 82
202.297, 82
202.398, 82
202.502, 81
202.603, 81
202.707, 81
202.808, 81
202.91, 81
203.014, 81
203.115, 81
203.219, 81
203.32, 81
203.421, 81
203.522, 81
203.623, 81
203.724, 81
203.826, 81
203.927, 81
204.03, 81
204.132, 81
204.236, 81
204.337, 81
204.44, 81
204.541, 80
204.645, 80
204.746, 80
204.85, 80
204.952, 80
205.053, 80
205.154, 80
205.255, 80
205.356, 80
205.458, 80
205.562, 80
205.663, 80
205.766, 80
205.867, 80
205.971, 80
206.073, 80
206.174, 80
206.278, 80
206.379, 80
206.48, 80
206.581, 80
206.683, 80
206.783, 80
206.884, 80
206.985, 80
207.086, 80
207.187, 80
207.291, 80
207.392, 80
207.494, 80
207.595, 80
207.696, 80
207.797, 80
207.898, 80
207.999, 80
208.1, 80
208.202, 80
208.305, 80
208.409, 80
208.51, 80
208.611, 80
208.715, 80
208.816, 80
208.92, 80
209.021, 80
209.122, 80
209.226, 80
209.328, 80
209.431, 80
209.533, 80
209.634, 80
209.735, 80
209.836, 80
209.937, 80
210.039, 80
210.14, 80
210.244, 80
210.345, 81
210.446, 81
210.547, 81
210.648, 81
210.751, 81
210.853, 81
210.956, 81
211.057, 81
211.161, 81
211.263, 81
211.364, 81
211.468, 81
211.569, 81
211.67, 81
211.771, 81
211.872, 81
211.976, 81
212.077, 81
212.178, 81
212.279, 81
212.38, 82
212.484, 82
212.585, 82
212.686, 82
212.79, 82
212.891, 82
212.992, 82
213.094, 82
213.195, 82
213.296, 82
213.398, 82
213.5, 82
213.601, 82
213.703, 82
213.804, 82
213.905, 81
214.006, 82
214.107, 83
214.208, 83
214.309, 84
214.41, 84
214.511, 83
214.613, 83
214.716, 83
214.817, 83
214.922, 83
215.023, 83
215.124, 83
215.228, 83
215.331, 83
215.432, 83
215.533, 83
215.637, 83
215.738, 83
215.84, 83
215.941, 83
216.042, 83
216.143, 83
216.247, 83
216.35, 83
216.452, 84
216.553, 84
216.654, 84
216.755, 84
216.859, 84
216.96, 84
217.064, 84
217.165, 84
217.266, 84
217.367, 84
217.468, 84
217.569, 84
217.673, 84
217.774, 84
217.875, 84
217.976, 84
218.077, 84
218.179, 84
218.279, 84
218.381, 84
218.482, 84
218.583, 84
218.684, 84
218.785, 84
218.889, 84
218.99, 84
219.092, 84
219.195, 84
219.299, 84
219.4, 84
219.501, 84
219.603, 84
219.705, 84
219.806, 84
219.907, 84
220.011, 84
220.114, 84
220.216, 84
220.317, 84
220.418, 84
220.519, 84
220.62, 84
220.724, 84
220.825, 84
220.926, 84
221.027, 83
221.131, 83
221.232, 83
221.333, 84
221.434, 84
221.536, 84
221.636, 84
221.737, 83
221.839, 84
221.94, 83
222.041, 83
222.144, 83
222.245, 83
222.349, 83
222.451, 83
222.554, 83
222.656, 83
222.759, 83
222.86, 83
222.961, 83
223.065, 82
223.169, 82
223.27, 83
223.371, 83
223.472, 83
223.573, 83
223.675, 83
223.775, 83
223.877, 82
223.978, 82
224.079, 82
224.18, 82
224.281, 82
224.382, 82
224.484, 82
224.588, 82
224.689, 82
224.79, 82
224.891, 82
224.995, 82
225.097, 82
225.2, 82
225.301, 82
225.405, 82
225.506, 82
225.61, 82
225.711, 82
225.815, 82
225.916, 82
226.019, 82
226.121, 82
226.222, 82
226.326, 82
226.425, 82
226.528, 82
226.629, 82
226.731, 82
226.832, 82
226.933, 82
227.034, 82
227.138, 82
227.239, 81
227.34, 81
227.442, 81
227.545, 81
227.646, 81
227.747, 81
227.848, 81
227.949, 81
228.051, 81
228.152, 81
228.253, 81
228.357, 81
228.458, 81
228.562, 81
228.663, 81
228.767, 81
228.868, 81
228.972, 81
229.073, 81
229.177, 80
229.278, 81
229.382, 81
229.483, 81
229.587, 81
229.688, 81
229.789, 81
229.893, 81
229.994, 80
230.095, 80
230.196, 80
230.297, 80
230.398, 80
230.499, 80
230.603, 80
230.705, 80
230.808, 80
230.909, 80
231.013, 80
231.114, 80
231.218, 80
231.319, 80
231.423, 80
231.523, 80
231.626, 80
231.726, 80
231.827, 80
231.931, 80
232.032, 80
232.136, 80
232.237, 80
232.341, 81
232.442, 81
232.546, 81
232.647, 81
232.751, 81
232.852, 81
232.955, 81
233.057, 81
233.161, 81
233.262, 81
233.363, 81
233.464, 81
233.566, 81
233.67, 81
233.771, 81
233.872, 81
233.973, 81
234.074, 81
234.178, 81
234.279, 81
234.38, 81
234.481, 81
234.582, 81
234.683, 81
234.784, 81
234.886, 81
234.987, 81
235.088, 81
235.189, 81
235.293, 81
235.394, 81
235.495, 81
235.596, 81
235.698, 82
235.801, 82
235.902, 82
236.003, 82
236.104, 82
236.206, 82
236.31, 82
236.411, 82
236.513, 82
236.617, 82
236.719, 82
236.819, 82
236.923, 82
237.027, 82
237.128, 82
237.229, 82
237.33, 82
237.432, 82
237.532, 82
237.633, 82
237.734, 82
237.836, 83
237.937, 83
238.038, 83
238.142, 83
238.243, 83
238.347, 83
238.448, 83
238.552, 83
238.653, 83
238.754, 83
238.855, 83
238.954, 83
239.055, 83
239.156, 83
239.257, 83
239.358, 83
239.459, 83
239.56, 83
239.661, 83
239.762, 83
239.864, 83
239.965, 83
240.068, 83
240.169, 83
240.27, 83
240.372, 83
240.473, 83
240.574, 83
240.675, 83
240.776, 83
240.88, 83
240.981, 83
241.085, 83
241.186, 83
241.288, 83
241.389, 83
241.49, 83
241.591, 83
241.692, 83
241.794, 83
241.897, 83
241.998, 83
242.1, 83
242.2, 83
242.305, 83
242.406, 83
242.507, 83
242.608, 83
242.709, 83
242.812, 83
242.913, 83
243.015, 83
243.116, 83
243.217, 83
243.318, 83
243.421, 83
243.523, 83
243.624, 83
243.728, 83
243.831, 83
243.932, 83
244.034, 83
244.134, 83
244.236, 83
244.339, 83
244.441, 83
244.542, 83
244.646, 83
244.746, 83
244.848, 83
244.949, 83
245.05, 83
245.151, 83
245.252, 83
245.353, 83
245.454, 83
245.558, 83
245.659, 83
245.76, 83
245.862, 83
245.963, 83
246.064, 83
246.165, 83
246.269, 83
246.373, 83
246.474, 83
246.575, 83
246.676, 83
246.777, 83
246.878, 83
246.979, 83
247.08, 83
247.184, 83
247.285, 83
247.389, 83
247.49, 83
247.591, 83
247.693, 83
247.796, 83
247.897, 83
248.001, 83
248.102, 83
248.206, 83
248.307, 83
248.411, 83
248.512, 83
248.613, 83
248.714, 83
248.815, 83
248.916, 83
249.018, 83
249.118, 83
249.22, 83
249.321, 83
249.425, 83
249.526, 83
249.627, 83
249.728, 83
249.832, 83
249.933, 83
250.034, 83
250.135, 83
250.236, 83
250.337, 83
250.439, 83
250.543, 83
250.643, 83
250.745, 83
250.846, 83
250.947, 83
251.048, 83
251.149, 83
251.25, 83
251.354, 83
251.455, 83
251.559, 83
251.66, 83
251.762, 83
251.862, 83
251.964, 83
252.067, 83
252.168, 83
252.272, 83
252.373, 83
252.477, 83
252.578, 83
252.679, 83
252.78, 82
252.881, 82
252.985, 82
253.086, 82
253.187, 82
253.288, 82
253.389, 82
253.49, 82
253.592, 82
253.692, 82
253.794, 82
253.895, 82
253.996, 82
254.097, 82
254.198, 82
254.299, 82
254.4, 82
254.501, 82
254.602, 82
254.703, 82
254.804, 82
254.906, 82
255.007, 82
255.107, 82
255.209, 82
255.31, 82
255.411, 81
255.512, 81
255.616, 81
255.717, 81
255.821, 81
255.922, 81
256.024, 81
256.127, 81
256.229, 81
256.33, 81
256.433, 81
256.535, 81
256.637, 81
256.737, 81
256.838, 81
256.939, 81
257.04, 81
257.144, 81
257.245, 81
257.349, 81
257.45, 81
257.551, 81
257.652, 81
257.753, 81
257.855, 81
257.956, 81
258.059, 81
258.161, 81
258.262, 81
258.366, 80
258.467, 80
258.568, 80
258.669, 80
258.77, 81
258.871, 80
258.972, 80
259.076, 80
259.177, 80
259.278, 80
259.38, 80
259.483, 80
259.584, 80
259.685, 80
259.786, 80
259.89, 80
259.991, 80
260.092, 80
260.196, 80
260.3, 80
260.401, 80
260.505, 80
260.606, 80
260.71, 80
260.811, 80
260.912, 80
261.013, 81
261.114, 81
261.218, 81
261.319, 81
261.42, 81
261.521, 81
261.622, 81
261.724, 81
261.825, 81
261.926, 81
262.027, 81
262.128, 81
262.232, 81
262.333, 81
262.436, 81
262.538, 81
262.641, 81
262.743, 81
262.842, 81
262.943, 81
263.044, 81
263.145, 81
263.246, 81
263.347, 81
263.451, 81
263.552, 81
263.653, 82
263.754, 82
263.858, 82
263.959, 82
264.06, 82
264.161, 82
264.263, 82
264.363, 82
264.464, 82
264.566, 82
264.666, 82
264.768, 82
264.872, 82
264.972, 82
265.076, 82
265.178, 82
265.282, 82
265.382, 82
265.486, 82
265.588, 81
265.689, 82
265.79, 82
265.891, 82
265.992, 82
266.093, 82
266.194, 82
266.295, 82
266.396, 82
266.497, 83
266.601, 83
266.702, 83
266.806, 83
266.907, 83
267.011, 83
267.112, 83
267.216, 83
267.317, 83
267.418, 83
267.519, 83
267.621, 83
267.722, 83
267.823, 83
267.924, 83
268.025, 83
268.129, 84
268.233, 84
268.334, 84
268.438, 84
268.539, 84
268.643, 84
268.744, 84
268.845, 84
268.946, 84
269.047, 84
269.148, 84
269.249, 84
269.35, 84
269.451, 84
269.552, 84
269.654, 84
269.755, 84
269.859, 84
269.96, 84
270.061, 84
270.162, 84
270.263, 84
270.367, 84
270.468, 84
270.572, 84
270.673, 84
270.774, 84
270.875, 84
270.976, 84
271.08, 84
271.181, 84
271.285, 84
271.387, 84
271.49, 84
271.592, 84
271.695, 84
271.797, 84
271.9, 84
272.002, 84
272.103, 84
272.207, 84
272.308, 84
272.409, 84
272.51, 84
272.611, 84
272.712, 84
272.813, 84
272.915, 84
273.016, 84
273.117, 84
273.218, 84
273.319, 84
273.423, 84
273.524, 84
273.628, 84
273.729, 84
273.833, 84
273.934, 84
274.035, 84
274.136, 83
274.237, 83
274.339, 83
274.44, 83
274.541, 83
274.642, 83
274.744, 83
274.845, 83
274.946, 83
275.05, 83
275.151, 83
275.252, 83
275.353, 83
275.454, 83
275.555, 83
275.656, 83
275.76, 83
275.862, 83
275.963, 83
276.066, 82
276.17, 82
276.272, 82
276.375, 82
276.476, 82
276.58, 82
276.681, 82
276.785, 82
276.886, 82
276.99, 82
277.091, 82
277.192, 82
277.296, 82
277.397, 82
277.498, 82
277.599, 82
277.703, 82
277.804, 82
277.908, 82
278.009, 82
278.113, 82
278.214, 82
278.318, 82
278.419, 82
278.523, 82
278.624, 82
278.728, 82
278.829, 82
278.932, 82
279.033, 82
279.137, 82
279.238, 82
279.339, 82
279.441, 82
279.542, 82
279.646, 82
279.747, 82
279.851, 82
279.952, 82
280.053, 82
280.157, 82
280.258, 82
280.359, 82
280.461, 82
280.562, 82
280.663, 82
280.767, 82
280.868, 82
280.969, 82
281.07, 82
281.171, 82
281.275, 82
281.376, 82
281.477, 82
281.579, 82
281.68, 82
281.781, 82
281.882, 81
281.983, 81
282.084, 81
282.185, 81
282.286, 82
282.39, 82
282.491, 82
282.592, 82
282.693, 82
282.797, 82
282.898, 82
283.002, 82
283.103, 82
283.205, 82
283.308, 82
283.409, 82
283.513, 82
283.614, 82
283.718, 82
283.822, 82
283.923, 82
284.024, 82
284.125, 82
284.226, 82
284.33, 82
284.431, 82
284.532, 82
284.633, 82
284.735, 82
284.836, 82
284.937, 82
285.038, 82
285.139, 82
285.241, 82
285.344, 82
285.445, 82
285.546, 82
285.648, 82
285.749, 82
285.85, 82
285.951, 82
286.052, 82
286.153, 82
286.256, 82
286.358, 82
286.459, 82
286.56, 82
286.661, 82
286.763, 82
286.863, 82
286.965, 82
287.066, 82
287.167, 82
287.271, 82
287.372, 82
287.476, 82
287.577, 82
287.679, 82
287.782, 82
287.884, 82
287.985, 82
288.087, 82
288.19, 82
288.291, 82
288.395, 82
288.496, 82
288.597, 82
288.698, 82
288.8, 82
288.901, 82
289.005, 82
289.106, 82
289.207, 82
289.308, 82
289.41, 82
289.511, 82
289.612, 82
289.713, 82
289.814, 82
289.915, 82
290.016, 82
290.117, 82
290.218, 82
290.319, 81
290.421, 81
290.523, 81
290.624, 81
290.725, 81
290.826, 81
290.927, 81
291.029, 81
291.129, 81
291.231, 81
291.332, 81
291.433, 81
291.534, 81
291.638, 81
291.739, 81
291.84, 81
291.944, 81
292.047, 81
292.149, 81
292.249, 81
292.351, 81
292.452, 81
292.553, 81
292.657, 81
292.759, 81
292.862, 81
292.963, 81
293.064, 81
293.165, 81
293.266, 81
293.367, 81
293.469, 81
293.572, 81
293.674, 81
293.777, 81
293.878, 81
293.982, 81
294.086, 81
294.187, 81
294.288, 81
294.389, 81
294.49, 81
294.594, 81
294.695, 81
294.797, 81
294.901, 81
295.005, 81
295.106, 81
295.207, 81
295.308, 81
295.409, 81
295.513, 81
295.614, 81
295.715, 82
295.817, 82
295.918, 82
296.019, 82
296.12, 82
296.221, 82
296.323, 82
296.426, 82
296.528, 82
296.63, 82
296.734, 82
296.835, 82
296.938, 82
297.04, 82
297.141, 82
297.242, 82
297.341, 83
297.444, 83
297.549, 83
297.65, 83
297.751, 83
297.854, 83
297.956, 83
298.057, 83
298.158, 83
298.26, 83
298.36, 82
298.464, 83
298.565, 83
298.666, 83
298.768, 82
298.869, 83
298.972, 82
299.074, 83
299.175, 83
299.276, 83
299.377, 83
299.481, 83
299.582, 82
299.686, 83
299.787, 83
299.888, 83
299.989, 82
300.091, 82
300.192, 83
300.293, 82
300.397, 83
300.498, 83
300.602, 83
300.704, 83
300.807, 83
300.908, 83
301.01, 83
301.11, 83
301.212, 83
301.315, 83
301.417, 83
301.52, 83
301.621, 83
301.725, 83
301.827, 83
301.93, 83
302.031, 83
302.135, 83
302.236, 83
302.34, 83
302.441, 83
302.545, 83
302.646, 83
302.75, 83
302.851, 83
302.952, 83
303.053, 83
303.154, 83
303.258, 83
303.359, 83
303.46, 83
303.561, 83
303.662, 83
303.764, 84
303.865, 83
303.966, 83
304.067, 83
304.169, 83
304.268, 83
304.372, 83
304.475, 83
304.577, 83
304.681, 83
304.782, 84
304.886, 84
304.986, 83
305.087, 83
305.188, 83
305.289, 84
305.391, 83
305.492, 83
305.593, 83
305.694, 83
305.795, 83
305.896, 83
306.001, 83
306.101, 84
306.202, 83
306.304, 84
306.406, 84
306.507, 83
306.608, 83
306.709, 83
306.813, 84
306.914, 84
307.015, 84
307.117, 84
307.218, 84
307.319, 84
307.42, 84
307.521, 83
307.625, 84
307.726, 84
307.83, 84
307.931, 84
308.032, 84
308.133, 83
308.234, 84
308.335, 83
308.436, 83
308.54, 83
308.641, 83
308.742, 83
308.843, 83
308.944, 83
309.046, 83
309.146, 83
309.248, 83
309.349, 83
309.45, 83
309.551, 83
309.653, 83
309.753, 83
309.854, 83
309.958, 83
310.06, 83
310.16, 83
310.261, 83
310.362, 83
310.466, 83
310.571, 83
310.674, 83
310.775, 83
310.877, 83
310.977, 83
311.081, 83
311.182, 83
311.286, 83
311.387, 83
311.491, 83
311.592, 83
311.693, 83
311.794, 83
311.896, 83
311.997, 83
312.098, 83
312.199, 83
312.301, 83
312.402, 83
312.506, 83
312.607, 83
312.708, 83
312.812, 83
312.915, 83
313.016, 83
313.118, 83
313.219, 83
313.32, 83
313.424, 83
313.527, 83
313.629, 83
313.73, 83
313.833, 83
313.935, 83
314.036, 83
314.137, 83
314.238, 83
314.342, 83
314.446, 83
314.546, 83
314.648, 83
314.752, 83
314.855, 83
314.957, 83
315.058, 83
315.159, 83
315.26, 83
315.361, 83
315.462, 83
315.563, 83
315.665, 83
315.768, 83
315.869, 83
315.971, 83
316.072, 83
316.173, 83
316.274, 83
316.376, 82
316.477, 82
316.578, 82
316.679, 82
316.78, 82
316.881, 82
316.983, 82
317.084, 82
317.185, 82
317.289, 82
317.39, 82
317.494, 82
317.595, 82
317.696, 82
317.797, 82
317.898, 82
317.999, 82
318.1, 82
318.201, 82
318.302, 82
318.406, 82
318.507, 82
318.611, 82
318.712, 82
318.814, 82
318.917, 82
319.019, 82
319.12, 82
319.221, 82
319.322, 82
319.423, 82
319.524, 82
319.625, 82
319.729, 82
319.833, 81
319.934, 81
320.038, 81
320.139, 81
320.242, 81
320.343, 81
320.447, 81
320.549, 81
320.652, 81
320.754, 81
320.857, 81
320.958, 81
321.059, 81
321.16, 81
321.26, 80
321.36, 80
321.462, 80
321.563, 80
321.664, 80
321.765, 80
321.866, 80
321.967, 80
322.071, 80
322.172, 80
322.273, 80
322.374, 80
322.476, 80
322.579, 80
322.68, 80
322.782, 80
322.882, 80
322.984, 80
323.085, 80
323.186, 80
323.287, 80
323.391, 80
323.492, 80
323.593, 80
323.697, 80
323.8, 80
323.902, 80
324.003, 80
324.104, 80
324.205, 80
324.309, 80
324.41, 80
324.514, 80
324.615, 80
324.719, 80
324.82, 80
324.923, 80
325.025, 80
325.129, 80
325.23, 80
325.33, 80
325.432, 80
325.533, 80
325.634, 80
325.738, 80
325.842, 80
325.943, 80
326.044, 80
326.145, 80
326.248, 80
326.35, 81
326.454, 81
326.555, 81
326.656, 81
326.757, 81
326.858, 81
326.962, 81
327.063, 81
327.167, 81
327.268, 81
327.369, 81
327.47, 81
327.571, 81
327.675, 81
327.776, 81
327.877, 81
327.978, 81
328.079, 81
328.183, 81
328.284, 81
328.385, 81
328.486, 81
328.587, 81
328.689, 82
328.79, 82
328.891, 82
328.992, 82
329.096, 82
329.197, 82
329.298, 82
329.399, 82
329.5, 82
329.604, 82
329.705, 82
329.806, 82
329.907, 82
330.008, 82
330.109, 82
330.21, 82
330.312, 82
330.416, 82
330.517, 83
330.616, 83
330.717, 83
330.821, 83
330.925, 83
331.026, 83
331.127, 83
331.231, 83
331.332, 83
331.433, 83
331.534, 83
331.636, 83
331.736, 83
331.838, 83
331.939, 83
332.043, 83
332.144, 83
332.246, 83
332.347, 83
332.448, 84
332.549, 83
332.652, 83
332.753, 84
332.857, 84
332.958, 84
333.062, 84
333.163, 84
333.267, 84
333.369, 84
333.469, 84
333.571, 84
333.672, 84
333.776, 84
333.877, 84
333.98, 84
334.081, 84
334.185, 84
334.286, 84
334.387, 84
334.488, 84
334.589, 84
334.693, 84
334.794, 84
334.895, 84
334.996, 84
335.098, 84
335.199, 84
335.3, 84
335.401, 84
335.502, 84
335.603, 84
335.703, 84
335.807, 84
335.91, 84
336.011, 84
336.115, 84
336.216, 84
336.32, 84
336.421, 84
336.525, 84
336.627, 84
336.73, 84
336.831, 84
336.933, 84
337.033, 84
337.135, 84
337.236, 84
337.337, 84
337.441, 84
337.542, 84
337.646, 84
337.747, 84
337.849, 84
337.95, 84
338.051, 84
338.152, 84
338.253, 84
338.354, 84
338.455, 84
338.559, 84
338.66, 84
338.761, 84
338.863, 84
338.964, 84
339.065, 84
339.169, 83
339.273, 83
339.374, 83
339.475, 83
339.576, 82
339.677, 82
339.778, 83
339.879, 83
339.98, 83
340.081, 83
340.182, 83
340.283, 83
340.384, 83
340.486, 83
340.587, 83
340.688, 83
340.789, 83
340.89, 83
340.991, 83
341.092, 83
341.196, 83
341.297, 83
341.398, 83
341.499, 83
341.6, 83
341.704, 83
341.805, 83
341.906, 83
342.008, 83
342.109, 83
342.21, 82
342.311, 82
342.412, 82
342.516, 82
342.617, 82
342.721, 82
342.822, 82
342.923, 82
343.025, 82
343.126, 82
343.227, 82
343.328, 82
343.429, 82
343.53, 82
343.631, 82
343.733, 82
343.834, 82
343.937, 82
344.039, 82
344.14, 82
344.243, 82
344.347, 82
344.449, 82
344.549, 82
344.65, 82
344.752, 82
344.853, 82
344.954, 82
345.057, 82
345.159, 82
345.262, 82
345.364, 82
345.467, 82
345.569, 82
345.67, 82
345.771, 81
345.872, 81
345.976, 81
346.077, 81
346.181, 81
346.282, 81
346.385, 81
346.487, 81
346.588, 81
346.689, 81
346.79, 81
346.894, 81
346.995, 81
347.099, 81
347.2, 81
347.304, 81
347.405, 81
347.507, 81
347.608, 81
347.709, 81
347.81, 81
347.911, 81
348.012, 81
348.116, 81
348.218, 81
348.321, 81
348.422, 81
348.523, 81
348.624, 81
348.728, 81
348.829, 81
348.93, 81
349.031, 81
349.132, 81
349.236, 81
349.337, 81
349.439, 81
349.54, 81
349.641, 81
349.745, 81
349.848, 81
349.95, 81
350.049, 81
350.15, 81
350.254, 81
350.355, 81
350.456, 81
350.557, 81
350.658, 81
350.762, 81
350.863, 81
350.964, 81
351.066, 81
351.167, 81
351.268, 81
351.37, 81
351.471, 82
351.572, 82
351.673, 82
351.774, 82
351.875, 82
351.979, 82
352.08, 82
352.184, 82
352.285, 82
352.386, 82
352.487, 82
352.589, 82
352.69, 82
352.794, 82
352.894, 82
352.996, 82
353.097, 82
353.198, 82
353.299, 82
353.4, 82
353.502, 82
353.605, 82
353.707, 82
353.808, 82
353.912, 82
354.013, 82
354.112, 82
354.213, 82
354.314, 82
354.418, 82
354.519, 83
354.621, 82
354.721, 83
354.823, 83
354.924, 83
355.025, 83
355.126, 83
355.227, 83
355.328, 83
355.432, 83
355.533, 83
355.637, 83
355.738, 83
355.839, 83
355.94, 83
356.041, 83
356.142, 83
356.243, 83
356.345, 83
356.446, 83
356.549, 83
356.651, 83
356.752, 83
356.853, 83
356.954, 83
357.055, 83
357.159, 83
357.26, 83
357.361, 83
357.462, 83
357.564, 83
357.664, 83
357.766, 83
357.867, 83
357.968, 83
358.069, 83
358.17, 83
358.271, 83
358.375, 83
358.476, 83
358.58, 83
358.681, 83
358.784, 83
358.886, 83
358.989, 83
359.091, 83
359.194, 83
359.295, 83
359.396, 83
359.498, 83
359.601, 84
359.703, 83
359.803, 83
359.905, 83
360.006, 83
360.107, 83
360.208, 83
360.309, 83
360.41, 83
360.511, 83
360.615, 83
360.716, 83
360.82, 83
360.921, 83
361.022, 83
361.123, 83
361.225, 83
361.325, 83
361.426, 83
361.528, 83
361.631, 83
361.732, 83
361.833, 83
361.935, 83
362.036, 83
362.137, 83
362.238, 83
362.339, 83
362.44, 83
362.541, 83
362.645, 83
362.746, 83
362.847, 83
362.948, 83
363.049, 83
363.151, 83
363.253, 83
363.354, 83
363.458, 83
363.559, 83
363.663, 83
363.764, 83
363.866, 83
363.967, 83
364.07, 83
364.172, 83
364.274, 83
364.375, 83
364.476, 83
364.577, 83
364.679, 83
364.78, 83
364.881, 83
364.982, 83
365.083, 83
365.184, 83
365.285, 83
365.386, 83
365.49, 83
365.591, 83
365.692, 83
365.796, 83
365.9, 83
366.001, 83
366.105, 83
366.206, 83
366.307, 83
366.408, 83
366.512, 83
366.613, 83
366.714, 83
366.815, 83
366.916, 83
367.018, 83
367.118, 83
367.22, 83
367.321, 83
367.422, 83
367.523, 83
367.627, 83
367.728, 83
367.829, 83
367.93, 83
368.032, 83
368.135, 83
368.236, 83
368.34, 83
368.441, 83
368.545, 83
368.646, 83
368.75, 83
368.851, 83
368.952, 83
369.053, 83
369.155, 83
369.258, 83
369.359, 83
369.461, 83
369.562, 83
369.663, 83
369.764, 83
369.865, 83
369.969, 83
370.071, 83
370.172, 83
370.273, 83
370.374, 83
370.478, 83
370.581, 83
370.682, 83
370.784, 83
370.887, 83
370.988, 83
371.089, 82
371.191, 82
371.294, 82
371.395, 82
371.496, 82
371.598, 82
371.699, 82
371.8, 82
371.901, 82
372.003, 82
372.104, 82
372.207, 82
372.309, 82
372.413, 82
372.514, 82
372.618, 82
372.719, 82
372.82, 82
372.921, 82
373.022, 82
373.123, 82
373.224, 82
373.325, 82
373.426, 82
373.528, 82
373.631, 82
373.732, 82
373.836, 82
373.937, 82
374.038, 81
374.139, 81
374.24, 81
374.341, 81
374.443, 81
374.546, 81
374.648, 81
374.749, 81
374.852, 81
374.954, 81
375.055, 81
375.156, 81
375.257, 81
375.358, 81
375.459, 81
375.561, 81
375.664, 81
375.765, 81
375.866, 81
375.968, 81
376.068, 81
376.169, 81
376.271, 81
376.373, 81
376.475, 81
376.577, 81
376.681, 81
376.783, 81
376.883, 81
376.984, 81
377.085, 81
377.189, 81
377.29, 81
377.394, 81
377.495, 81
377.599, 81
377.701, 81
377.801, 81
377.902, 81
378.003, 81
378.105, 81
378.206, 81
378.308, 81
378.409, 81
378.51, 81
378.611, 81
378.715, 81
378.816, 81
378.92, 81
379.021, 81
379.125, 81
379.226, 81
379.33, 81
379.431, 81
379.534, 81
379.636, 81
379.737, 81
379.838, 81
379.939, 81
380.041, 81
380.141, 81
380.243, 81
380.344, 81
380.445, 81
380.546, 81
380.647, 81
380.748, 81
380.85, 82
380.951, 82
381.052, 82
381.153, 82
381.257, 82
381.358, 82
381.461, 82
381.563, 82
381.666, 82
381.768, 82
381.871, 82
381.973, 82
382.074, 82
382.175, 82
382.276, 82
382.378, 82
382.479, 82
382.58, 82
382.681, 82
382.782, 82
382.883, 82
382.984, 82
383.088, 82
383.189, 82
383.29, 83
383.394, 83
383.498, 83
383.599, 83
383.7, 83
383.801, 83
383.902, 83
384.003, 83
384.104, 83
384.205, 83
384.306, 83
384.407, 84
384.511, 83
384.613, 83
384.713, 83
384.815, 83
384.915, 83
385.017, 83
385.118, 83
385.219, 83
385.323, 83
385.424, 83
385.528, 83
385.629, 83
385.731, 83
385.832, 83
385.936, 83
386.037, 83
386.141, 83
386.242, 83
386.343, 83
386.445, 83
386.546, 84
386.647, 84
386.75, 84
386.851, 84
386.955, 84
387.056, 84
387.16, 84
387.261, 84
387.365, 84
387.467, 84
387.568, 84
387.669, 84
387.77, 84
387.874, 84
387.975, 84
388.078, 84
388.18, 84
388.284, 84
388.385, 84
388.488, 84
388.59, 84
388.691, 84
388.792, 84
388.894, 84
388.995, 84
389.096, 84
389.197, 84
389.301, 84
389.402, 84
389.503, 84
389.607, 84
389.708, 84
389.812, 84
389.913, 84
390.014, 84
390.115, 84
390.219, 84
390.32, 84
390.421, 84
390.522, 84
390.626, 84
390.727, 84
390.831, 84
390.932, 84
391.033, 84
391.134, 84
391.238, 84
391.339, 84
391.443, 83
391.544, 83
391.648, 83
391.749, 83
391.85, 83
391.951, 83
392.052, 83
392.156, 83
392.257, 83
392.361, 83
392.463, 83
392.564, 83
392.668, 83
392.769, 83
392.87, 83
392.971, 83
393.075, 83
393.176, 83
393.277, 83
393.378, 83
393.482, 83
393.586, 83
393.69, 83
393.791, 83
393.892, 83
393.994, 83
394.096, 83
394.197, 83
394.299, 83
394.403, 82
394.504, 82
394.605, 82
394.706, 82
394.807, 82
394.908, 82
395.009, 82
395.11, 82
395.214, 82
395.315, 82
395.416, 82
395.517, 82
395.621, 82
395.722, 82
395.826, 82
395.929, 82
396.031, 82
396.132, 82
396.233, 82
396.334, 82
396.437, 82
396.539, 82
396.643, 82
396.744, 82
396.847, 82
396.948, 82
397.052, 82
397.153, 82
397.257, 82
397.358, 82
397.459, 82
397.56, 82
397.664, 82
397.765, 82
397.869, 82
397.97, 82
398.071, 82
398.172, 82
398.273, 82
398.377, 82
398.478, 82
398.58, 82
398.682, 82
398.784, 82
398.885, 82
398.988, 82
399.09, 82
399.191, 82
399.295, 82
399.396, 82
399.497, 82
399.598, 82
399.699, 82
399.803, 82
399.906, 82
400.008, 82
400.109, 82
400.213, 82
400.314, 82
400.418, 82
400.519, 82
400.62, 82
400.723, 82
400.827, 82
400.928, 82
401.029, 82
401.134, 82
401.235, 82
401.336, 82
401.437, 82
401.538, 82
401.639, 82
401.74, 82
401.841, 82
401.942, 82
402.044, 82
402.144, 82
402.246, 82
402.349, 82
402.451, 82
402.552, 82
402.653, 82
402.754, 82
402.855, 82
402.959, 82
403.063, 82
403.164, 82
403.268, 82
403.369, 82
403.47, 82
403.571, 82
403.672, 82
403.776, 82
403.877, 82
403.979, 82
404.082, 82
404.184, 82
404.285, 82
404.386, 82
404.49, 82
404.594, 82
404.695, 82
404.797, 82
404.9, 82
405.001, 82
405.102, 82
405.206, 82
405.307, 82
405.408, 82
405.509, 82
405.61, 82
405.711, 82
405.816, 82
405.916, 82
406.018, 82
406.119, 82
406.22, 82
406.321, 82
406.422, 82
406.523, 82
406.627, 82
406.728, 82
406.832, 82
406.933, 82
407.035, 82
407.138, 82
407.242, 82
407.343, 82
407.444, 82
407.545, 82
407.647, 82
407.75, 82
407.852, 82
407.955, 82
408.056, 82
408.157, 82
408.258, 82
408.36, 82
408.461, 82
408.562, 82
408.663, 82
408.764, 82
408.865, 82
408.966, 82
409.07, 82
409.172, 82
409.275, 82
409.376, 82
409.48, 82
409.581, 82
409.682, 82
409.783, 82
409.885, 82
409.986, 82
410.087, 82
410.188, 82
410.289, 82
410.393, 81
410.494, 82
410.598, 82
410.699, 81
410.8, 81
410.902, 81
411.003, 81
411.104, 81
411.205, 81
411.307, 82
411.408, 82
411.509, 82
411.613, 82
411.714, 82
411.817, 82
411.918, 82
412.022, 82
412.123, 82
412.227, 82
412.328, 82
412.432, 82
412.534, 82
412.635, 82
412.736, 82
412.837, 82
412.937, 82
413.04, 82
413.142, 82
413.243, 82
413.347, 82
413.448, 82
413.549, 82
413.65, 82
413.751, 82
413.852, 82
413.953, 82
414.055, 82
414.156, 82
414.257, 82
414.358, 82
414.459, 82
414.56, 82
414.661, 82
414.765, 82
414.866, 82
414.968, 82
415.071, 82
415.172, 82
415.273, 82
415.375, 82
415.476, 82
415.58, 82
415.681, 82
415.782, 82
415.886, 82
415.99, 83
416.091, 83
416.193, 83
416.295, 83
416.396, 83
416.498, 83
416.601, 83
416.702, 83
416.803, 83
416.904, 83
417.008, 83
417.11, 83
417.21, 83
417.311, 83
417.413, 83
417.514, 83
417.618, 83
417.719, 83
417.82, 83
417.923, 83
418.024, 83
418.125, 83
418.226, 83
418.327, 83
418.428, 83
418.529, 83
418.633, 83
418.734, 83
418.835, 83
418.936, 83
419.04, 82
419.141, 82
419.242, 83
419.344, 83
419.445, 84
419.546, 84
419.647, 84
419.75, 83
419.852, 83
419.953, 83
420.057, 84
420.158, 84
420.262, 84
420.363, 83
420.467, 83
420.568, 83
420.672, 83
420.773, 83
420.877, 83
420.978, 83
421.082, 83
421.183, 83
421.284, 83
421.388, 83
421.491, 83
421.593, 83
421.693, 83
421.798, 83
421.899, 83
422, 83
422.101, 83
422.205, 83
422.306, 83
422.407, 83
422.508, 83
422.609, 83
422.71, 83
422.811, 83
422.913, 83
423.014, 83
423.115, 83
423.219, 83
423.321, 83
423.422, 83
423.523, 83
423.624, 83
423.725, 83
423.829, 83
423.93, 83
424.032, 83
424.133, 83
424.237, 83
424.338, 83
424.439, 83
424.543, 83
424.644, 83
424.745, 83
424.846, 83
424.947, 83
425.049, 83
425.149, 83
425.251, 83
425.352, 83
425.453, 83
425.554, 83
425.658, 83
425.759, 83
425.86, 83
425.961, 83
426.062, 83
426.163, 83
426.264, 83
426.365, 83
426.467, 83
426.568, 83
426.669, 83
426.77, 83
426.871, 83
426.972, 83
427.073, 83
427.174, 83
427.276, 83
427.377, 83
427.478, 83
427.579, 83
427.683, 83
427.784, 83
427.885, 83
427.986, 83
428.087, 83
428.188, 83
428.29, 83
428.394, 83
428.495, 83
428.596, 83
428.697, 83
428.799, 83
428.902, 83
429.004, 83
429.107, 83
429.208, 83
429.312, 83
429.413, 83
429.517, 83
429.619, 83
429.72, 83
429.821, 83
429.923, 83
430.024, 83
430.125, 83
430.226, 83
430.327, 83
430.431, 83
430.533, 83
430.633, 83
430.735, 83
430.835, 83
430.937, 83
431.038, 83
431.139, 83
431.241, 83
431.344, 83
431.448, 83
431.549, 83
431.651, 83
431.751, 83
431.853, 83
431.954, 83
432.055, 83
432.156, 83
432.257, 83
432.359, 83
432.46, 83
432.561, 83
432.662, 83
432.763, 83
432.864, 83
432.966, 83
433.069, 83
433.171, 83
433.274, 83
433.375, 83
433.479, 83
433.58, 83
433.681, 83
433.782, 83
433.883, 82
433.984, 82
434.086, 82
434.187, 83
434.291, 82
434.392, 83
434.493, 83
434.597, 83
434.698, 83
434.799, 83
434.9, 83
435.004, 82
435.105, 82
435.207, 82
435.308, 82
435.412, 82
435.516, 82
435.617, 82
435.718, 82
435.819, 82
435.92, 82
436.021, 82
436.123, 82
436.227, 82
436.328, 82
436.432, 82
436.533, 82
436.637, 82
436.737, 82
436.841, 82
436.942, 82
437.044, 82
437.145, 82
437.246, 82
437.347, 82
437.449, 82
437.551, 82
437.652, 82
437.753, 82
437.854, 82
437.955, 82
438.057, 82
438.158, 82
438.259, 82
438.362, 82
438.464, 82
438.564, 82
438.666, 82
438.767, 82
438.868, 81
438.97, 81
439.071, 81
439.172, 81
439.273, 81
439.374, 81
439.475, 81
439.576, 81
439.677, 80
439.779, 80
439.88, 81
439.981, 81
440.082, 81
440.183, 81
440.284, 81
440.386, 81
440.486, 81
440.588, 81
440.689, 81
440.79, 80
440.894, 81
440.995, 81
441.096, 81
441.197, 80
441.299, 80
441.402, 80
441.504, 80
441.605, 81
441.706, 80
441.807, 80
441.911, 80
442.012, 80
442.116, 80
442.217, 80
442.321, 81
442.422, 80
442.523, 80
442.624, 80
442.725, 81
442.829, 80
442.93, 81
443.034, 81
443.135, 81
443.239, 81
443.34, 81
443.444, 81
443.545, 81
443.648, 81
443.75, 81
443.854, 81
443.955, 81
444.056, 81
444.159, 81
444.261, 81
444.362, 81
444.463, 81
444.565, 81
444.665, 81
444.767, 81
444.868, 81
444.969, 81
445.07, 81
445.171, 81
445.273, 81
445.374, 81
445.475, 81
445.576, 81
445.677, 81
445.779, 81
445.882, 81
445.986, 81
446.088, 81
446.189, 81
446.293, 81
446.394, 81
446.495, 81
446.596, 82
446.7, 82
446.8, 82
446.905, 82
447.005, 82
447.107, 82
447.208, 82
447.309, 82
447.41, 82
447.511, 82
447.612, 82
447.716, 82
447.817, 82
447.921, 82
448.022, 82
448.126, 82
448.227, 82
448.331, 82
448.432, 82
448.536, 82
448.637, 82
448.741, 82
448.842, 83
448.944, 83
449.044, 83
449.146, 83
449.247, 83
449.35, 83
449.452, 83
449.553, 83
449.654, 83
449.755, 83
449.856, 83
449.957, 83
450.058, 83
450.159, 83
450.261, 83
450.364, 83
450.465, 83
450.569, 83
450.67, 83
450.774, 83
450.875, 83
450.979, 83
451.08, 83
451.181, 83
451.283, 83
451.384, 83
451.485, 84
451.586, 84
451.687, 84
451.789, 84
451.892, 84
451.994, 84
452.095, 84
452.196, 84
452.297, 84
452.4, 84
452.502, 84
452.606, 84
452.706, 84
452.811, 84
452.912, 84
453.013, 84
453.114, 84
453.215, 84
453.316, 84
453.417, 84
453.518, 84
453.619, 84
453.72, 84
453.822, 84
453.925, 84
454.027, 84
454.128, 84
454.229, 84
454.33, 84
454.434, 84
454.535, 84
454.636, 84
454.74, 84
454.841, 84
454.942, 84
455.043, 84
455.147, 84
455.248, 84
455.349, 84
455.45, 84
455.554, 84
455.655, 84
455.759, 84
455.86, 84
455.961, 84
456.066, 84
456.167, 84
456.268, 84
456.369, 84
456.47, 84
456.571, 84
456.675, 84
456.777, 84
456.878, 84
456.981, 84
457.082, 84
457.184, 84
457.285, 84
457.386, 84
457.49, 84
457.594, 84
457.695, 84
457.796, 83
457.896, 83
457.998, 83
458.102, 83
458.203, 83
458.304, 83
458.405, 82
458.504, 82
458.605, 83
458.706, 83
458.808, 83
458.911, 83
459.012, 83
459.113, 83
459.215, 83
459.318, 83
459.419, 83
459.52, 83
459.624, 83
459.725, 83
459.826, 83
459.93, 83
460.031, 83
460.133, 83
460.234, 83
460.335, 83
460.436, 83
460.537, 83
460.638, 83
460.742, 83
460.843, 83
460.945, 83
461.046, 82
461.147, 82
461.248, 82
461.349, 82
461.45, 82
461.551, 82
461.653, 82
461.757, 82
461.858, 82
461.961, 82
462.062, 82
462.166, 82
462.267, 82
462.371, 82
462.472, 82
462.574, 82
462.678, 82
462.781, 82
462.882, 82
462.986, 82
463.088, 82
463.191, 82
463.292, 82
463.396, 82
463.497, 82
463.599, 82
463.702, 82
463.803, 82
463.904, 82
464.006, 82
464.11, 82
464.211, 82
464.313, 82
464.414, 82
464.515, 82
464.618, 82
464.719, 82
464.82, 81
464.921, 82
465.023, 82
465.124, 81
465.225, 81
465.326, 81
465.427, 81
465.528, 81
465.629, 81
465.73, 81
465.831, 81
465.932, 81
466.033, 81
466.137, 81
466.239, 81
466.34, 81
466.441, 81
466.542, 81
466.643, 81
466.747, 81
466.85, 81
466.952, 81
467.056, 81
467.157, 81
467.258, 81
467.362, 81
467.463, 81
467.564, 81
467.665, 81
467.767, 81
467.867, 81
467.969, 81
468.07, 81
468.171, 81
468.272, 81
468.373, 81
468.474, 81
468.575, 81
468.677, 81
468.778, 81
468.879, 81
468.98, 81
469.084, 81
469.185, 81
469.286, 81
469.387, 81
469.488, 81
469.589, 81
469.691, 81
469.794, 81
469.895, 81
469.999, 81
470.1, 81
470.204, 82
470.305, 82
470.406, 82
470.507, 82
470.609, 82
470.712, 82
470.814, 82
470.915, 82
471.016, 82
471.117, 82
471.218, 82
471.319, 82
471.42, 82
471.521, 82
471.622, 82
471.726, 82
471.827, 82
471.928, 82
472.029, 82
472.13, 82
472.232, 82
472.332, 82
472.433, 82
472.534, 82
472.636, 82
472.739, 82
472.843, 82
472.944, 82
473.046, 83
473.146, 83
473.248, 83
473.349, 83
473.45, 83
473.554, 83
473.655, 83
473.756, 83
473.857, 83
473.961, 83
474.062, 83
474.163, 83
474.267, 83
474.368, 83
474.469, 83
474.571, 83
474.672, 83
474.773, 83
474.874, 83
474.975, 83
475.076, 83
475.177, 83
475.278, 83
475.38, 83
475.481, 83
475.582, 83
475.686, 83
475.787, 83
475.888, 83
475.989, 83
476.09, 83
476.191, 83
476.293, 83
476.394, 83
476.498, 83
476.599, 83
476.703, 83
476.804, 84
476.905, 83
477.009, 84
477.113, 83
477.214, 83
477.315, 83
477.419, 83
477.52, 84
477.624, 84
477.725, 83
477.829, 84
477.93, 83
478.034, 83
478.135, 84
478.239, 84
478.34, 84
478.441, 84
478.542, 84
478.643, 84
478.744, 84
478.845, 84
478.946, 84
479.048, 84
479.149, 84
479.25, 84
479.351, 84
479.452, 84
479.553, 84
479.657, 84
479.759, 84
479.862, 84
479.963, 84
480.064, 84
480.165, 84
480.266, 84
480.368, 84
480.469, 84
480.573, 84
480.674, 84
480.775, 84
480.876, 84
480.977, 84
481.079, 84
481.181, 84
481.283, 84
481.386, 84
481.488, 84
481.588, 84
481.688, 84
481.792, 84
481.893, 84
481.997, 84
482.098, 83
482.202, 83
482.303, 83
482.405, 84
482.508, 83
482.609, 83
482.71, 83
482.811, 83
482.915, 83
483.017, 83
483.118, 83
483.219, 83
483.32, 83
483.421, 83
483.522, 83
483.623, 83
483.724, 83
483.825, 83
483.929, 83
484.031, 83
484.132, 83
484.233, 83
484.334, 83
484.438, 83
484.539, 83
484.643, 83
484.744, 83
484.848, 83
484.949, 83
485.053, 83
485.155, 83
485.256, 83
485.357, 83
485.458, 83
485.562, 83
485.664, 83
485.767, 83
485.868, 83
485.972, 83
486.073, 83
486.174, 83
486.275, 83
486.376, 83
486.48, 83
486.581, 83
486.682, 83
486.784, 83
486.887, 83
486.991, 83
487.092, 83
487.194, 83
487.297, 83
487.399, 83
487.499, 83
487.601, 83
487.702, 83
487.803, 83
487.904, 83
488.006, 83
488.106, 83
488.208, 83
488.308, 83
488.409, 83
488.51, 83
488.612, 83
488.716, 83
488.817, 83
488.918, 83
489.019, 83
489.12, 83
489.221, 83
489.323, 83
489.424, 83
489.525, 83
489.629, 83
489.73, 83
489.834, 83
489.935, 83
490.039, 83
490.14, 83
490.241, 83
490.342, 83
490.443, 82
490.544, 82
490.646, 82
490.747, 82
490.848, 82
490.952, 82
491.053, 82
491.154, 82
491.255, 82
491.359, 82
491.46, 82
491.563, 82
491.664, 82
491.767, 82
491.868, 82
491.969, 82
492.07, 82
492.174, 82
492.275, 82
492.376, 82
492.477, 82
492.578, 82
492.679, 82
492.783, 82
492.884, 82
492.988, 82
493.09, 82
493.19, 82
493.291, 81
493.395, 81
493.496, 81
493.598, 81
493.698, 81
493.8, 81
493.903, 81
494.004, 81
494.106, 81
494.209, 81
494.313, 81
494.415, 81
494.518, 81
494.619, 81
494.721, 81
494.822, 81
494.923, 81
495.024, 81
495.128, 81
495.23, 81
495.331, 81
495.434, 81
495.536, 81
495.637, 81
495.738, 81
495.842, 81
495.946, 81
496.047, 81
496.148, 81
496.252, 81
496.356, 81
496.457, 81
496.56, 81
496.661, 81
496.763, 81
496.863, 81
496.965, 81
497.065, 81
497.166, 81
497.268, 81
497.369, 81
497.47, 81
497.571, 81
497.672, 81
497.773, 81
497.874, 81
497.975, 81
498.076, 81
498.18, 81
498.281, 81
498.383, 81
498.484, 81
498.585, 81
498.686, 81
498.787, 81
498.891, 81
498.993, 81
499.094, 81
499.195, 81
499.296, 81
499.397, 81
499.498, 81
499.599, 82
499.7, 82
499.805, 82
499.905, 82
500.009, 82
500.111, 82
500.212, 82
500.313, 82
500.414, 82
500.515, 82
500.619, 82
500.72, 82
500.821, 82
500.922, 82
501.023, 82
501.124, 82
501.226, 82
501.329, 82
501.43, 82
501.532, 82
501.633, 82
501.736, 82
501.838, 82
501.941, 82
502.043, 82
502.144, 82
502.245, 82
502.347, 83
502.448, 83
502.548, 83
502.65, 83
502.751, 83
502.855, 83
502.955, 83
503.057, 83
503.158, 83
503.259, 83
503.363, 83
503.464, 83
503.566, 83
503.666, 83
503.77, 83
503.874, 83
503.975, 83
504.076, 83
504.177, 83
504.278, 83
504.379, 83
504.481, 83
504.582, 83
504.683, 83
504.784, 83
504.888, 83
504.989, 83
505.09, 83
505.191, 83
505.293, 83
505.394, 83
505.495, 83
505.596, 83
505.697, 83
505.798, 83
505.9, 83
506.001, 84
506.102, 84
506.203, 84
506.304, 84
506.408, 84
506.509, 84
506.61, 84
506.711, 84
506.812, 84
506.914, 84
507.015, 84
507.116, 83
507.22, 84
507.321, 84
507.422, 84
507.526, 84
507.627, 84
507.731, 84
507.834, 84
507.936, 84
508.039, 84
508.14, 84
508.242, 84
508.344, 84
508.445, 84
508.548, 84
508.65, 84
508.751, 84
508.852, 84
508.954, 84
509.055, 84
509.159, 84
509.259, 84
509.36, 84
509.464, 84
509.565, 84
509.666, 84
509.767, 84
509.868, 84
509.972, 84
510.073, 84
510.174, 84
510.275, 83
510.377, 83
510.477, 83
510.579, 83
510.682, 83
510.784, 83
510.885, 83
510.986, 83
511.088, 83
511.189, 83
511.292, 83
511.394, 83
511.495, 83
511.596, 83
511.697, 83
511.798, 83
511.899, 83
512, 83
512.101, 83
512.202, 83
512.303, 83
512.405, 83
512.509, 83
512.609, 83
512.711, 83
512.812, 82
512.914, 82
513.015, 82
513.116, 82
513.217, 82
513.32, 82
513.422, 82
513.525, 82
513.627, 82
513.73, 82
513.832, 82
513.933, 82
514.034, 82
514.135, 82
514.236, 82
514.337, 82
514.438, 82
514.54, 82
514.641, 82
514.742, 82
514.843, 82
514.944, 82
515.045, 82
515.146, 82
515.247, 82
515.351, 82
515.452, 82
515.554, 82
515.658, 82
515.758, 82
515.86, 82
515.963, 82
516.064, 82
516.166, 82
516.267, 82
516.366, 82
516.468, 82
516.569, 82
516.67, 82
516.771, 82
516.872, 82
516.973, 82
517.077, 82
517.178, 82
517.282, 82
517.383, 82
517.486, 82
517.588, 82
517.691, 82
517.793, 82
517.894, 82
517.998, 82
518.099, 82
518.203, 82
518.304, 82
518.405, 82
518.509, 82
518.61, 82
518.71, 82
518.813, 82
518.917, 82
519.019, 82
519.122, 82
519.224, 82
519.325, 82
519.426, 82
519.527, 82
519.628, 82
519.729, 82
519.83, 82
519.932, 82
520.032, 82
520.134, 82
520.235, 82
520.336, 82
520.437, 82
520.541, 82
520.642, 82
520.743, 82
520.847, 82
520.948, 82
521.049, 82
521.15, 82
521.251, 82
521.356, 82
521.456, 82
521.558, 82
521.659, 82
521.76, 82
521.864, 82
521.965, 82
522.066, 82
522.167, 82
522.268, 82
522.372, 82
522.474, 82
522.574, 82
522.676, 82
522.777, 82
522.88, 82
522.981, 82
523.082, 82
523.184, 82
523.285, 82
523.389, 82
523.493, 82
523.593, 82
523.695, 82
523.796, 82
523.897, 82
523.999, 82
524.1, 82
524.203, 82
524.305, 82
524.406, 82
524.507, 83
524.608, 83
524.709, 83
524.81, 83
524.912, 83
525.015, 83
525.116, 83
525.22, 83
525.321, 82
525.423, 82
525.526, 82
525.628, 83
525.731, 82
525.833, 82
525.936, 82
526.038, 82
526.141, 82
526.242, 82
526.343, 82
526.445, 82
526.546, 82
526.65, 82
526.751, 82
526.852, 82
526.953, 82
527.054, 82
527.155, 82
527.256, 82
527.36, 82
527.462, 82
527.562, 82
527.664, 82
527.765, 82
527.866, 82
527.967, 82
528.071, 82
528.172, 82
528.273, 82
528.374, 82
528.475, 82
528.577, 82
528.678, 82
528.779, 82
528.883, 82
528.984, 82
529.088, 82
529.189, 82
529.29, 82
529.391, 82
529.492, 82
529.594, 82
529.694, 82
529.794, 82
529.898, 82
530.002, 82
530.103, 82
530.204, 82
530.306, 82
530.406, 82
530.51, 82
530.611, 82
530.713, 82
530.814, 82
530.915, 82
531.018, 82
531.12, 82
531.221, 82
531.323, 82
531.424, 82
531.528, 82
531.629, 82
531.733, 82
531.834, 82
531.938, 82
532.039, 82
532.14, 82
532.241, 82
532.342, 82
532.447, 82
532.547, 82
532.651, 82
532.752, 82
532.854, 82
532.954, 82
533.055, 82
533.157, 82
533.258, 82
533.359, 82
533.46, 82
533.564, 82
533.664, 82
533.766, 82
533.867, 82
533.968, 82
534.072, 82
534.173, 82
534.277, 82
534.378, 82
534.479, 82
534.58, 82
534.681, 82
534.782, 82
534.883, 82
534.984, 82
535.085, 82
535.187, 82
535.288, 82
535.389, 82
535.493, 82
535.595, 82
535.696, 82
535.797, 82
535.898, 82
535.999, 82
536.103, 83
536.207, 83
536.308, 83
536.409, 83
536.512, 83
536.614, 83
536.715, 83
536.816, 83
536.916, 82
537.019, 83
537.12, 83
537.221, 83
537.322, 83
537.423, 83
537.524, 83
537.628, 83
537.729, 83
537.833, 83
537.934, 83
538.035, 83
538.136, 83
538.237, 83
538.342, 83
538.444, 83
538.545, 83
538.649, 83
538.75, 83
538.851, 83
538.956, 83
539.056, 83
539.157, 83
539.259, 82
539.36, 82
539.461, 82
539.562, 83
539.663, 82
539.764, 83
539.865, 83
539.969, 83
540.068, 83
540.17, 83
540.271, 83
540.372, 83
540.473, 83
540.574, 83
540.675, 83
540.776, 83
540.877, 83
540.979, 83
541.08, 83
541.182, 83
541.284, 83
541.385, 83
541.489, 83
541.59, 83
541.691, 83
541.792, 83
541.894, 83
541.997, 83
542.099, 83
542.202, 83
542.304, 83
542.405, 83
542.506, 83
542.61, 83
542.711, 83
542.813, 83
542.914, 84
543.015, 83
543.118, 84
543.22, 83
543.321, 83
543.425, 84
543.526, 83
543.627, 83
543.728, 84
543.829, 83
543.93, 83
544.032, 84
544.132, 83
544.233, 83
544.335, 84
544.436, 83
544.537, 83
544.638, 84
544.739, 84
544.84, 84
544.942, 84
545.043, 84
545.144, 84
545.245, 84
545.346, 84
545.45, 84
545.552, 84
545.652, 84
545.753, 84
545.854, 83
545.955, 83
546.057, 83
546.158, 83
546.259, 83
546.361, 83
546.462, 84
546.563, 84
546.664, 84
546.765, 84
546.866, 84
546.97, 83
547.074, 83
547.175, 83
547.276, 83
547.377, 83
547.481, 83
547.582, 83
547.683, 83
547.784, 83
547.886, 83
547.987, 83
548.088, 83
548.192, 83
548.293, 83
548.395, 83
548.498, 83
548.599, 83
548.703, 83
548.804, 83
548.908, 83
549.01, 83
549.113, 83
549.214, 83
549.315, 83
549.416, 83
549.52, 83
549.622, 83
549.722, 83
549.823, 83
549.924, 83
550.025, 83
550.126, 83
550.227, 83
550.328, 83
550.43, 83
550.533, 83
550.635, 83
550.735, 83
550.837, 83
550.938, 83
551.039, 83
551.14, 83
551.241, 83
551.342, 83
551.444, 83
551.545, 83
551.648, 83
551.75, 83
551.854, 83
551.955, 83
552.059, 83
552.16, 83
552.264, 83
552.365, 83
552.466, 83
552.567, 83
552.668, 83
552.772, 83
552.873, 83
552.974, 83
553.075, 83
553.177, 83
553.278, 83
553.379, 83
553.483, 83
553.584, 83
553.688, 83
553.789, 83
553.891, 83
553.991, 83
554.093, 83
554.196, 83
554.298, 83
554.401, 83
554.503, 83
554.604, 83
554.705, 83
554.809, 83
554.913, 83
555.014, 83
555.118, 83
555.219, 83
555.32, 83
555.421, 83
555.522, 83
555.626, 82
555.727, 82
555.831, 82
555.932, 82
556.033, 82
556.134, 82
556.235, 82
556.336, 82
556.438, 82
556.539, 82
556.642, 82
556.743, 82
556.845, 82
556.946, 82
557.05, 82
557.151, 82
557.252, 82
557.354, 82
557.457, 82
557.561, 82
557.662, 82
557.763, 82
557.864, 82
557.964, 82
558.064, 82
558.165, 82
558.266, 82
558.367, 82
558.471, 82
558.572, 82
558.674, 82
558.775, 82
558.876, 81
558.977, 81
559.078, 81
559.179, 81
559.28, 81
559.381, 81
559.483, 81
559.586, 81
559.687, 81
559.791, 81
559.892, 81
559.994, 81
560.097, 81
560.198, 81
560.3, 81
560.401, 81
560.502, 80
560.606, 80
560.707, 80
560.808, 80
560.909, 80
561.013, 80
561.115, 80
561.219, 80
561.32, 80
561.424, 80
561.525, 80
561.626, 80
561.727, 81
561.828, 81
561.929, 81
562.03, 81
562.134, 80
562.235, 80
562.339, 80
562.44, 81
562.544, 81
562.645, 81
562.749, 81
562.85, 81
562.954, 81
563.055, 81
563.156, 81
563.257, 81
563.358, 81
563.459, 81
563.56, 81
563.664, 81
563.765, 81
563.866, 81
563.97, 81
564.071, 81
564.172, 81
564.273, 81
564.377, 81
564.478, 81
564.58, 81
564.684, 81
564.785, 81
564.886, 81
564.99, 81
565.091, 81
565.193, 81
565.294, 81
565.395, 81
565.496, 81
565.597, 81
565.701, 81
565.802, 81
565.904, 81
566.005, 81
566.106, 81
566.207, 81
566.309, 82
566.413, 82
566.514, 82
566.615, 82
566.716, 82
566.817, 82
566.921, 82
567.022, 82
567.123, 82
567.224, 82
567.328, 82
567.429, 82
567.533, 82
567.634, 82
567.735, 82
567.837, 82
567.941, 82
568.042, 82
568.146, 82
568.246, 82
568.348, 82
568.449, 82
568.55, 82
568.651, 82
568.752, 82
568.853, 83
568.954, 83
569.056, 83
569.159, 83
569.26, 83
569.362, 83
569.463, 83
569.564, 83
569.665, 83
569.766, 83
569.867, 83
569.971, 83
570.072, 83
570.173, 83
570.274, 83
570.375, 83
570.477, 83
570.578, 83
570.679, 83
570.78, 83
570.881, 83
570.985, 83
571.086, 83
571.187, 83
571.288, 83
571.389, 83
571.49, 84
571.591, 84
571.695, 84
571.796, 84
571.9, 84
572.001, 84
572.105, 84
572.206, 84
572.31, 84
572.411, 84
572.515, 84
572.616, 84
572.717, 84
572.818, 84
572.919, 84
573.023, 84
573.124, 84
573.228, 84
573.329, 84
573.433, 84
573.534, 84
573.636, 84
573.737, 84
573.837, 84
573.937, 84
574.038, 84
574.139, 84
574.24, 84
574.341, 84
574.445, 84
574.546, 84
574.647, 84
574.748, 84
574.85, 84
574.95, 84
575.051, 84
575.156, 84
575.256, 84
575.358, 84
575.459, 84
575.561, 84
575.664, 84
575.766, 84
575.869, 84
575.971, 84
576.072, 84
576.173, 84
576.274, 84
576.375, 84
576.477, 84
576.578, 84
576.682, 84
576.783, 84
576.884, 84
576.985, 84
577.087, 84
577.188, 84
577.289, 84
577.39, 84
577.494, 83
577.595, 83
577.696, 83
577.797, 84
577.899, 83
578, 83
578.101, 83
578.202, 83
578.303, 83
578.404, 83
578.505, 83
578.609, 83
578.71, 83
578.814, 83
578.915, 83
579.019, 83
579.12, 83
579.221, 83
579.322, 83
579.423, 83
579.527, 82
579.628, 82
579.729, 82
579.83, 82
579.931, 82
580.032, 83
580.136, 83
580.237, 83
580.338, 83
580.439, 83
580.541, 83
580.642, 83
580.745, 83
580.849, 83
580.95, 83
581.051, 82
581.155, 82
581.257, 82
581.358, 82
581.459, 82
581.56, 82
581.664, 82
581.765, 82
581.867, 82
581.97, 82
582.071, 82
582.173, 82
582.274, 82
582.375, 82
582.476, 82
582.577, 82
582.678, 82
582.779, 82
582.88, 82
582.982, 82
583.085, 82
583.187, 82
583.29, 82
583.392, 82
583.496, 82
583.597, 82
583.698, 82
583.8, 82
583.9, 82
584.001, 82
584.102, 82
584.207, 82
584.308, 82
584.412, 82
584.513, 82
584.614, 82
584.716, 82
584.816, 82
584.918, 82
585.019, 82
585.12, 82
585.221, 82
585.325, 82
585.426, 82
585.527, 82
585.627, 82
585.728, 82
585.829, 81
585.93, 82
586.031, 81
586.133, 82
586.234, 81
586.334, 81
586.436, 81
586.537, 81
586.638, 81
586.739, 81
586.84, 81
586.941, 81
587.042, 81
587.144, 81
587.245, 81
587.346, 81
587.447, 81
587.548, 81
587.649, 81
587.753, 81
587.854, 81
587.955, 81
588.056, 81
588.158, 81
588.261, 81
588.363, 81
588.465, 81
588.566, 81
588.667, 81
588.77, 81
588.872, 81
588.973, 81
589.074, 81
589.175, 81
589.279, 81
589.38, 81
589.481, 81
589.582, 81
589.683, 81
589.784, 81
589.886, 81
589.987, 81
590.091, 81
590.192, 81
590.296, 81
590.397, 81
590.498, 81
590.599, 82
590.701, 81
590.801, 82
590.903, 82
591.006, 82
591.11, 82
591.212, 82
591.313, 82
591.414, 82
591.515, 82
591.619, 82
591.72, 82
591.822, 82
591.923, 82
592.027, 82
592.128, 82
592.23, 82
592.333, 82
592.434, 82
592.538, 82
592.639, 82
592.743, 82
592.844, 82
592.945, 82
593.049, 82
593.15, 82
593.254, 82
593.355, 82
593.456, 82
593.558, 82
593.658, 82
593.76, 83
593.86, 83
593.964, 83
594.065, 83
594.167, 83
594.268, 83
594.369, 83
594.47, 83
594.571, 83
594.675, 83
594.776, 83
594.877, 83
594.981, 83
595.083, 83
595.184, 83
595.285, 83
595.386, 83
595.487, 83
595.588, 83
595.689, 83
595.793, 83
595.894, 83
595.995, 83
596.097, 83
596.198, 83
596.302, 83
596.403, 84
596.504, 83
596.608, 84
596.711, 84
596.812, 84
596.916, 84
597.019, 84
597.12, 84
597.221, 84
597.322, 84
597.423, 84
597.524, 84
597.625, 84
597.726, 84
597.827, 84
597.928, 84
598.029, 84
598.13, 84
598.234, 84
598.336, 84
598.439, 84
598.54, 84
598.642, 84
598.746, 84
598.847, 84
598.95, 84
599.052, 84
599.153, 84
599.254, 84
599.355, 84
599.456, 84
599.557, 84
599.661, 84
599.762, 84
599.866, 84
599.967, 84
600.071, 84
600.172, 84
600.273, 84
600.374, 84
600.476, 84
600.579, 84
600.68, 84
600.781, 84
600.882, 84
600.984, 84
601.085, 84
601.186, 84
601.29, 84
601.394, 84
601.495, 84
601.599, 84
601.7, 84
601.801, 84
601.905, 84
602.006, 84
602.108, 84
602.208, 84
602.31, 84
602.414, 84
602.515, 84
602.616, 84
602.717, 84
602.818, 84
602.922, 84
603.023, 84
603.124, 84
603.225, 84
603.326, 84
603.427, 84
603.528, 84
603.63, 84
603.731, 83
603.832, 83
603.936, 84
604.037, 84
604.141, 83
604.241, 83
604.343, 83
604.444, 83
604.545, 83
604.646, 83
604.747, 83
604.851, 83
604.952, 83
605.054, 83
605.157, 83
605.261, 83
605.362, 83
605.465, 83
605.567, 83
605.668, 83
605.769, 83
605.87, 83
605.974, 83
606.075, 83
606.179, 83
606.28, 83
606.381, 83
606.485, 83
606.589, 83
606.691, 83
606.794, 83
606.896, 83
606.997, 83
607.1, 83
607.202, 83
607.303, 83
607.404, 83
607.506, 83
607.61, 83
607.711, 83
607.812, 83
607.913, 83
608.014, 83
608.118, 83
608.219, 83
608.32, 83
608.422, 83
608.523, 83
608.624, 83
608.725, 83
608.826, 83
608.928, 83
609.029, 83
609.132, 83
609.234, 83
609.335, 83
609.436, 83
609.537, 83
609.638, 83
609.739, 83
609.839, 83
609.942, 83
610.046, 83
610.147, 83
610.251, 83
610.352, 83
610.453, 83
610.554, 83
610.656, 83
610.757, 83
610.858, 83
610.962, 83
611.063, 83
611.167, 82
611.268, 82
611.372, 82
611.473, 82
611.577, 82
611.678, 82
611.779, 82
611.88, 82
611.982, 82
612.085, 82
612.186, 82
612.29, 82
612.392, 82
612.492, 82
612.593, 82
612.694, 82
612.796, 82
612.897, 82
612.998, 82
613.099, 82
613.2, 82
613.301, 82
613.402, 82
613.506, 82
613.607, 82
613.708, 82
613.812, 82
613.913, 82
614.017, 82
614.118, 82
614.219, 82
614.321, 81
614.425, 81
614.524, 81
614.625, 81
614.726, 81
614.828, 81
614.929, 81
615.03, 81
615.131, 81
615.232, 81
615.333, 81
615.435, 82
615.536, 82
615.637, 81
615.738, 81
615.842, 81
615.943, 81
616.047, 81
616.147, 81
616.249, 81
616.35, 81
616.451, 81
616.555, 81
616.656, 81
616.757, 81
616.858, 81
616.962, 80
617.063, 80
617.166, 80
617.268, 80
617.369, 80
617.473, 80
617.575, 80
617.678, 80
617.779, 80
617.881, 80
617.985, 80
618.088, 80
618.189, 80
618.293, 80
618.394, 80
618.495, 80
618.596, 80
618.698, 80
618.799, 80
618.9, 80
619.001, 80
619.102, 80
619.206, 80
619.307, 80
619.411, 80
619.512, 80
619.613, 80
619.717, 80
619.818, 80
619.919, 80
620.02, 80
620.124, 80
620.226, 80
620.329, 80
620.43, 80
620.534, 80
620.636, 80
620.739, 80
620.841, 80
620.944, 80
621.046, 80
621.146, 80
621.248, 80
621.349, 80
621.451, 80
621.552, 80
621.653, 80
621.755, 80
621.856, 80
621.96, 80
622.061, 80
622.162, 80
622.263, 80
622.367, 80
622.468, 80
622.569, 80
622.673, 80
622.774, 80
622.875, 80
622.976, 80
623.077, 80
623.179, 80
623.28, 80
623.381, 80
623.482, 80
623.583, 80
623.684, 80
623.785, 80
623.887, 80
623.988, 80
624.092, 80
624.193, 80
624.294, 80
624.395, 80
624.496, 80
624.597, 80
624.698, 80
624.802, 80
624.903, 80
625.005, 80
625.106, 80
625.208, 80
625.309, 80
625.411, 80
625.511, 80
625.613, 80
625.716, 80
625.818, 80
625.921, 80
626.023, 80
626.123, 80
626.225, 80
626.326, 80
626.429, 80
626.531, 80
626.632, 80
626.733, 80
626.834, 80
626.935, 80
627.036, 80
627.137, 80
627.238, 80
627.34, 80
627.443, 80
627.544, 80
627.648, 80
627.749, 80
627.85, 80
627.951, 80
628.052, 80
628.154, 80
628.255, 80
628.358, 80
628.46, 80
628.563, 80
628.665, 80
628.766, 80
628.867, 80
628.968, 80
629.069, 80
629.17, 80
629.271, 80
629.375, 80
629.476, 80
629.58, 80
629.681, 80
629.783, 80
629.883, 80
629.984, 80
630.085, 80
630.187, 80
630.288, 80
630.389, 80
630.491, 80
630.595, 80
630.696, 80
630.797, 80
630.898, 80
630.999, 80
631.1, 80
631.201, 80
631.303, 80
631.407, 80
631.507, 80
631.611, 80
631.713, 80
631.816, 80
631.917, 80
632.021, 80
632.123, 80
632.224, 81
632.325, 81
632.429, 81
632.53, 81
632.634, 81
632.738, 81
632.839, 81
632.94, 81
633.041, 81
633.143, 81
633.246, 81
633.347, 81
633.451, 81
633.552, 81
633.656, 81
633.757, 81
633.859, 81
633.959, 81
634.061, 81
634.162, 81
634.266, 81
634.366, 81
634.468, 81
634.569, 81
634.672, 81
634.774, 81
634.875, 81
634.976, 81
635.077, 81
635.178, 81
635.279, 81
635.38, 81
635.484, 81
635.588, 81
635.689, 81
635.791, 81
635.891, 81
635.992, 81
636.096, 81
636.197, 81
636.301, 81
636.402, 81
636.506, 80
636.608, 80
636.711, 80
636.812, 80
636.916, 80
637.017, 80
637.118, 80
637.219, 80
637.321, 80
637.424, 80
637.525, 80
637.629, 80
637.731, 80
637.834, 80
637.935, 80
638.039, 80
638.141, 80
638.244, 80
638.345, 80
638.447, 80
638.547, 80
638.649, 80
638.753, 80
638.854, 80
638.957, 80
639.059, 80
639.16, 80
639.264, 80
639.365, 80
639.466, 80
639.567, 80
639.669, 80
639.772, 80
639.873, 80
639.975, 80
640.076, 80
640.177, 79
640.278, 80
640.382, 79
640.484, 80
640.584, 80
640.685, 80
640.786, 80
640.89, 79
640.992, 79
641.092, 79
641.194, 80
641.295, 79
641.396, 79
641.497, 79
641.598, 79
641.699, 79
641.8, 79
641.904, 79
642.005, 79
642.107, 79
642.207, 79
642.309, 80
642.41, 80
642.511, 80
642.612, 80
642.714, 80
642.815, 80
642.916, 80
643.017, 80
643.118, 80
643.222, 80
643.323, 80
643.425, 80
643.526, 80
643.627, 80
643.73, 80
643.832, 80
643.936, 80
644.036, 80
644.14, 80
644.242, 80
644.345, 80
644.447, 80
644.55, 80
644.652, 80
644.755, 80
644.857, 80
644.96, 81
645.061, 81
645.165, 81
645.266, 81
645.368, 81
645.469, 81
645.57, 81
645.671, 81
645.772, 81
645.873, 81
645.977, 81
646.078, 81
646.182, 82
646.283, 82
646.387, 82
646.488, 82
646.592, 82
646.693, 82
646.794, 82
646.896, 82
646.997, 82
647.099, 82
647.2, 82
647.301, 82
647.402, 82
647.506, 82
647.607, 82
647.708, 83
647.809, 83
647.913, 83
648.014, 83
648.114, 83
648.215, 83
648.317, 83
648.417, 83
648.521, 83
648.625, 83
648.726, 83
648.827, 83
648.931, 83
649.032, 83
649.133, 83
649.234, 83
649.335, 84
649.437, 84
649.538, 84
649.639, 84
649.741, 84
649.842, 84
649.943, 84
650.047, 84
650.148, 84
650.249, 84
650.351, 84
650.452, 84
650.553, 84
650.654, 84
650.755, 84
650.856, 84
650.958, 84
651.057, 84
651.161, 84
651.264, 84
651.366, 84
651.467, 84
651.571, 84
651.672, 84
651.773, 84
651.874, 84
651.977, 84
652.079, 84
652.18, 84
652.281, 84
652.382, 84
652.484, 84
652.585, 84
652.689, 84
652.79, 84
652.894, 84
652.995, 84
653.099, 84
653.2, 84
653.302, 84
653.403, 84
653.504, 84
653.605, 84
653.706, 84
653.808, 84
653.909, 84
654.01, 84
654.111, 84
654.213, 84
654.313, 83
654.415, 83
654.518, 84
654.62, 84
654.721, 84
654.825, 84
654.926, 84
655.026, 84
655.128, 84
655.229, 84
655.331, 84
655.432, 84
655.533, 84
655.637, 83
655.738, 84
655.839, 84
655.94, 84
656.041, 83
656.142, 83
656.246, 83
656.35, 83
656.451, 83
656.552, 83
656.653, 83
656.755, 83
656.858, 83
656.959, 83
657.061, 83
657.161, 83
657.263, 83
657.366, 83
657.467, 83
657.571, 83
657.672, 83
657.776, 83
657.876, 83
657.979, 83
658.081, 83
658.184, 83
658.285, 83
658.389, 83
658.494, 83
658.595, 83
658.699, 83
658.8, 83
658.901, 83
659.002, 83
659.103, 83
659.207, 83
659.308, 83
659.409, 83
659.51, 83
659.614, 83
659.715, 83
659.819, 83
659.92, 83
660.021, 83
660.122, 83
660.224, 83
660.325, 83
660.428, 83
660.53, 83
660.631, 83
660.732, 83
660.836, 83
660.937, 83
661.038, 83
661.139, 83
661.24, 82
661.341, 82
661.442, 83
661.543, 83
661.645, 82
661.746, 83
661.847, 83
661.949, 82
662.049, 82
662.151, 82
662.252, 82
662.353, 82
662.457, 82
662.558, 82
662.659, 82
662.76, 82
662.862, 82
662.963, 82
663.064, 82
663.165, 82
663.269, 82
663.37, 82
663.474, 82
663.575, 82
663.677, 82
663.778, 82
663.879, 82
663.98, 82
664.082, 82
664.183, 82
664.286, 82
664.388, 82
664.492, 82
664.593, 82
664.695, 82
664.799, 82
664.9, 82
665.004, 82
665.105, 82
665.209, 82
665.31, 82
665.411, 81
665.512, 81
665.613, 81
665.717, 81
665.818, 81
665.919, 81
666.02, 81
666.121, 81
666.222, 81
666.324, 81
666.425, 81
666.529, 81
666.63, 81
666.734, 81
666.835, 81
666.937, 81
667.037, 81
667.139, 81
667.24, 81
667.341, 81
667.442, 81
667.543, 81
667.644, 81
667.745, 81
667.849, 81
667.95, 81
668.052, 81
668.152, 81
668.254, 81
668.354, 81
668.456, 81
668.557, 80
668.658, 80
668.759, 80
668.861, 80
668.961, 80
669.062, 80
669.166, 80
669.268, 80
669.37, 80
669.472, 80
669.573, 80
669.677, 80
669.778, 80
669.879, 80
669.98, 80
670.082, 80
670.185, 80
670.286, 80
670.388, 80
670.488, 80
670.589, 80
670.693, 80
670.795, 80
670.895, 80
670.999, 80
671.1, 80
671.204, 79
671.305, 79
671.407, 79
671.508, 79
671.609, 79
671.71, 79
671.811, 79
671.915, 79
672.016, 79
672.12, 79
672.221, 79
672.325, 79
672.426, 79
672.527, 79
672.631, 79
672.732, 79
672.836, 79
672.938, 79
673.041, 79
673.142, 79
673.246, 79
673.347, 79
673.451, 79
673.552, 79
673.656, 78
673.757, 78
673.861, 78
673.962, 78
674.063, 78
674.164, 78
674.265, 78
674.369, 78
674.47, 78
674.571, 78
674.672, 78
674.774, 78
674.875, 78
674.976, 78
675.077, 78
675.178, 78
675.28, 78
675.38, 78
675.484, 78
675.585, 78
675.689, 78
675.79, 77
675.891, 77
675.993, 77
676.094, 77
676.195, 77
676.296, 77
676.4, 77
676.501, 77
676.604, 77
676.706, 77
676.809, 77
676.911, 77
677.014, 77
677.116, 77
677.217, 77
677.318, 77
677.419, 77
677.521, 77
677.624, 77
677.728, 77
677.829, 77
677.931, 77
678.031, 77
678.132, 76
678.236, 76
678.338, 76
678.441, 76
678.543, 76
678.646, 76
678.747, 76
678.851, 76
678.952, 76
679.056, 76
679.157, 76
679.261, 76
679.362, 76
679.463, 76
679.565, 76
679.667, 76
679.77, 76
679.871, 76
679.975, 76
680.076, 76
680.18, 76
680.282, 76
680.383, 75
680.484, 75
680.585, 75
680.687, 75
680.788, 75
680.889, 75
680.99, 75
681.091, 75
681.192, 75
681.296, 75
681.397, 75
681.498, 75
681.599, 75
681.7, 75
681.802, 75
681.903, 75
682.004, 75
682.105, 75
682.206, 75
682.308, 75
682.41, 75
682.511, 75
682.612, 75
682.713, 74
682.816, 74
682.918, 74
683.019, 74
683.12, 74
683.224, 74
683.325, 74
683.426, 74
683.527, 74
683.629, 74
683.732, 74
683.834, 74
683.935, 74
684.036, 74
684.137, 74
684.238, 74
684.339, 74
684.443, 74
684.544, 74
684.645, 74
684.746, 74
684.847, 74
684.948, 74
685.052, 73
685.154, 73
685.257, 73
685.358, 73
685.46, 73
685.561, 73
685.662, 73
685.763, 73
685.864, 73
685.968, 73
686.069, 73
686.173, 73
686.274, 73
686.375, 73
686.477, 73
686.58, 73
686.681, 73
686.782, 73
686.883, 73
686.985, 73
687.085, 73
687.187, 73
687.291, 73
687.392, 73
687.494, 73
687.595, 72
687.696, 72
687.797, 72
687.899, 72
687.999, 72
688.101, 72
688.204, 72
688.306, 72
688.407, 72
688.508, 72
688.609, 72
688.713, 72
688.814, 72
688.915, 72
689.016, 72
689.118, 72
689.221, 72
689.322, 72
689.423, 72
689.524, 72
689.626, 72
689.729, 72
689.83, 72
689.932, 72
690.033, 72
690.134, 71
690.235, 71
690.336, 71
690.44, 71
690.541, 71
690.644, 71
690.746, 71
690.847, 71
690.948, 71
691.049, 71
691.151, 71
691.251, 71
691.353, 71
691.454, 71
691.555, 71
691.659, 71
691.76, 71
691.861, 71
691.965, 71
692.066, 71
692.169, 71
692.271, 71
692.375, 71
692.476, 70
692.577, 70
692.678, 70
692.779, 70
692.883, 70
692.984, 70
693.088, 70
693.189, 70
693.29, 70
693.391, 70
693.493, 70
693.594, 70
693.695, 70
693.796, 70
693.898, 70
693.999, 70
694.099, 70
694.201, 70
694.305, 70
694.406, 70
694.507, 70
694.608, 70
694.709, 70
694.81, 70
694.911, 70
695.015, 70
695.116, 70
695.217, 70
695.318, 70
695.419, 70
695.523, 70
695.624, 69
695.728, 69
695.829, 69
695.93, 69
696.032, 69
696.133, 69
696.234, 69
696.338, 69
696.442, 69
696.543, 69
696.644, 69
696.745, 69
696.846, 69
696.95, 69
697.051, 69
697.155, 69
697.256, 69
697.36, 69
697.461, 69
697.565, 69
697.666, 69
697.77, 69
697.871, 69
697.972, 69
698.073, 69
698.174, 69
698.275, 69
698.374, 69
698.477, 68
698.577, 68
698.678, 68
698.78, 68
698.881, 68
698.982, 68
699.086, 68
699.187, 68
699.29, 68
699.392, 68
700.102, 68
700.203, 68
700.304, 68
700.405, 68
700.506, 68
700.607, 68
700.711, 68
700.812, 68
700.913, 68
701.014, 68
701.115, 68
701.216, 67
701.317, 68
701.419, 67
701.52, 67
701.621, 67
701.722, 67
701.823, 67
701.924, 67
702.025, 67
702.126, 67
702.227, 67
702.328, 67
702.432, 67
702.533, 67
702.634, 67
702.735, 67
702.836, 67
702.937, 67
703.038, 67
703.14, 67
703.241, 67
703.342, 67
703.443, 67
703.544, 67
703.648, 67
703.749, 67
703.85, 67
703.951, 67
704.052, 67
704.153, 67
704.254, 67
704.358, 67
704.459, 67
704.563, 67
704.664, 67
704.765, 67
704.866, 67
704.967, 67
705.068, 67
705.172, 67
705.273, 67
705.374, 67
705.475, 66
705.577, 66
705.68, 66
705.781, 66
705.882, 66
705.983, 66
706.085, 66
706.186, 66
706.287, 66
706.391, 66
706.491, 66
706.593, 66
706.694, 66
706.795, 66
706.899, 66
707, 66
707.101, 66
707.202, 66
707.303, 66
707.404, 66
707.505, 66
707.606, 66
707.707, 66
707.811, 66
707.912, 66
708.013, 66
708.114, 66
708.215, 66
708.316, 66
708.418, 66
708.521, 66
708.622, 66
708.723, 66
708.824, 66
708.926, 66
709.027, 66
709.128, 66
709.229, 66
709.33, 66
709.431, 66
709.532, 66
709.633, 66
709.734, 65
709.835, 65
709.937, 65
710.037, 65
710.139, 65
710.242, 65
710.343, 65
710.445, 65
710.545, 65
710.647, 65
710.751, 65
710.851, 65
710.953, 65
711.054, 65
711.155, 65
711.256, 65
711.357, 65
711.458, 65
711.559, 65
711.663, 65
711.764, 65
711.865, 65
711.966, 65
712.067, 65
712.168, 65
712.269, 65
712.373, 65
712.474, 65
712.575, 65
712.676, 65
712.777, 65
712.879, 65
712.98, 65
713.081, 65
713.182, 65
713.283, 65
713.384, 65
713.485, 65
713.586, 65
713.687, 65
713.788, 65
713.889, 65
713.991, 65
714.094, 65
714.195, 65
714.299, 65
714.4, 65
714.501, 65
714.602, 65
714.703, 64
714.804, 64
714.905, 64
715.007, 64
715.108, 64
715.209, 64
715.313, 64
715.413, 64
715.515, 64
715.616, 64
715.719, 64
715.821, 64
715.922, 64
716.023, 64
716.124, 64
716.228, 64
716.331, 64
716.433, 64
716.534, 64
716.635, 64
716.736, 64
716.837, 64
716.938, 64
717.039, 64
717.14, 64
717.241, 64
717.342, 64
717.443, 64
717.547, 64
717.648, 64
717.749, 64
717.85, 64
717.951, 64
718.053, 64
718.154, 64
718.257, 64
718.358, 64
718.46, 64
718.561, 64
718.662, 64
718.763, 64
718.864, 64
718.965, 64
719.066, 64
719.17, 64
719.271, 64
719.372, 64
719.473, 64
719.574, 64
719.675, 63
719.776, 63
719.877, 63
719.979, 63
720.08, 63
720.183, 63
720.284, 63
720.386, 63
720.487, 63
720.588, 63
720.689, 63
720.79, 63
720.891, 63
720.992, 63
721.093, 63
721.194, 63
721.295, 63
721.399, 63
721.5, 63
721.601, 63
721.702, 63
721.803, 63
721.904, 63
722.006, 63
722.109, 63
722.21, 63
722.311, 63
722.412, 63
722.514, 63
722.615, 63
722.716, 63
722.82, 63
722.92, 63
723.022, 63
723.123, 63
723.224, 63
723.325, 63
723.426, 63
723.53, 63
723.631, 63
723.732, 63
723.833, 63
723.934, 63
724.038, 63
724.142, 63
724.243, 63
724.347, 63
724.448, 63
724.549, 63
724.65, 63
724.754, 63
724.855, 63
724.956, 62
725.057, 63
725.158, 62
725.259, 62
725.36, 62
725.461, 62
725.562, 62
725.663, 62
725.764, 62
725.865, 62
725.967, 62
726.068, 62
726.169, 62
726.272, 62
726.373, 62
726.477, 62
726.578, 62
726.68, 62
726.781, 62
726.882, 62
726.983, 62
727.084, 62
727.185, 62
727.286, 62
727.387, 62
727.488, 62
727.589, 62
727.693, 62
727.794, 62
727.895, 62
727.997, 62
728.097, 62
728.198, 62
728.3, 62
728.401, 62
728.502, 62
728.606, 62
728.707, 62
728.808, 62
728.909, 62
729.01, 62
729.111, 62
729.212, 62
729.313, 62
729.414, 62
729.515, 62
729.619, 62
729.72, 62
729.821, 62
729.922, 62
730.023, 62
730.124, 62
730.226, 62
730.329, 62
730.43, 61
730.532, 61
730.633, 61
730.733, 61
730.835, 61
730.936, 61
731.037, 61
731.138, 61
731.239, 61
731.34, 61
731.441, 61
731.545, 61
731.646, 61
731.747, 61
731.848, 61
731.949, 61
732.05, 61
732.151, 61
732.255, 61
732.356, 61
732.457, 61
732.559, 61
732.659, 61
732.761, 61
732.862, 61
732.963, 61
733.064, 61
733.165, 61
733.266, 61
733.367, 61
733.471, 61
733.572, 61
733.673, 61
733.774, 61
733.875, 61
733.976, 61
734.077, 61
734.179, 61
734.279, 61
734.38, 61
734.484, 61
734.585, 61
734.687, 61
734.787, 61
734.889, 61
734.99, 61
735.091, 61
735.192, 61
735.293, 61
735.397, 61
735.498, 61
735.599, 61
735.7, 61
735.801, 61
735.902, 61
736.003, 61
736.104, 61
736.205, 61
736.309, 61
736.41, 61
736.511, 61
736.612, 61
736.713, 61
736.814, 60
736.916, 60
737.017, 60
737.118, 60
737.219, 60
737.32, 60
737.421, 60
737.522, 60
737.623, 60
737.724, 60
737.828, 60
737.929, 60
738.03, 60
738.131, 60
738.232, 60
738.336, 60
738.437, 60
738.539, 60
738.639, 60
738.74, 60
738.842, 60
738.943, 60
739.044, 60
739.145, 60
739.249, 60
739.35, 60
739.451, 60
739.552, 60
739.653, 60
739.754, 60
739.855, 60
739.956, 60
740.057, 60
740.161, 60
740.262, 60
740.363, 60
740.464, 60
740.565, 60
740.666, 60
740.767, 60
740.868, 60
740.97, 60
741.071, 60
741.172, 60
741.273, 60
741.374, 60
741.475, 60
741.576, 60
741.68, 60
741.781, 60
741.885, 60
741.986, 60
742.087, 60
742.188, 60
742.289, 60
742.39, 60
742.491, 60
742.592, 60
742.693, 60
742.794, 60
742.895, 60
742.997, 59
743.1, 59
743.201, 59
743.303, 59
743.404, 59
743.505, 59
743.606, 59
743.707, 59
743.808, 59
743.909, 59
744.013, 59
744.114, 59
744.215, 59
744.316, 59
744.417, 59
744.518, 59
744.619, 59
744.72, 59
744.821, 59
744.923, 59
745.024, 59
745.125, 59
745.226, 59
745.33, 59
745.431, 59
745.532, 59
745.633, 59
745.734, 59
745.835, 59
745.936, 59
746.04, 59
746.141, 59
746.242, 59
746.343, 59
746.444, 59
746.545, 59
746.646, 59
746.747, 59
746.849, 59
746.952, 59
747.053, 59
747.154, 59
747.256, 59
747.357, 59
747.458, 59
747.559, 59
747.663, 59
747.764, 59
747.865, 59
747.966, 59
748.067, 58
748.168, 58
748.269, 58
748.37, 59
748.471, 58
748.572, 58
748.673, 58
748.774, 58
748.878, 58
748.979, 58
749.08, 58
749.181, 58
749.282, 58
749.384, 58
749.485, 58
749.589, 58
749.69, 58
749.791, 58
749.892, 58
749.993, 58
750.094, 58
750.195, 58
750.296, 58
750.397, 58
750.498, 58
750.599, 58
750.7, 58
750.804, 58
750.905, 58
751.006, 58
751.107, 58
751.208, 58
751.31, 58
751.411, 58
751.514, 58
751.615, 58
751.717, 58
751.818, 58
751.919, 58
752.02, 58
752.121, 58
752.222, 58
752.323, 58
752.424, 58
752.525, 58
752.626, 58
752.73, 58
752.831, 58
752.932, 58
753.033, 58
753.134, 58
753.236, 58
753.337, 58
753.438, 58
753.539, 58
753.64, 57
753.744, 57
753.845, 57
753.946, 57
754.047, 57
754.148, 57
754.249, 57
754.35, 57
754.451, 57
754.552, 57
754.656, 57
754.757, 57
754.858, 57
754.959, 57
755.06, 57
755.161, 57
755.263, 57
755.364, 57
755.465, 57
755.569, 57
755.67, 57
755.771, 57
755.872, 57
755.973, 57
756.074, 57
756.175, 57
756.276, 57
756.377, 57
756.478, 57
756.579, 57
756.68, 57
756.781, 57
756.882, 57
756.984, 57
757.087, 57
757.188, 57
757.292, 57
757.393, 57
757.494, 57
757.595, 57
757.696, 57
757.798, 57
757.899, 57
758, 57
758.101, 57
758.205, 57
758.306, 57
758.409, 57
758.511, 57
758.612, 57
758.713, 57
758.814, 57
758.915, 57
759.016, 57
759.12, 56
759.221, 56
759.322, 56
759.423, 56
759.524, 56
759.625, 56
759.726, 56
759.83, 56
759.931, 56
760.032, 56
760.133, 56
760.234, 56
760.335, 56
760.437, 56
760.54, 56
760.641, 56
760.745, 56
760.846, 56
760.947, 56
761.048, 56
761.149, 56
761.251, 56
761.352, 56
761.453, 56
761.554, 56
761.655, 56
761.756, 56
761.857, 56
761.961, 56
762.062, 56
