time,tempInversor
0.329, 23
0.43, 23
0.531, 23
0.635, 23
0.736, 23
0.839, 23
0.941, 23
1.042, 23
1.143, 23
1.244, 23
1.345, 23
1.446, 23
1.547, 23
1.648, 23
1.749, 23
1.85, 23
1.951, 23
2.052, 23
2.153, 23
2.257, 23
2.358, 23
2.459, 23
2.56, 23
2.662, 23
2.762, 23
2.863, 23
2.967, 23
3.068, 23
3.169, 23
3.27, 23
3.372, 23
3.472, 23
3.573, 23
3.674, 23
3.776, 23
3.877, 23
3.978, 23
4.079, 23
4.18, 23
4.281, 23
4.382, 23
4.486, 23
4.587, 23
4.691, 23
4.792, 23
4.893, 23
4.994, 23
5.095, 23
5.196, 23
5.297, 23
5.398, 23
5.499, 23
5.6, 23
5.701, 23
5.802, 23
5.903, 23
6.004, 23
6.108, 23
6.209, 23
6.31, 23
6.411, 23
6.513, 23
6.613, 23
6.714, 23
6.815, 23
6.917, 23
7.018, 23
7.119, 23
7.22, 23
7.321, 23
7.422, 23
7.523, 23
7.627, 23
7.728, 23
7.829, 23
7.93, 23
8.031, 23
8.132, 23
8.233, 23
8.337, 23
8.438, 23
8.542, 23
8.643, 23
8.744, 23
8.845, 23
8.946, 23
9.047, 23
9.148, 23
9.252, 23
9.353, 23
9.454, 23
9.555, 23
9.656, 23
9.757, 23
9.858, 23
9.959, 23
10.06, 23
10.161, 23
10.262, 23
10.363, 23
10.464, 23
10.566, 23
10.667, 23
10.768, 23
10.869, 23
10.973, 23
11.074, 23
11.175, 23
11.276, 23
11.377, 23
11.478, 23
11.579, 23
11.68, 23
11.781, 23
11.882, 23
11.983, 23
12.084, 23
12.188, 23
12.289, 23
12.393, 23
12.494, 23
12.595, 23
12.696, 23
12.797, 23
12.898, 23
12.999, 23
13.1, 23
13.201, 23
13.302, 23
13.403, 23
13.504, 23
13.605, 23
13.707, 23
13.81, 23
13.912, 23
14.012, 23
14.114, 23
14.215, 23
14.315, 23
14.417, 23
14.518, 23
14.619, 23
14.72, 23
14.821, 23
14.922, 23
15.023, 23
15.124, 23
15.225, 23
15.329, 23
15.43, 23
15.531, 23
15.632, 23
15.733, 23
15.834, 23
15.935, 23
16.039, 23
16.14, 23
16.244, 23
16.345, 23
16.446, 23
16.547, 23
16.648, 23
16.749, 23
16.85, 23
16.951, 23
17.052, 23
17.153, 23
17.254, 23
17.355, 23
17.457, 23
17.558, 23
17.661, 23
17.763, 23
17.863, 23
17.965, 23
18.066, 23
18.167, 23
18.268, 23
18.372, 23
18.473, 23
18.574, 23
18.675, 23
18.776, 23
18.877, 23
18.978, 23
19.079, 23
19.18, 23
19.281, 23
19.382, 23
19.483, 23
19.584, 23
19.685, 23
19.786, 23
19.89, 23
19.991, 23
20.095, 23
20.196, 23
20.297, 23
20.398, 23
20.499, 23
20.6, 23
20.701, 23
20.802, 23
20.903, 23
21.005, 23
21.105, 23
21.207, 23
21.308, 23
21.409, 23
21.513, 23
21.614, 23
21.715, 23
21.816, 23
21.917, 23
22.018, 23
22.119, 23
22.22, 23
22.321, 23
22.422, 23
22.523, 23
22.624, 23
22.725, 23
22.826, 23
22.927, 23
23.031, 23
23.132, 23
23.233, 23
23.334, 23
23.435, 23
23.536, 23
23.638, 23
23.741, 23
23.842, 23
23.946, 23
24.047, 23
24.148, 23
24.249, 23
24.35, 23
24.451, 23
24.552, 23
24.653, 23
24.754, 23
24.856, 23
24.957, 23
25.058, 23
25.159, 23
25.26, 23
25.364, 23
25.465, 23
25.566, 23
25.667, 23
25.768, 23
25.869, 23
25.97, 23
26.074, 23
26.175, 23
26.276, 23
26.377, 23
26.478, 23
26.579, 23
26.68, 23
26.781, 23
26.882, 23
26.983, 23
27.084, 23
27.185, 23
27.286, 23
27.39, 23
27.491, 23
27.592, 23
27.693, 23
27.797, 23
27.898, 23
27.999, 23
28.1, 23
28.201, 23
28.302, 23
28.403, 23
28.504, 23
28.605, 23
28.707, 23
28.808, 23
28.909, 23
29.01, 23
29.111, 23
29.215, 23
29.316, 23
29.417, 23
29.518, 23
29.619, 23
29.72, 23
29.821, 23
29.922, 23
30.023, 23
30.124, 23
30.225, 23
30.326, 23
30.427, 23
30.528, 23
30.629, 23
30.733, 23
30.834, 23
30.935, 23
31.036, 23
31.137, 23
31.238, 23
31.34, 23
31.444, 23
31.544, 23
31.648, 23
31.749, 23
31.85, 23
31.951, 23
32.052, 23
32.154, 23
32.254, 23
32.356, 23
32.457, 23
32.558, 23
32.659, 23
32.76, 23
32.861, 23
32.962, 23
33.066, 23
33.167, 23
33.268, 23
33.369, 23
33.47, 23
33.571, 23
33.672, 23
33.773, 23
33.874, 23
33.975, 23
34.076, 23
34.177, 23
34.278, 23
34.38, 23
34.48, 23
34.584, 23
34.685, 23
34.786, 23
34.887, 23
34.988, 23
35.089, 23
35.191, 23
35.295, 23
35.395, 23
35.499, 23
35.6, 23
35.701, 23
35.802, 23
35.903, 23
36.005, 23
36.105, 23
36.207, 23
36.308, 23
36.409, 23
36.51, 23
36.611, 23
36.712, 23
36.813, 23
36.917, 23
37.018, 23
37.119, 23
37.22, 23
37.321, 23
37.422, 23
37.523, 23
37.624, 23
37.725, 23
37.826, 23
37.928, 23
38.028, 23
38.129, 23
38.23, 23
38.332, 23
38.435, 23
38.536, 23
38.638, 23
38.738, 23
38.84, 23
38.941, 23
39.042, 23
39.146, 23
39.246, 23
39.35, 23
39.451, 23
39.552, 23
39.654, 23
39.755, 23
39.856, 23
39.957, 23
40.058, 23
40.159, 23
40.26, 23
40.361, 23
40.462, 23
40.563, 23
40.664, 23
40.768, 23
40.869, 23
40.97, 23
41.071, 23
41.172, 23
41.273, 23
41.374, 23
41.475, 23
41.576, 23
41.677, 23
41.779, 23
41.879, 23
41.98, 23
42.082, 23
42.183, 23
42.286, 23
42.388, 23
42.489, 23
42.59, 23
42.691, 23
42.792, 23
42.893, 23
42.997, 23
43.098, 23
43.201, 23
43.302, 23
43.403, 23
43.505, 23
43.606, 23
43.707, 23
43.808, 23
43.909, 23
44.01, 23
44.111, 23
44.212, 23
44.313, 23
44.414, 23
44.515, 23
44.619, 23
44.72, 23
44.821, 23
44.922, 23
45.023, 23
45.124, 23
45.225, 23
45.326, 23
45.427, 23
45.528, 23
45.63, 23
45.73, 23
45.832, 23
45.933, 23
46.034, 23
46.137, 23
46.239, 23
46.34, 23
46.441, 23
46.542, 23
46.643, 23
46.744, 23
46.848, 23
46.949, 23
47.052, 23
47.154, 23
47.254, 23
47.356, 23
47.457, 23
47.558, 23
47.659, 23
47.76, 23
47.861, 23
47.962, 23
48.063, 23
48.164, 23
48.265, 23
48.366, 23
48.47, 23
48.571, 23
48.672, 23
48.773, 23
48.874, 23
48.975, 23
49.076, 23
49.177, 23
49.278, 23
49.379, 23
49.481, 23
49.581, 23
49.683, 23
49.784, 23
49.885, 23
49.989, 23
50.09, 23
50.191, 23
50.292, 23
50.393, 23
50.494, 23
50.595, 23
50.699, 23
50.8, 23
50.903, 23
51.005, 23
51.106, 23
51.207, 23
51.308, 23
51.409, 23
51.51, 23
51.611, 23
51.712, 23
51.813, 23
51.914, 23
52.015, 23
52.116, 23
52.217, 23
52.321, 23
52.422, 23
52.523, 23
52.624, 23
52.726, 23
52.826, 23
52.927, 23
53.028, 23
53.129, 23
53.23, 23
53.332, 23
53.433, 23
53.534, 23
53.635, 23
53.736, 23
53.839, 23
53.94, 23
54.042, 23
54.142, 23
54.244, 23
54.344, 23
54.445, 23
54.547, 23
54.648, 23
54.752, 23
54.853, 23
54.957, 23
55.058, 23
55.159, 23
55.26, 23
55.361, 23
55.465, 23
55.568, 23
55.67, 23
55.771, 23
55.872, 23
55.973, 23
56.075, 23
56.178, 23
56.279, 23
56.383, 23
56.484, 23
56.585, 23
56.686, 23
56.79, 23
56.891, 23
56.995, 23
57.096, 23
57.2, 23
57.301, 23
57.402, 23
57.503, 23
57.604, 23
57.705, 23
57.809, 23
57.911, 23
58.012, 23
58.116, 23
58.217, 23
58.318, 24
58.422, 23
58.523, 23
58.625, 24
58.728, 24
58.83, 24
58.93, 24
59.032, 24
59.133, 24
59.237, 24
59.338, 24
59.439, 24
59.543, 24
59.644, 24
59.746, 24
59.846, 24
59.948, 24
60.052, 24
60.153, 24
60.254, 24
60.356, 24
60.459, 24
60.56, 24
60.664, 24
60.765, 24
60.866, 24
60.967, 24
61.068, 24
61.169, 24
61.271, 24
61.375, 24
61.479, 24
61.58, 24
61.682, 24
61.786, 24
61.887, 24
61.991, 24
62.092, 24
62.193, 24
62.294, 24
62.396, 24
62.499, 24
62.6, 24
62.701, 24
62.803, 24
62.903, 24
63.005, 24
63.109, 24
63.212, 24
63.317, 24
63.418, 24
63.519, 24
63.62, 24
63.721, 24
63.822, 24
63.923, 24
64.027, 24
64.128, 24
64.229, 24
64.33, 24
64.432, 24
64.533, 24
64.634, 24
64.738, 24
64.838, 24
64.94, 24
65.041, 24
65.145, 24
65.246, 24
65.35, 24
65.451, 24
65.553, 24
65.654, 24
65.755, 24
65.856, 24
65.957, 24
66.061, 24
66.162, 24
66.263, 24
66.364, 24
66.465, 24
66.566, 24
66.667, 24
66.769, 24
66.87, 24
66.971, 25
67.072, 25
67.176, 25
67.277, 25
67.378, 25
67.479, 25
67.58, 25
67.684, 25
67.785, 25
67.886, 25
67.987, 25
68.089, 25
68.19, 25
68.291, 25
68.392, 25
68.493, 25
68.597, 25
68.699, 25
68.802, 25
68.903, 25
69.007, 25
69.108, 25
69.209, 25
69.31, 25
69.411, 25
69.512, 25
69.613, 25
69.715, 25
69.816, 25
69.917, 25
70.019, 25
70.12, 25
70.221, 25
70.325, 25
70.426, 25
70.527, 25
70.631, 25
70.732, 25
70.836, 25
70.937, 25
71.041, 25
71.142, 25
71.246, 25
71.348, 25
71.449, 25
71.55, 25
71.654, 25
71.755, 25
71.856, 25
71.957, 25
72.058, 25
72.159, 25
72.26, 25
72.361, 25
72.462, 25
72.563, 25
72.667, 25
72.768, 25
72.869, 25
72.97, 25
73.074, 25
73.175, 25
73.279, 25
73.38, 26
73.484, 26
73.585, 26
73.689, 26
73.79, 26
73.894, 26
73.995, 26
74.098, 26
74.2, 26
74.303, 26
74.404, 26
74.508, 26
74.608, 26
74.711, 26
74.812, 26
74.914, 26
75.017, 26
75.118, 26
75.223, 26
75.324, 26
75.427, 26
75.529, 26
75.63, 26
75.731, 26
75.832, 26
75.934, 26
76.035, 26
76.136, 26
76.237, 26
76.338, 26
76.442, 26
76.543, 26
76.647, 26
76.748, 26
76.852, 26
76.953, 26
77.054, 26
77.155, 26
77.259, 26
77.36, 26
77.463, 26
77.565, 26
77.666, 26
77.77, 26
77.871, 26
77.972, 26
78.073, 26
78.174, 26
78.275, 26
78.376, 26
78.478, 26
78.579, 26
78.679, 26
78.781, 26
78.882, 26
78.983, 26
79.084, 26
79.185, 26
79.286, 26
79.387, 26
79.488, 26
79.592, 26
79.693, 26
79.797, 26
79.898, 26
79.999, 26
80.1, 26
80.201, 26
80.302, 26
80.403, 26
80.507, 26
80.609, 26
80.71, 26
80.813, 26
80.915, 26
81.018, 26
81.119, 26
81.223, 26
81.324, 26
81.426, 26
81.527, 26
81.628, 26
81.729, 26
81.83, 26
81.934, 26
82.035, 26
82.137, 26
82.241, 26
82.342, 26
82.445, 26
82.546, 26
82.65, 26
82.754, 26
82.855, 26
82.957, 26
83.058, 26
83.159, 26
83.26, 26
83.361, 26
83.462, 26
83.563, 26
83.667, 26
83.768, 26
83.871, 26
83.973, 26
84.074, 26
84.175, 26
84.279, 26
84.38, 26
84.481, 26
84.582, 26
84.683, 26
84.784, 26
84.888, 26
84.989, 26
85.09, 26
85.192, 26
85.293, 26
85.396, 26
85.497, 26
85.601, 26
85.702, 26
85.803, 26
85.904, 26
86.006, 26
86.11, 26
86.21, 26
86.314, 26
86.415, 26
86.516, 26
86.617, 26
86.718, 26
86.82, 26
86.921, 26
87.022, 26
87.126, 26
87.228, 26
87.331, 26
87.432, 26
87.536, 26
87.637, 26
87.738, 26
87.839, 26
87.94, 26
88.041, 26
88.142, 26
88.246, 26
88.35, 26
88.451, 26
88.552, 26
88.653, 26
88.754, 26
88.855, 26
88.959, 26
89.06, 26
89.164, 26
89.265, 26
89.366, 26
89.468, 26
89.569, 26
89.67, 26
89.771, 26
89.872, 26
89.974, 26
90.077, 26
90.179, 26
90.282, 26
90.383, 26
90.487, 26
90.588, 26
90.689, 26
90.79, 26
90.891, 26
90.995, 26
91.097, 26
91.2, 26
91.302, 26
91.405, 26
91.506, 26
91.607, 26
91.708, 26
91.809, 26
91.91, 26
92.012, 26
92.113, 26
92.214, 26
92.316, 26
92.417, 26
92.518, 26
92.619, 26
92.72, 26
92.821, 26
92.925, 26
93.026, 26
93.128, 26
93.231, 26
93.335, 26
93.436, 26
93.537, 26
93.641, 26
93.745, 26
93.846, 26
93.947, 26
94.048, 26
94.15, 26
94.253, 26
94.354, 26
94.455, 26
94.559, 26
94.663, 26
94.764, 26
94.867, 26
94.969, 26
95.07, 26
95.171, 26
95.272, 26
95.373, 26
95.474, 26
95.575, 26
95.676, 26
95.777, 26
95.881, 26
95.982, 26
96.086, 26
96.187, 26
96.289, 26
96.389, 26
96.491, 26
96.592, 26
96.693, 26
96.794, 26
96.897, 26
96.999, 26
97.102, 26
97.204, 26
97.307, 27
97.409, 27
97.51, 27
97.611, 27
97.712, 27
97.816, 27
97.917, 27
98.018, 27
98.119, 27
98.221, 27
98.322, 27
98.423, 27
98.524, 27
98.628, 27
98.729, 27
98.83, 27
98.931, 27
99.032, 27
99.133, 27
99.234, 27
99.338, 27
99.439, 27
99.543, 27
99.644, 27
99.746, 27
99.847, 27
99.948, 27
100.05, 27
100.151, 27
100.252, 27
100.353, 27
100.454, 27
100.555, 27
100.656, 27
100.76, 27
100.861, 27
100.964, 27
101.066, 27
101.169, 27
101.271, 27
101.372, 27
101.473, 27
101.574, 27
101.678, 27
101.779, 27
101.883, 28
101.984, 28
102.088, 28
102.188, 28
102.292, 28
102.393, 28
102.495, 28
102.596, 28
102.697, 28
102.798, 28
102.899, 28
103, 28
103.104, 28
103.205, 28
103.306, 28
103.407, 28
103.508, 28
103.609, 28
103.711, 28
103.811, 28
103.913, 28
104.013, 28
104.115, 28
104.216, 28
104.319, 28
104.421, 28
104.524, 28
104.625, 28
104.726, 28
104.827, 28
104.928, 28
105.03, 28
105.131, 28
105.234, 28
105.336, 28
105.439, 28
105.541, 28
105.642, 28
105.746, 28
105.847, 28
105.948, 28
106.052, 28
106.153, 28
106.254, 28
106.358, 28
106.459, 28
106.563, 28
106.664, 28
106.768, 28
106.869, 28
106.97, 28
107.071, 28
107.175, 28
107.276, 28
107.377, 28
107.479, 28
107.58, 28
107.681, 28
107.782, 28
107.884, 28
107.988, 28
108.089, 28
108.19, 28
108.291, 28
108.392, 28
108.493, 28
108.594, 28
108.695, 28
108.796, 28
108.899, 28
109, 28
109.102, 28
109.205, 28
109.306, 28
109.41, 28
109.511, 28
109.615, 28
109.716, 28
109.817, 28
109.918, 28
110.019, 28
110.121, 28
110.224, 28
110.328, 28
110.43, 28
110.53, 28
110.631, 28
110.732, 28
110.836, 28
110.937, 28
111.041, 28
111.142, 28
111.246, 28
111.347, 28
111.448, 28
111.549, 28
111.65, 28
111.751, 28
111.853, 28
111.953, 28
112.055, 28
112.156, 28
112.257, 28
112.361, 28
112.462, 28
112.563, 28
112.664, 28
112.766, 28
112.866, 28
112.967, 28
113.071, 28
113.172, 28
113.273, 28
113.374, 28
113.475, 28
113.579, 28
113.681, 28
113.782, 28
113.883, 28
113.984, 28
114.088, 28
114.189, 28
114.29, 28
114.391, 28
114.492, 28
114.593, 28
114.697, 28
114.798, 28
114.902, 28
115.003, 28
115.104, 28
115.205, 28
115.307, 28
115.41, 28
115.512, 28
115.612, 28
115.713, 28
115.815, 28
115.916, 28
116.017, 28
116.118, 28
116.22, 28
116.32, 28
116.422, 28
116.526, 28
116.627, 28
116.73, 28
116.831, 28
116.935, 28
117.036, 28
117.137, 28
117.238, 28
117.34, 28
117.441, 28
117.545, 28
117.646, 28
117.75, 28
117.851, 28
117.951, 28
118.054, 28
118.158, 28
118.259, 28
118.36, 28
118.461, 28
118.562, 28
118.666, 28
118.768, 28
118.871, 28
118.972, 28
119.076, 28
119.177, 28
119.278, 28
119.379, 28
119.48, 28
119.581, 28
119.682, 28
119.784, 28
119.885, 29
119.987, 29
120.09, 29
120.192, 29
120.292, 29
120.394, 29
120.494, 29
120.599, 29
120.699, 29
120.8, 29
120.902, 29
121.003, 29
121.107, 29
121.208, 29
121.309, 29
121.41, 29
121.511, 29
121.612, 29
121.713, 29
121.815, 29
121.915, 29
122.017, 29
122.118, 29
122.219, 29
122.32, 29
122.421, 29
122.525, 29
122.626, 29
122.727, 29
122.828, 29
122.93, 29
123.03, 29
123.131, 29
123.233, 29
123.333, 30
123.435, 30
123.539, 30
123.64, 30
123.743, 30
123.844, 30
123.948, 30
124.05, 30
124.151, 30
124.255, 30
124.356, 30
124.457, 30
124.558, 30
124.659, 30
124.76, 30
124.861, 30
124.962, 30
125.066, 30
125.17, 30
125.271, 30
125.372, 30
125.473, 30
125.575, 30
125.676, 30
125.779, 30
125.883, 30
125.984, 30
126.085, 30
126.186, 30
126.287, 30
126.388, 30
126.492, 30
126.594, 30
126.697, 30
126.798, 30
126.902, 30
127.006, 30
127.105, 30
127.206, 30
127.309, 30
127.41, 30
127.512, 30
127.613, 30
127.717, 30
127.818, 30
127.919, 30
128.02, 30
128.124, 30
128.225, 30
128.326, 30
128.427, 30
128.529, 30
128.63, 30
128.731, 30
128.832, 30
128.933, 30
129.037, 30
129.138, 30
129.239, 30
129.34, 30
129.442, 30
129.545, 30
129.646, 30
129.748, 30
129.849, 30
129.95, 30
130.051, 30
130.152, 30
130.253, 30
130.354, 30
130.455, 30
130.557, 30
130.658, 30
130.759, 30
130.863, 30
130.966, 30
131.068, 30
131.169, 30
131.27, 30
131.371, 30
131.472, 30
131.573, 30
131.677, 30
131.778, 30
131.879, 30
131.981, 30
132.081, 30
132.183, 30
132.284, 30
132.385, 30
132.486, 30
132.587, 30
132.688, 30
132.789, 30
132.893, 30
132.994, 30
133.098, 30
133.199, 30
133.303, 30
133.404, 30
133.508, 30
133.609, 30
133.71, 30
133.811, 30
133.912, 30
134.014, 30
134.117, 30
134.219, 30
134.319, 30
134.423, 30
134.527, 30
134.628, 30
134.729, 30
134.83, 30
134.931, 30
135.033, 30
135.134, 30
135.235, 30
135.339, 30
135.44, 30
135.541, 30
135.642, 30
135.743, 30
135.844, 30
135.945, 30
136.046, 30
136.147, 30
136.248, 30
136.35, 30
136.451, 30
136.552, 30
136.653, 30
136.757, 30
136.858, 30
136.959, 30
137.06, 30
137.164, 30
137.265, 30
137.369, 30
137.47, 30
137.571, 30
137.675, 30
137.776, 30
137.88, 30
137.981, 30
138.082, 30
138.183, 30
138.287, 30
138.388, 30
138.489, 30
138.59, 30
138.691, 30
138.793, 30
138.897, 30
138.997, 30
139.099, 30
139.2, 30
139.303, 30
139.405, 30
139.505, 30
139.609, 30
139.71, 30
139.811, 30
139.912, 30
140.013, 30
140.115, 30
140.218, 30
140.319, 30
140.423, 30
140.525, 30
140.625, 30
140.726, 30
140.828, 30
140.929, 30
141.033, 30
141.136, 30
141.237, 30
141.341, 30
141.442, 30
141.543, 30
141.644, 30
141.746, 30
141.849, 30
141.951, 30
142.054, 30
142.156, 30
142.256, 30
142.357, 30
142.459, 30
142.56, 30
142.661, 30
142.762, 30
142.866, 30
142.967, 30
143.071, 30
143.172, 30
143.273, 30
143.374, 30
143.476, 30
143.577, 30
143.678, 30
143.779, 30
143.881, 30
143.981, 30
144.083, 30
144.184, 30
144.287, 30
144.388, 30
144.492, 30
144.593, 30
144.694, 30
144.796, 30
144.9, 30
145.001, 30
145.105, 30
145.207, 30
145.309, 30
145.412, 30
145.513, 30
145.614, 30
145.716, 30
145.817, 30
145.918, 30
146.022, 30
146.123, 30
146.224, 30
146.328, 30
146.429, 30
146.531, 30
146.632, 30
146.733, 30
146.834, 30
146.935, 30
147.036, 30
147.137, 30
147.238, 30
147.34, 30
147.44, 30
147.542, 30
147.643, 30
147.744, 30
147.845, 30
147.946, 30
148.047, 31
148.149, 31
148.253, 31
148.354, 31
148.458, 31
148.559, 31
148.66, 31
148.761, 31
148.862, 31
148.963, 31
149.064, 31
149.165, 31
149.266, 31
149.368, 31
149.469, 31
149.57, 31
149.671, 31
149.772, 31
149.873, 31
149.974, 31
150.078, 31
150.18, 31
150.283, 31
150.384, 31
150.484, 31
150.588, 31
150.689, 31
150.79, 31
150.894, 31
150.995, 31
151.099, 31
151.199, 31
151.301, 31
151.402, 31
151.506, 31
151.607, 31
151.71, 31
151.812, 31
151.915, 31
152.016, 31
152.12, 31
152.221, 31
152.323, 31
152.427, 31
152.528, 31
152.629, 31
152.733, 31
152.834, 31
152.937, 31
153.038, 31
153.139, 31
153.241, 31
153.341, 31
153.443, 31
153.544, 31
153.645, 31
153.749, 31
153.85, 31
153.954, 31
154.055, 31
154.157, 31
154.258, 31
154.359, 31
154.46, 31
154.561, 31
154.662, 31
154.763, 31
154.864, 31
154.965, 31
155.069, 31
155.17, 31
155.271, 31
155.372, 31
155.476, 31
155.577, 31
155.678, 31
155.779, 31
155.881, 31
155.982, 31
156.083, 31
156.184, 31
156.285, 31
156.386, 31
156.49, 31
156.592, 31
156.695, 31
156.796, 31
156.9, 31
157.001, 31
157.102, 31
157.203, 31
157.305, 31
157.409, 31
157.509, 31
157.614, 31
157.715, 31
157.816, 31
157.92, 31
158.021, 31
158.124, 31
158.226, 31
158.33, 31
158.431, 31
158.532, 31
158.633, 31
158.734, 31
158.835, 31
158.937, 31
159.04, 31
159.141, 31
159.243, 31
159.346, 31
159.447, 31
159.549, 31
159.652, 31
159.754, 31
159.854, 31
159.959, 31
160.061, 31
160.162, 31
160.266, 31
160.37, 31
160.471, 31
160.572, 31
160.673, 31
160.774, 31
160.878, 31
160.979, 31
161.08, 31
161.181, 31
161.282, 31
161.386, 31
161.49, 31
161.591, 31
161.693, 31
161.794, 31
161.895, 31
161.996, 31
162.098, 31
162.198, 31
162.3, 31
162.4, 31
162.502, 31
162.603, 31
162.704, 31
162.805, 31
162.906, 31
163.007, 31
163.109, 31
163.212, 31
163.313, 31
163.417, 31
163.518, 31
163.619, 31
163.723, 31
163.824, 31
163.925, 31
164.026, 31
164.127, 31
164.229, 31
164.333, 31
164.433, 31
164.537, 31
164.639, 31
164.742, 31
164.843, 31
164.947, 31
165.048, 31
165.149, 31
165.25, 31
165.352, 31
165.453, 31
165.554, 31
165.655, 31
165.756, 31
165.858, 31
165.959, 31
166.06, 31
166.161, 31
166.262, 31
166.363, 31
166.465, 32
166.568, 32
166.669, 32
166.771, 32
166.874, 32
166.975, 32
167.08, 32
167.181, 32
167.284, 32
167.385, 32
167.487, 32
167.591, 32
167.693, 32
167.794, 32
167.898, 32
167.999, 32
168.1, 32
168.201, 32
168.302, 32
168.406, 32
168.51, 32
168.611, 32
168.713, 32
168.814, 32
168.917, 32
169.021, 32
169.122, 32
169.226, 32
169.327, 32
169.428, 32
169.529, 32
169.631, 32
169.731, 32
169.833, 32
169.933, 32
170.034, 32
170.136, 32
170.239, 32
170.341, 32
170.444, 32
170.545, 32
170.649, 32
170.751, 32
170.851, 32
170.952, 32
171.053, 32
171.158, 32
171.258, 32
171.362, 32
171.464, 32
171.567, 32
171.669, 32
171.772, 32
171.873, 32
171.977, 32
172.078, 32
172.18, 32
172.282, 32
172.384, 32
172.485, 32
172.586, 32
172.686, 32
172.788, 32
172.889, 32
172.99, 32
173.091, 32
173.194, 32
173.296, 32
173.4, 32
173.501, 32
173.602, 32
173.703, 32
173.804, 32
173.906, 32
174.007, 32
174.111, 32
174.212, 32
174.313, 32
174.414, 32
174.515, 32
174.619, 32
174.72, 32
174.821, 32
174.923, 32
175.024, 32
175.125, 32
175.226, 32
175.33, 32
175.431, 32
175.534, 32
175.638, 32
175.739, 32
175.841, 32
175.944, 32
176.048, 32
176.149, 32
176.25, 32
176.351, 32
176.453, 32
176.556, 32
176.657, 32
176.759, 32
176.86, 32
176.961, 32
177.064, 32
177.166, 32
177.269, 32
177.37, 32
177.472, 32
177.573, 32
177.676, 32
177.778, 32
177.879, 32
177.98, 32
178.081, 32
178.185, 32
178.286, 32
178.39, 32
178.491, 32
178.594, 32
178.695, 32
178.799, 32
178.901, 32
179.004, 32
179.105, 32
179.206, 32
179.307, 32
179.408, 32
179.51, 32
179.611, 32
179.712, 32
179.813, 32
179.914, 32
180.015, 32
180.116, 32
180.218, 32
180.318, 32
180.42, 32
180.521, 32
180.622, 32
180.724, 32
180.827, 32
180.929, 32
181.029, 32
181.131, 32
181.234, 32
181.336, 32
181.439, 32
181.541, 32
181.644, 32
181.745, 32
181.849, 32
181.95, 32
182.054, 32
182.155, 32
182.259, 32
182.36, 32
182.461, 32
182.562, 32
182.663, 32
182.765, 32
182.868, 32
182.97, 32
183.074, 32
183.174, 32
183.278, 32
183.379, 32
183.48, 32
183.582, 32
183.683, 32
183.784, 32
183.885, 32
183.986, 32
184.087, 32
184.188, 32
184.29, 32
184.39, 32
184.492, 32
184.593, 32
184.694, 32
184.795, 32
184.899, 32
185, 32
185.101, 32
185.205, 32
185.308, 32
185.409, 32
185.513, 32
185.615, 32
185.718, 32
185.819, 32
185.923, 32
186.024, 32
186.126, 32
186.227, 32
186.328, 32
186.429, 32
186.53, 32
186.631, 32
186.732, 32
186.836, 32
186.937, 32
187.041, 32
187.142, 32
187.243, 32
187.344, 32
187.445, 32
187.549, 32
187.65, 32
187.751, 32
187.853, 32
187.954, 32
188.055, 32
188.157, 32
188.26, 32
188.362, 32
188.465, 32
188.567, 32
188.669, 32
188.77, 32
188.871, 32
188.974, 32
189.076, 32
189.179, 32
189.28, 32
189.384, 32
189.486, 32
189.586, 32
189.687, 32
189.788, 32
189.89, 32
189.993, 32
190.094, 32
190.196, 32
190.299, 32
190.401, 32
190.503, 32
190.604, 32
190.705, 32
190.809, 32
190.91, 32
191.011, 32
191.112, 32
191.214, 32
191.317, 32
191.421, 32
191.522, 32
191.626, 32
191.73, 32
191.831, 32
191.933, 32
192.036, 32
192.138, 32
192.238, 32
192.34, 32
192.441, 32
192.542, 32
192.643, 32
192.744, 32
192.845, 32
192.946, 32
193.047, 32
193.148, 32
193.25, 32
193.353, 32
193.454, 32
193.556, 32
193.657, 32
193.758, 32
193.861, 32
193.963, 32
194.064, 32
194.165, 32
194.266, 32
194.367, 32
194.468, 32
194.569, 32
194.67, 32
194.772, 32
194.873, 32
194.976, 32
195.078, 32
195.179, 32
195.281, 32
195.384, 32
195.485, 32
195.586, 32
195.687, 32
195.788, 32
195.889, 32
195.99, 32
196.091, 32
196.193, 32
196.296, 32
196.398, 32
196.499, 32
196.6, 32
196.701, 32
196.804, 32
196.905, 32
197.009, 32
197.111, 32
197.214, 32
197.315, 32
197.419, 32
197.521, 32
197.624, 32
197.725, 32
197.826, 32
197.927, 32
198.028, 32
198.132, 32
198.234, 32
198.335, 32
198.435, 32
198.539, 32
198.64, 32
198.741, 32
198.845, 32
198.946, 32
199.048, 32
199.152, 32
199.253, 32
199.355, 32
199.456, 32
199.557, 32
199.658, 32
199.759, 32
199.86, 32
199.961, 32
200.062, 32
200.163, 32
200.267, 32
200.368, 32
200.469, 32
200.57, 32
200.672, 32
200.773, 32
200.877, 32
200.978, 32
201.079, 32
201.18, 32
201.281, 32
201.382, 32
201.483, 32
201.587, 32
201.688, 32
201.792, 32
201.893, 32
201.994, 32
202.095, 32
202.196, 32
202.297, 32
202.398, 32
202.502, 32
202.603, 32
202.707, 32
202.808, 32
202.91, 32
203.014, 32
203.115, 32
203.219, 32
203.32, 32
203.421, 32
203.522, 32
203.623, 32
203.724, 32
203.826, 32
203.927, 32
204.03, 32
204.132, 32
204.236, 32
204.337, 32
204.44, 32
204.541, 32
204.645, 32
204.746, 32
204.85, 32
204.952, 32
205.053, 32
205.154, 32
205.255, 32
205.356, 32
205.458, 32
205.562, 32
205.663, 32
205.766, 32
205.867, 32
205.971, 32
206.073, 32
206.174, 31
206.278, 31
206.379, 31
206.48, 31
206.581, 31
206.683, 31
206.783, 31
206.884, 31
206.985, 31
207.086, 31
207.187, 31
207.291, 31
207.392, 31
207.494, 31
207.595, 31
207.696, 31
207.797, 31
207.898, 31
207.999, 31
208.1, 31
208.202, 31
208.305, 32
208.409, 32
208.51, 32
208.611, 32
208.715, 32
208.816, 32
208.92, 32
209.021, 32
209.122, 32
209.226, 32
209.328, 32
209.431, 32
209.533, 32
209.634, 32
209.735, 32
209.836, 32
209.937, 32
210.039, 32
210.14, 32
210.244, 32
210.345, 32
210.446, 32
210.547, 32
210.648, 32
210.751, 32
210.853, 32
210.956, 32
211.057, 32
211.161, 32
211.263, 32
211.364, 32
211.468, 32
211.569, 32
211.67, 32
211.771, 32
211.872, 32
211.976, 32
212.077, 32
212.178, 32
212.279, 32
212.38, 32
212.484, 32
212.585, 32
212.686, 32
212.79, 32
212.891, 32
212.992, 32
213.094, 32
213.195, 32
213.296, 32
213.398, 32
213.5, 32
213.601, 32
213.703, 32
213.804, 32
213.905, 32
214.006, 32
214.107, 32
214.208, 32
214.309, 32
214.41, 32
214.511, 32
214.613, 32
214.716, 32
214.817, 32
214.922, 32
215.023, 32
215.124, 32
215.228, 33
215.331, 33
215.432, 33
215.533, 33
215.637, 33
215.738, 33
215.84, 33
215.941, 33
216.042, 33
216.143, 33
216.247, 33
216.35, 33
216.452, 33
216.553, 33
216.654, 33
216.755, 33
216.859, 33
216.96, 33
217.064, 33
217.165, 33
217.266, 33
217.367, 33
217.468, 33
217.569, 33
217.673, 33
217.774, 33
217.875, 33
217.976, 33
218.077, 33
218.179, 33
218.279, 33
218.381, 33
218.482, 33
218.583, 33
218.684, 33
218.785, 33
218.889, 33
218.99, 33
219.092, 33
219.195, 33
219.299, 33
219.4, 33
219.501, 33
219.603, 33
219.705, 33
219.806, 33
219.907, 33
220.011, 33
220.114, 33
220.216, 33
220.317, 33
220.418, 33
220.519, 33
220.62, 33
220.724, 33
220.825, 33
220.926, 33
221.027, 33
221.131, 33
221.232, 33
221.333, 33
221.434, 33
221.536, 33
221.636, 33
221.737, 33
221.839, 33
221.94, 33
222.041, 33
222.144, 33
222.245, 33
222.349, 33
222.451, 33
222.554, 32
222.656, 32
222.759, 32
222.86, 32
222.961, 32
223.065, 32
223.169, 32
223.27, 32
223.371, 32
223.472, 32
223.573, 32
223.675, 32
223.775, 32
223.877, 32
223.978, 32
224.079, 32
224.18, 32
224.281, 32
224.382, 32
224.484, 32
224.588, 32
224.689, 32
224.79, 32
224.891, 32
224.995, 32
225.097, 32
225.2, 32
225.301, 32
225.405, 32
225.506, 32
225.61, 32
225.711, 32
225.815, 32
225.916, 32
226.019, 32
226.121, 32
226.222, 32
226.326, 32
226.425, 32
226.528, 32
226.629, 32
226.731, 32
226.832, 32
226.933, 32
227.034, 32
227.138, 32
227.239, 32
227.34, 32
227.442, 32
227.545, 32
227.646, 32
227.747, 32
227.848, 32
227.949, 32
228.051, 32
228.152, 32
228.253, 32
228.357, 32
228.458, 32
228.562, 32
228.663, 32
228.767, 32
228.868, 32
228.972, 32
229.073, 32
229.177, 32
229.278, 32
229.382, 32
229.483, 32
229.587, 32
229.688, 32
229.789, 32
229.893, 32
229.994, 32
230.095, 32
230.196, 32
230.297, 32
230.398, 32
230.499, 32
230.603, 32
230.705, 32
230.808, 32
230.909, 32
231.013, 32
231.114, 32
231.218, 32
231.319, 32
231.423, 32
231.523, 32
231.626, 32
231.726, 32
231.827, 32
231.931, 32
232.032, 32
232.136, 32
232.237, 32
232.341, 32
232.442, 32
232.546, 32
232.647, 32
232.751, 32
232.852, 32
232.955, 32
233.057, 32
233.161, 32
233.262, 32
233.363, 32
233.464, 32
233.566, 32
233.67, 32
233.771, 32
233.872, 32
233.973, 32
234.074, 32
234.178, 32
234.279, 32
234.38, 32
234.481, 32
234.582, 32
234.683, 32
234.784, 32
234.886, 32
234.987, 32
235.088, 32
235.189, 32
235.293, 33
235.394, 33
235.495, 33
235.596, 33
235.698, 33
235.801, 33
235.902, 33
236.003, 33
236.104, 33
236.206, 33
236.31, 33
236.411, 33
236.513, 33
236.617, 33
236.719, 33
236.819, 33
236.923, 33
237.027, 33
237.128, 33
237.229, 33
237.33, 33
237.432, 33
237.532, 33
237.633, 33
237.734, 33
237.836, 33
237.937, 33
238.038, 33
238.142, 33
238.243, 33
238.347, 33
238.448, 33
238.552, 33
238.653, 33
238.754, 33
238.855, 33
238.954, 33
239.055, 33
239.156, 33
239.257, 33
239.358, 33
239.459, 33
239.56, 33
239.661, 33
239.762, 33
239.864, 33
239.965, 33
240.068, 33
240.169, 33
240.27, 33
240.372, 33
240.473, 33
240.574, 33
240.675, 33
240.776, 33
240.88, 33
240.981, 33
241.085, 33
241.186, 33
241.288, 33
241.389, 33
241.49, 33
241.591, 33
241.692, 33
241.794, 33
241.897, 33
241.998, 33
242.1, 33
242.2, 33
242.305, 33
242.406, 33
242.507, 33
242.608, 33
242.709, 33
242.812, 33
242.913, 33
243.015, 33
243.116, 33
243.217, 33
243.318, 33
243.421, 33
243.523, 33
243.624, 33
243.728, 33
243.831, 33
243.932, 33
244.034, 33
244.134, 33
244.236, 33
244.339, 33
244.441, 33
244.542, 33
244.646, 33
244.746, 33
244.848, 33
244.949, 33
245.05, 33
245.151, 33
245.252, 33
245.353, 33
245.454, 33
245.558, 33
245.659, 33
245.76, 33
245.862, 33
245.963, 33
246.064, 33
246.165, 33
246.269, 33
246.373, 33
246.474, 33
246.575, 33
246.676, 33
246.777, 33
246.878, 33
246.979, 33
247.08, 33
247.184, 33
247.285, 33
247.389, 33
247.49, 33
247.591, 33
247.693, 33
247.796, 33
247.897, 33
248.001, 33
248.102, 33
248.206, 33
248.307, 33
248.411, 33
248.512, 33
248.613, 33
248.714, 33
248.815, 33
248.916, 33
249.018, 33
249.118, 33
249.22, 33
249.321, 33
249.425, 33
249.526, 33
249.627, 33
249.728, 33
249.832, 33
249.933, 33
250.034, 33
250.135, 33
250.236, 33
250.337, 33
250.439, 33
250.543, 33
250.643, 33
250.745, 33
250.846, 33
250.947, 33
251.048, 33
251.149, 33
251.25, 33
251.354, 33
251.455, 33
251.559, 33
251.66, 33
251.762, 33
251.862, 33
251.964, 33
252.067, 33
252.168, 33
252.272, 33
252.373, 33
252.477, 33
252.578, 33
252.679, 33
252.78, 33
252.881, 33
252.985, 33
253.086, 33
253.187, 33
253.288, 33
253.389, 33
253.49, 33
253.592, 33
253.692, 33
253.794, 33
253.895, 33
253.996, 33
254.097, 33
254.198, 33
254.299, 33
254.4, 33
254.501, 33
254.602, 33
254.703, 33
254.804, 33
254.906, 33
255.007, 33
255.107, 33
255.209, 33
255.31, 33
255.411, 33
255.512, 33
255.616, 33
255.717, 33
255.821, 33
255.922, 33
256.024, 33
256.127, 33
256.229, 33
256.33, 33
256.433, 33
256.535, 33
256.637, 33
256.737, 33
256.838, 33
256.939, 33
257.04, 33
257.144, 33
257.245, 33
257.349, 33
257.45, 33
257.551, 33
257.652, 33
257.753, 33
257.855, 33
257.956, 33
258.059, 33
258.161, 33
258.262, 33
258.366, 33
258.467, 33
258.568, 33
258.669, 33
258.77, 33
258.871, 33
258.972, 33
259.076, 33
259.177, 33
259.278, 33
259.38, 33
259.483, 33
259.584, 33
259.685, 33
259.786, 33
259.89, 33
259.991, 33
260.092, 33
260.196, 33
260.3, 33
260.401, 33
260.505, 33
260.606, 33
260.71, 33
260.811, 33
260.912, 33
261.013, 33
261.114, 33
261.218, 33
261.319, 33
261.42, 33
261.521, 33
261.622, 33
261.724, 33
261.825, 33
261.926, 33
262.027, 33
262.128, 33
262.232, 33
262.333, 33
262.436, 33
262.538, 33
262.641, 33
262.743, 33
262.842, 33
262.943, 33
263.044, 33
263.145, 33
263.246, 33
263.347, 33
263.451, 33
263.552, 33
263.653, 33
263.754, 33
263.858, 33
263.959, 33
264.06, 33
264.161, 33
264.263, 33
264.363, 33
264.464, 33
264.566, 33
264.666, 33
264.768, 33
264.872, 33
264.972, 33
265.076, 33
265.178, 33
265.282, 33
265.382, 33
265.486, 33
265.588, 33
265.689, 33
265.79, 33
265.891, 33
265.992, 33
266.093, 33
266.194, 33
266.295, 33
266.396, 33
266.497, 33
266.601, 33
266.702, 33
266.806, 33
266.907, 33
267.011, 33
267.112, 33
267.216, 33
267.317, 33
267.418, 33
267.519, 33
267.621, 33
267.722, 34
267.823, 34
267.924, 34
268.025, 34
268.129, 34
268.233, 34
268.334, 34
268.438, 34
268.539, 34
268.643, 34
268.744, 34
268.845, 34
268.946, 34
269.047, 34
269.148, 34
269.249, 34
269.35, 34
269.451, 34
269.552, 34
269.654, 34
269.755, 34
269.859, 34
269.96, 34
270.061, 34
270.162, 34
270.263, 34
270.367, 34
270.468, 34
270.572, 34
270.673, 34
270.774, 34
270.875, 34
270.976, 34
271.08, 34
271.181, 34
271.285, 34
271.387, 34
271.49, 34
271.592, 34
271.695, 34
271.797, 34
271.9, 34
272.002, 34
272.103, 34
272.207, 34
272.308, 34
272.409, 34
272.51, 34
272.611, 34
272.712, 34
272.813, 34
272.915, 34
273.016, 34
273.117, 34
273.218, 34
273.319, 34
273.423, 34
273.524, 34
273.628, 34
273.729, 34
273.833, 33
273.934, 34
274.035, 33
274.136, 33
274.237, 33
274.339, 33
274.44, 33
274.541, 33
274.642, 33
274.744, 33
274.845, 33
274.946, 33
275.05, 33
275.151, 33
275.252, 33
275.353, 33
275.454, 33
275.555, 33
275.656, 33
275.76, 33
275.862, 33
275.963, 33
276.066, 33
276.17, 33
276.272, 33
276.375, 33
276.476, 33
276.58, 33
276.681, 33
276.785, 33
276.886, 33
276.99, 33
277.091, 33
277.192, 33
277.296, 33
277.397, 33
277.498, 33
277.599, 33
277.703, 33
277.804, 33
277.908, 33
278.009, 33
278.113, 33
278.214, 33
278.318, 33
278.419, 33
278.523, 33
278.624, 33
278.728, 33
278.829, 33
278.932, 33
279.033, 33
279.137, 33
279.238, 33
279.339, 33
279.441, 33
279.542, 33
279.646, 33
279.747, 33
279.851, 33
279.952, 33
280.053, 33
280.157, 33
280.258, 33
280.359, 33
280.461, 33
280.562, 33
280.663, 33
280.767, 33
280.868, 33
280.969, 33
281.07, 33
281.171, 33
281.275, 33
281.376, 33
281.477, 33
281.579, 33
281.68, 33
281.781, 33
281.882, 33
281.983, 33
282.084, 33
282.185, 33
282.286, 33
282.39, 33
282.491, 33
282.592, 33
282.693, 33
282.797, 33
282.898, 33
283.002, 33
283.103, 33
283.205, 33
283.308, 33
283.409, 33
283.513, 33
283.614, 33
283.718, 33
283.822, 33
283.923, 33
284.024, 33
284.125, 33
284.226, 33
284.33, 33
284.431, 33
284.532, 33
284.633, 33
284.735, 33
284.836, 33
284.937, 33
285.038, 33
285.139, 33
285.241, 33
285.344, 33
285.445, 33
285.546, 33
285.648, 33
285.749, 33
285.85, 33
285.951, 33
286.052, 33
286.153, 34
286.256, 34
286.358, 34
286.459, 34
286.56, 34
286.661, 34
286.763, 34
286.863, 34
286.965, 34
287.066, 34
287.167, 34
287.271, 34
287.372, 34
287.476, 34
287.577, 34
287.679, 34
287.782, 34
287.884, 34
287.985, 34
288.087, 34
288.19, 34
288.291, 34
288.395, 34
288.496, 34
288.597, 34
288.698, 34
288.8, 34
288.901, 34
289.005, 34
289.106, 34
289.207, 34
289.308, 34
289.41, 34
289.511, 34
289.612, 34
289.713, 34
289.814, 34
289.915, 34
290.016, 34
290.117, 34
290.218, 34
290.319, 34
290.421, 33
290.523, 33
290.624, 34
290.725, 34
290.826, 33
290.927, 33
291.029, 33
291.129, 33
291.231, 33
291.332, 33
291.433, 33
291.534, 33
291.638, 33
291.739, 33
291.84, 33
291.944, 33
292.047, 33
292.149, 33
292.249, 33
292.351, 33
292.452, 33
292.553, 33
292.657, 33
292.759, 33
292.862, 33
292.963, 33
293.064, 33
293.165, 33
293.266, 33
293.367, 33
293.469, 33
293.572, 33
293.674, 33
293.777, 33
293.878, 33
293.982, 33
294.086, 33
294.187, 33
294.288, 33
294.389, 33
294.49, 33
294.594, 33
294.695, 33
294.797, 33
294.901, 33
295.005, 33
295.106, 33
295.207, 33
295.308, 34
295.409, 34
295.513, 34
295.614, 34
295.715, 34
295.817, 34
295.918, 34
296.019, 34
296.12, 34
296.221, 34
296.323, 34
296.426, 34
296.528, 34
296.63, 34
296.734, 34
296.835, 34
296.938, 34
297.04, 34
297.141, 34
297.242, 34
297.341, 34
297.444, 34
297.549, 34
297.65, 34
297.751, 34
297.854, 34
297.956, 34
298.057, 34
298.158, 34
298.26, 34
298.36, 34
298.464, 34
298.565, 34
298.666, 34
298.768, 34
298.869, 34
298.972, 34
299.074, 34
299.175, 34
299.276, 34
299.377, 34
299.481, 34
299.582, 34
299.686, 34
299.787, 34
299.888, 34
299.989, 34
300.091, 34
300.192, 34
300.293, 34
300.397, 34
300.498, 34
300.602, 34
300.704, 34
300.807, 34
300.908, 34
301.01, 34
301.11, 34
301.212, 34
301.315, 34
301.417, 34
301.52, 34
301.621, 34
301.725, 34
301.827, 34
301.93, 34
302.031, 34
302.135, 34
302.236, 34
302.34, 34
302.441, 34
302.545, 34
302.646, 34
302.75, 34
302.851, 34
302.952, 34
303.053, 34
303.154, 34
303.258, 34
303.359, 34
303.46, 34
303.561, 34
303.662, 34
303.764, 34
303.865, 34
303.966, 34
304.067, 34
304.169, 34
304.268, 34
304.372, 34
304.475, 34
304.577, 34
304.681, 34
304.782, 34
304.886, 34
304.986, 34
305.087, 34
305.188, 34
305.289, 34
305.391, 34
305.492, 34
305.593, 34
305.694, 34
305.795, 34
305.896, 34
306.001, 34
306.101, 34
306.202, 34
306.304, 34
306.406, 34
306.507, 34
306.608, 34
306.709, 34
306.813, 34
306.914, 34
307.015, 34
307.117, 34
307.218, 34
307.319, 34
307.42, 34
307.521, 34
307.625, 34
307.726, 34
307.83, 34
307.931, 34
308.032, 34
308.133, 34
308.234, 34
308.335, 34
308.436, 34
308.54, 34
308.641, 34
308.742, 34
308.843, 34
308.944, 34
309.046, 34
309.146, 34
309.248, 34
309.349, 34
309.45, 34
309.551, 34
309.653, 34
309.753, 34
309.854, 34
309.958, 34
310.06, 34
310.16, 34
310.261, 34
310.362, 34
310.466, 34
310.571, 34
310.674, 34
310.775, 34
310.877, 34
310.977, 34
311.081, 34
311.182, 34
311.286, 34
311.387, 34
311.491, 34
311.592, 34
311.693, 34
311.794, 34
311.896, 34
311.997, 34
312.098, 34
312.199, 34
312.301, 34
312.402, 34
312.506, 34
312.607, 34
312.708, 34
312.812, 34
312.915, 34
313.016, 34
313.118, 34
313.219, 34
313.32, 34
313.424, 34
313.527, 34
313.629, 34
313.73, 34
313.833, 34
313.935, 34
314.036, 34
314.137, 34
314.238, 34
314.342, 34
314.446, 34
314.546, 34
314.648, 34
314.752, 34
314.855, 34
314.957, 34
315.058, 34
315.159, 34
315.26, 34
315.361, 34
315.462, 34
315.563, 34
315.665, 34
315.768, 34
315.869, 34
315.971, 34
316.072, 34
316.173, 34
316.274, 34
316.376, 34
316.477, 34
316.578, 34
316.679, 34
316.78, 34
316.881, 34
316.983, 34
317.084, 34
317.185, 34
317.289, 34
317.39, 34
317.494, 34
317.595, 34
317.696, 34
317.797, 34
317.898, 34
317.999, 34
318.1, 34
318.201, 34
318.302, 34
318.406, 34
318.507, 34
318.611, 34
318.712, 34
318.814, 34
318.917, 34
319.019, 34
319.12, 34
319.221, 34
319.322, 34
319.423, 34
319.524, 34
319.625, 34
319.729, 34
319.833, 34
319.934, 34
320.038, 34
320.139, 34
320.242, 34
320.343, 34
320.447, 34
320.549, 34
320.652, 34
320.754, 34
320.857, 34
320.958, 34
321.059, 34
321.16, 34
321.26, 34
321.36, 34
321.462, 34
321.563, 34
321.664, 34
321.765, 33
321.866, 33
321.967, 33
322.071, 33
322.172, 33
322.273, 33
322.374, 33
322.476, 33
322.579, 33
322.68, 33
322.782, 33
322.882, 33
322.984, 33
323.085, 33
323.186, 33
323.287, 33
323.391, 33
323.492, 33
323.593, 33
323.697, 33
323.8, 33
323.902, 33
324.003, 33
324.104, 33
324.205, 33
324.309, 33
324.41, 33
324.514, 33
324.615, 33
324.719, 33
324.82, 33
324.923, 33
325.025, 33
325.129, 33
325.23, 33
325.33, 33
325.432, 33
325.533, 33
325.634, 33
325.738, 33
325.842, 33
325.943, 33
326.044, 33
326.145, 33
326.248, 33
326.35, 33
326.454, 33
326.555, 33
326.656, 33
326.757, 33
326.858, 33
326.962, 33
327.063, 33
327.167, 33
327.268, 34
327.369, 34
327.47, 34
327.571, 34
327.675, 34
327.776, 34
327.877, 34
327.978, 34
328.079, 34
328.183, 34
328.284, 34
328.385, 34
328.486, 34
328.587, 34
328.689, 34
328.79, 34
328.891, 34
328.992, 34
329.096, 34
329.197, 34
329.298, 34
329.399, 34
329.5, 34
329.604, 34
329.705, 34
329.806, 34
329.907, 34
330.008, 34
330.109, 34
330.21, 34
330.312, 34
330.416, 34
330.517, 34
330.616, 34
330.717, 34
330.821, 34
330.925, 34
331.026, 34
331.127, 34
331.231, 34
331.332, 34
331.433, 34
331.534, 34
331.636, 34
331.736, 34
331.838, 34
331.939, 34
332.043, 34
332.144, 34
332.246, 34
332.347, 34
332.448, 34
332.549, 34
332.652, 34
332.753, 34
332.857, 34
332.958, 34
333.062, 34
333.163, 34
333.267, 34
333.369, 34
333.469, 34
333.571, 34
333.672, 34
333.776, 34
333.877, 34
333.98, 34
334.081, 34
334.185, 34
334.286, 34
334.387, 34
334.488, 34
334.589, 34
334.693, 34
334.794, 34
334.895, 34
334.996, 34
335.098, 34
335.199, 34
335.3, 34
335.401, 34
335.502, 34
335.603, 34
335.703, 34
335.807, 34
335.91, 34
336.011, 34
336.115, 34
336.216, 34
336.32, 34
336.421, 34
336.525, 34
336.627, 34
336.73, 34
336.831, 34
336.933, 34
337.033, 34
337.135, 34
337.236, 34
337.337, 34
337.441, 34
337.542, 34
337.646, 34
337.747, 34
337.849, 34
337.95, 34
338.051, 34
338.152, 34
338.253, 34
338.354, 34
338.455, 34
338.559, 34
338.66, 34
338.761, 34
338.863, 34
338.964, 34
339.065, 34
339.169, 34
339.273, 34
339.374, 34
339.475, 34
339.576, 34
339.677, 34
339.778, 34
339.879, 34
339.98, 34
340.081, 34
340.182, 34
340.283, 34
340.384, 34
340.486, 34
340.587, 34
340.688, 34
340.789, 34
340.89, 34
340.991, 34
341.092, 34
341.196, 34
341.297, 34
341.398, 34
341.499, 34
341.6, 34
341.704, 34
341.805, 34
341.906, 34
342.008, 34
342.109, 34
342.21, 34
342.311, 34
342.412, 34
342.516, 34
342.617, 34
342.721, 34
342.822, 34
342.923, 34
343.025, 34
343.126, 34
343.227, 34
343.328, 34
343.429, 34
343.53, 34
343.631, 34
343.733, 34
343.834, 34
343.937, 34
344.039, 34
344.14, 34
344.243, 34
344.347, 34
344.449, 34
344.549, 34
344.65, 34
344.752, 34
344.853, 34
344.954, 34
345.057, 34
345.159, 34
345.262, 34
345.364, 34
345.467, 34
345.569, 34
345.67, 34
345.771, 34
345.872, 34
345.976, 34
346.077, 34
346.181, 34
346.282, 34
346.385, 34
346.487, 34
346.588, 34
346.689, 34
346.79, 34
346.894, 34
346.995, 34
347.099, 34
347.2, 34
347.304, 34
347.405, 34
347.507, 34
347.608, 34
347.709, 34
347.81, 34
347.911, 34
348.012, 34
348.116, 34
348.218, 34
348.321, 34
348.422, 34
348.523, 34
348.624, 34
348.728, 34
348.829, 34
348.93, 34
349.031, 34
349.132, 34
349.236, 34
349.337, 34
349.439, 34
349.54, 34
349.641, 34
349.745, 34
349.848, 34
349.95, 34
350.049, 34
350.15, 34
350.254, 34
350.355, 34
350.456, 34
350.557, 34
350.658, 34
350.762, 34
350.863, 34
350.964, 34
351.066, 34
351.167, 34
351.268, 34
351.37, 34
351.471, 34
351.572, 34
351.673, 34
351.774, 34
351.875, 34
351.979, 34
352.08, 34
352.184, 34
352.285, 34
352.386, 34
352.487, 34
352.589, 34
352.69, 34
352.794, 34
352.894, 34
352.996, 34
353.097, 34
353.198, 34
353.299, 34
353.4, 34
353.502, 34
353.605, 34
353.707, 34
353.808, 34
353.912, 34
354.013, 34
354.112, 34
354.213, 34
354.314, 34
354.418, 34
354.519, 34
354.621, 34
354.721, 34
354.823, 34
354.924, 34
355.025, 34
355.126, 34
355.227, 34
355.328, 34
355.432, 34
355.533, 34
355.637, 34
355.738, 34
355.839, 34
355.94, 34
356.041, 34
356.142, 34
356.243, 34
356.345, 34
356.446, 34
356.549, 34
356.651, 34
356.752, 34
356.853, 34
356.954, 34
357.055, 34
357.159, 34
357.26, 34
357.361, 34
357.462, 34
357.564, 34
357.664, 34
357.766, 34
357.867, 34
357.968, 34
358.069, 34
358.17, 34
358.271, 34
358.375, 34
358.476, 35
358.58, 34
358.681, 35
358.784, 34
358.886, 35
358.989, 35
359.091, 35
359.194, 35
359.295, 35
359.396, 35
359.498, 35
359.601, 35
359.703, 35
359.803, 35
359.905, 35
360.006, 35
360.107, 35
360.208, 35
360.309, 35
360.41, 35
360.511, 35
360.615, 35
360.716, 35
360.82, 35
360.921, 35
361.022, 35
361.123, 34
361.225, 35
361.325, 35
361.426, 35
361.528, 35
361.631, 35
361.732, 35
361.833, 34
361.935, 35
362.036, 35
362.137, 35
362.238, 35
362.339, 35
362.44, 35
362.541, 35
362.645, 35
362.746, 35
362.847, 35
362.948, 35
363.049, 35
363.151, 35
363.253, 34
363.354, 35
363.458, 35
363.559, 35
363.663, 34
363.764, 34
363.866, 34
363.967, 35
364.07, 35
364.172, 35
364.274, 34
364.375, 34
364.476, 34
364.577, 34
364.679, 34
364.78, 34
364.881, 34
364.982, 34
365.083, 35
365.184, 35
365.285, 34
365.386, 35
365.49, 34
365.591, 34
365.692, 35
365.796, 34
365.9, 34
366.001, 34
366.105, 34
366.206, 34
366.307, 34
366.408, 34
366.512, 34
366.613, 34
366.714, 34
366.815, 34
366.916, 34
367.018, 34
367.118, 34
367.22, 34
367.321, 34
367.422, 34
367.523, 34
367.627, 34
367.728, 34
367.829, 34
367.93, 34
368.032, 34
368.135, 34
368.236, 34
368.34, 34
368.441, 34
368.545, 34
368.646, 34
368.75, 34
368.851, 34
368.952, 34
369.053, 34
369.155, 34
369.258, 34
369.359, 34
369.461, 34
369.562, 34
369.663, 34
369.764, 34
369.865, 34
369.969, 34
370.071, 34
370.172, 34
370.273, 34
370.374, 34
370.478, 34
370.581, 34
370.682, 34
370.784, 34
370.887, 34
370.988, 34
371.089, 34
371.191, 34
371.294, 34
371.395, 34
371.496, 34
371.598, 34
371.699, 34
371.8, 34
371.901, 34
372.003, 34
372.104, 34
372.207, 34
372.309, 34
372.413, 34
372.514, 34
372.618, 34
372.719, 34
372.82, 34
372.921, 34
373.022, 34
373.123, 34
373.224, 34
373.325, 34
373.426, 34
373.528, 34
373.631, 34
373.732, 34
373.836, 34
373.937, 34
374.038, 34
374.139, 34
374.24, 34
374.341, 34
374.443, 34
374.546, 34
374.648, 34
374.749, 34
374.852, 34
374.954, 34
375.055, 34
375.156, 34
375.257, 34
375.358, 34
375.459, 34
375.561, 34
375.664, 34
375.765, 34
375.866, 34
375.968, 34
376.068, 34
376.169, 34
376.271, 34
376.373, 34
376.475, 34
376.577, 34
376.681, 34
376.783, 34
376.883, 34
376.984, 34
377.085, 34
377.189, 34
377.29, 34
377.394, 34
377.495, 34
377.599, 34
377.701, 34
377.801, 34
377.902, 34
378.003, 34
378.105, 34
378.206, 34
378.308, 34
378.409, 34
378.51, 34
378.611, 34
378.715, 34
378.816, 34
378.92, 34
379.021, 34
379.125, 34
379.226, 34
379.33, 34
379.431, 34
379.534, 34
379.636, 34
379.737, 34
379.838, 34
379.939, 34
380.041, 34
380.141, 34
380.243, 34
380.344, 34
380.445, 34
380.546, 34
380.647, 34
380.748, 34
380.85, 34
380.951, 34
381.052, 34
381.153, 34
381.257, 34
381.358, 34
381.461, 34
381.563, 34
381.666, 34
381.768, 34
381.871, 34
381.973, 34
382.074, 34
382.175, 34
382.276, 34
382.378, 34
382.479, 34
382.58, 34
382.681, 34
382.782, 34
382.883, 34
382.984, 34
383.088, 34
383.189, 34
383.29, 34
383.394, 34
383.498, 34
383.599, 34
383.7, 34
383.801, 34
383.902, 34
384.003, 34
384.104, 34
384.205, 34
384.306, 34
384.407, 34
384.511, 34
384.613, 35
384.713, 35
384.815, 35
384.915, 35
385.017, 35
385.118, 34
385.219, 35
385.323, 35
385.424, 35
385.528, 35
385.629, 35
385.731, 35
385.832, 35
385.936, 35
386.037, 35
386.141, 35
386.242, 35
386.343, 35
386.445, 35
386.546, 35
386.647, 35
386.75, 35
386.851, 35
386.955, 35
387.056, 35
387.16, 35
387.261, 35
387.365, 35
387.467, 35
387.568, 35
387.669, 35
387.77, 35
387.874, 35
387.975, 35
388.078, 35
388.18, 35
388.284, 35
388.385, 35
388.488, 35
388.59, 35
388.691, 35
388.792, 35
388.894, 35
388.995, 35
389.096, 35
389.197, 35
389.301, 35
389.402, 35
389.503, 35
389.607, 35
389.708, 35
389.812, 35
389.913, 35
390.014, 35
390.115, 35
390.219, 35
390.32, 35
390.421, 35
390.522, 35
390.626, 35
390.727, 35
390.831, 35
390.932, 35
391.033, 35
391.134, 35
391.238, 35
391.339, 35
391.443, 35
391.544, 35
391.648, 35
391.749, 35
391.85, 34
391.951, 34
392.052, 34
392.156, 34
392.257, 34
392.361, 34
392.463, 34
392.564, 34
392.668, 34
392.769, 34
392.87, 34
392.971, 34
393.075, 34
393.176, 34
393.277, 34
393.378, 34
393.482, 34
393.586, 34
393.69, 34
393.791, 34
393.892, 34
393.994, 34
394.096, 34
394.197, 34
394.299, 34
394.403, 34
394.504, 34
394.605, 34
394.706, 34
394.807, 34
394.908, 34
395.009, 34
395.11, 34
395.214, 34
395.315, 34
395.416, 34
395.517, 34
395.621, 34
395.722, 34
395.826, 34
395.929, 34
396.031, 34
396.132, 34
396.233, 34
396.334, 34
396.437, 34
396.539, 34
396.643, 34
396.744, 34
396.847, 34
396.948, 34
397.052, 34
397.153, 34
397.257, 34
397.358, 34
397.459, 34
397.56, 34
397.664, 34
397.765, 34
397.869, 34
397.97, 34
398.071, 34
398.172, 34
398.273, 34
398.377, 34
398.478, 34
398.58, 34
398.682, 34
398.784, 34
398.885, 34
398.988, 34
399.09, 34
399.191, 34
399.295, 34
399.396, 34
399.497, 34
399.598, 34
399.699, 34
399.803, 34
399.906, 34
400.008, 34
400.109, 34
400.213, 34
400.314, 34
400.418, 34
400.519, 34
400.62, 34
400.723, 34
400.827, 34
400.928, 34
401.029, 34
401.134, 34
401.235, 34
401.336, 34
401.437, 34
401.538, 34
401.639, 34
401.74, 34
401.841, 34
401.942, 34
402.044, 34
402.144, 34
402.246, 34
402.349, 34
402.451, 34
402.552, 34
402.653, 34
402.754, 34
402.855, 34
402.959, 34
403.063, 34
403.164, 34
403.268, 34
403.369, 34
403.47, 34
403.571, 34
403.672, 34
403.776, 34
403.877, 34
403.979, 34
404.082, 34
404.184, 34
404.285, 34
404.386, 34
404.49, 34
404.594, 34
404.695, 34
404.797, 34
404.9, 34
405.001, 34
405.102, 34
405.206, 34
405.307, 34
405.408, 34
405.509, 34
405.61, 34
405.711, 34
405.816, 34
405.916, 34
406.018, 34
406.119, 35
406.22, 35
406.321, 34
406.422, 34
406.523, 34
406.627, 34
406.728, 34
406.832, 34
406.933, 34
407.035, 34
407.138, 34
407.242, 34
407.343, 34
407.444, 34
407.545, 34
407.647, 34
407.75, 34
407.852, 34
407.955, 34
408.056, 34
408.157, 34
408.258, 34
408.36, 34
408.461, 34
408.562, 34
408.663, 34
408.764, 34
408.865, 34
408.966, 34
409.07, 34
409.172, 34
409.275, 34
409.376, 34
409.48, 34
409.581, 34
409.682, 34
409.783, 34
409.885, 34
409.986, 34
410.087, 34
410.188, 34
410.289, 34
410.393, 34
410.494, 34
410.598, 34
410.699, 34
410.8, 34
410.902, 34
411.003, 34
411.104, 34
411.205, 34
411.307, 34
411.408, 34
411.509, 34
411.613, 34
411.714, 34
411.817, 34
411.918, 34
412.022, 34
412.123, 34
412.227, 34
412.328, 34
412.432, 34
412.534, 34
412.635, 34
412.736, 34
412.837, 34
412.937, 34
413.04, 34
413.142, 34
413.243, 34
413.347, 34
413.448, 34
413.549, 34
413.65, 34
413.751, 34
413.852, 34
413.953, 34
414.055, 34
414.156, 34
414.257, 34
414.358, 34
414.459, 34
414.56, 34
414.661, 34
414.765, 34
414.866, 34
414.968, 34
415.071, 34
415.172, 34
415.273, 34
415.375, 34
415.476, 34
415.58, 34
415.681, 34
415.782, 34
415.886, 34
415.99, 34
416.091, 34
416.193, 34
416.295, 34
416.396, 35
416.498, 35
416.601, 35
416.702, 35
416.803, 35
416.904, 35
417.008, 35
417.11, 35
417.21, 35
417.311, 35
417.413, 35
417.514, 35
417.618, 35
417.719, 35
417.82, 35
417.923, 35
418.024, 35
418.125, 35
418.226, 35
418.327, 35
418.428, 35
418.529, 35
418.633, 35
418.734, 35
418.835, 35
418.936, 35
419.04, 35
419.141, 35
419.242, 35
419.344, 35
419.445, 35
419.546, 35
419.647, 35
419.75, 35
419.852, 35
419.953, 35
420.057, 35
420.158, 35
420.262, 35
420.363, 35
420.467, 35
420.568, 35
420.672, 35
420.773, 35
420.877, 35
420.978, 35
421.082, 35
421.183, 35
421.284, 35
421.388, 35
421.491, 35
421.593, 35
421.693, 35
421.798, 35
421.899, 35
422, 35
422.101, 35
422.205, 35
422.306, 35
422.407, 35
422.508, 35
422.609, 35
422.71, 35
422.811, 35
422.913, 35
423.014, 35
423.115, 35
423.219, 35
423.321, 35
423.422, 35
423.523, 35
423.624, 35
423.725, 35
423.829, 35
423.93, 35
424.032, 35
424.133, 35
424.237, 35
424.338, 35
424.439, 35
424.543, 35
424.644, 35
424.745, 35
424.846, 35
424.947, 35
425.049, 35
425.149, 35
425.251, 35
425.352, 35
425.453, 35
425.554, 35
425.658, 35
425.759, 35
425.86, 35
425.961, 35
426.062, 35
426.163, 35
426.264, 35
426.365, 35
426.467, 35
426.568, 35
426.669, 35
426.77, 35
426.871, 35
426.972, 35
427.073, 35
427.174, 35
427.276, 35
427.377, 35
427.478, 35
427.579, 35
427.683, 35
427.784, 35
427.885, 35
427.986, 35
428.087, 35
428.188, 35
428.29, 35
428.394, 35
428.495, 35
428.596, 35
428.697, 35
428.799, 35
428.902, 35
429.004, 35
429.107, 35
429.208, 35
429.312, 35
429.413, 35
429.517, 35
429.619, 35
429.72, 35
429.821, 35
429.923, 35
430.024, 35
430.125, 35
430.226, 35
430.327, 35
430.431, 35
430.533, 35
430.633, 35
430.735, 34
430.835, 34
430.937, 35
431.038, 35
431.139, 34
431.241, 34
431.344, 35
431.448, 34
431.549, 34
431.651, 34
431.751, 34
431.853, 34
431.954, 34
432.055, 34
432.156, 34
432.257, 34
432.359, 34
432.46, 34
432.561, 34
432.662, 34
432.763, 34
432.864, 34
432.966, 34
433.069, 34
433.171, 34
433.274, 34
433.375, 34
433.479, 34
433.58, 34
433.681, 34
433.782, 34
433.883, 34
433.984, 34
434.086, 34
434.187, 34
434.291, 34
434.392, 34
434.493, 34
434.597, 34
434.698, 34
434.799, 34
434.9, 34
435.004, 34
435.105, 34
435.207, 34
435.308, 34
435.412, 34
435.516, 34
435.617, 34
435.718, 34
435.819, 34
435.92, 34
436.021, 34
436.123, 34
436.227, 34
436.328, 34
436.432, 34
436.533, 34
436.637, 34
436.737, 34
436.841, 34
436.942, 34
437.044, 34
437.145, 34
437.246, 34
437.347, 34
437.449, 34
437.551, 34
437.652, 34
437.753, 34
437.854, 34
437.955, 34
438.057, 34
438.158, 34
438.259, 34
438.362, 34
438.464, 34
438.564, 34
438.666, 34
438.767, 34
438.868, 34
438.97, 34
439.071, 34
439.172, 34
439.273, 34
439.374, 34
439.475, 34
439.576, 34
439.677, 34
439.779, 34
439.88, 34
439.981, 34
440.082, 34
440.183, 34
440.284, 34
440.386, 34
440.486, 34
440.588, 34
440.689, 34
440.79, 34
440.894, 34
440.995, 34
441.096, 34
441.197, 34
441.299, 34
441.402, 34
441.504, 34
441.605, 34
441.706, 34
441.807, 34
441.911, 34
442.012, 34
442.116, 34
442.217, 34
442.321, 34
442.422, 34
442.523, 34
442.624, 34
442.725, 34
442.829, 34
442.93, 34
443.034, 34
443.135, 34
443.239, 34
443.34, 34
443.444, 34
443.545, 34
443.648, 34
443.75, 34
443.854, 34
443.955, 34
444.056, 34
444.159, 34
444.261, 34
444.362, 34
444.463, 34
444.565, 34
444.665, 34
444.767, 34
444.868, 34
444.969, 34
445.07, 34
445.171, 34
445.273, 34
445.374, 34
445.475, 34
445.576, 34
445.677, 34
445.779, 34
445.882, 34
445.986, 34
446.088, 34
446.189, 34
446.293, 34
446.394, 34
446.495, 34
446.596, 34
446.7, 34
446.8, 34
446.905, 34
447.005, 34
447.107, 34
447.208, 34
447.309, 34
447.41, 34
447.511, 34
447.612, 34
447.716, 34
447.817, 34
447.921, 34
448.022, 34
448.126, 34
448.227, 34
448.331, 34
448.432, 34
448.536, 34
448.637, 34
448.741, 34
448.842, 34
448.944, 34
449.044, 34
449.146, 34
449.247, 34
449.35, 34
449.452, 34
449.553, 34
449.654, 34
449.755, 34
449.856, 34
449.957, 34
450.058, 35
450.159, 35
450.261, 35
450.364, 35
450.465, 35
450.569, 35
450.67, 35
450.774, 35
450.875, 35
450.979, 35
451.08, 35
451.181, 35
451.283, 35
451.384, 35
451.485, 35
451.586, 35
451.687, 35
451.789, 35
451.892, 35
451.994, 35
452.095, 35
452.196, 35
452.297, 35
452.4, 35
452.502, 35
452.606, 35
452.706, 35
452.811, 35
452.912, 35
453.013, 35
453.114, 35
453.215, 35
453.316, 35
453.417, 35
453.518, 35
453.619, 35
453.72, 35
453.822, 35
453.925, 35
454.027, 35
454.128, 35
454.229, 35
454.33, 35
454.434, 35
454.535, 35
454.636, 35
454.74, 35
454.841, 35
454.942, 35
455.043, 35
455.147, 35
455.248, 35
455.349, 35
455.45, 35
455.554, 35
455.655, 35
455.759, 35
455.86, 35
455.961, 35
456.066, 35
456.167, 35
456.268, 35
456.369, 35
456.47, 35
456.571, 35
456.675, 35
456.777, 35
456.878, 35
456.981, 35
457.082, 35
457.184, 35
457.285, 35
457.386, 35
457.49, 35
457.594, 35
457.695, 35
457.796, 34
457.896, 34
457.998, 35
458.102, 34
458.203, 34
458.304, 34
458.405, 34
458.504, 34
458.605, 34
458.706, 34
458.808, 34
458.911, 34
459.012, 34
459.113, 34
459.215, 34
459.318, 34
459.419, 34
459.52, 34
459.624, 34
459.725, 34
459.826, 34
459.93, 34
460.031, 34
460.133, 34
460.234, 34
460.335, 34
460.436, 34
460.537, 34
460.638, 34
460.742, 34
460.843, 34
460.945, 34
461.046, 34
461.147, 34
461.248, 34
461.349, 34
461.45, 34
461.551, 34
461.653, 34
461.757, 34
461.858, 34
461.961, 34
462.062, 34
462.166, 34
462.267, 34
462.371, 34
462.472, 34
462.574, 34
462.678, 34
462.781, 34
462.882, 34
462.986, 34
463.088, 34
463.191, 34
463.292, 34
463.396, 34
463.497, 34
463.599, 34
463.702, 34
463.803, 34
463.904, 34
464.006, 34
464.11, 34
464.211, 34
464.313, 34
464.414, 34
464.515, 34
464.618, 34
464.719, 34
464.82, 34
464.921, 34
465.023, 34
465.124, 34
465.225, 34
465.326, 34
465.427, 34
465.528, 34
465.629, 34
465.73, 34
465.831, 34
465.932, 34
466.033, 34
466.137, 34
466.239, 34
466.34, 34
466.441, 34
466.542, 34
466.643, 34
466.747, 34
466.85, 34
466.952, 34
467.056, 34
467.157, 34
467.258, 34
467.362, 34
467.463, 34
467.564, 34
467.665, 34
467.767, 34
467.867, 34
467.969, 34
468.07, 34
468.171, 34
468.272, 34
468.373, 34
468.474, 34
468.575, 34
468.677, 34
468.778, 34
468.879, 34
468.98, 34
469.084, 34
469.185, 34
469.286, 34
469.387, 34
469.488, 34
469.589, 34
469.691, 34
469.794, 34
469.895, 34
469.999, 34
470.1, 34
470.204, 34
470.305, 34
470.406, 34
470.507, 34
470.609, 34
470.712, 34
470.814, 34
470.915, 34
471.016, 34
471.117, 34
471.218, 34
471.319, 34
471.42, 34
471.521, 34
471.622, 34
471.726, 34
471.827, 34
471.928, 34
472.029, 34
472.13, 34
472.232, 34
472.332, 35
472.433, 35
472.534, 35
472.636, 35
472.739, 35
472.843, 35
472.944, 35
473.046, 35
473.146, 35
473.248, 35
473.349, 35
473.45, 35
473.554, 35
473.655, 35
473.756, 35
473.857, 35
473.961, 35
474.062, 35
474.163, 35
474.267, 35
474.368, 35
474.469, 35
474.571, 35
474.672, 35
474.773, 35
474.874, 35
474.975, 35
475.076, 35
475.177, 35
475.278, 35
475.38, 35
475.481, 35
475.582, 35
475.686, 35
475.787, 35
475.888, 35
475.989, 35
476.09, 35
476.191, 35
476.293, 35
476.394, 35
476.498, 35
476.599, 35
476.703, 35
476.804, 35
476.905, 35
477.009, 35
477.113, 35
477.214, 35
477.315, 35
477.419, 35
477.52, 35
477.624, 35
477.725, 35
477.829, 35
477.93, 35
478.034, 35
478.135, 35
478.239, 35
478.34, 35
478.441, 35
478.542, 35
478.643, 35
478.744, 35
478.845, 35
478.946, 35
479.048, 35
479.149, 35
479.25, 35
479.351, 35
479.452, 35
479.553, 35
479.657, 35
479.759, 35
479.862, 35
479.963, 35
480.064, 35
480.165, 35
480.266, 35
480.368, 35
480.469, 35
480.573, 35
480.674, 35
480.775, 35
480.876, 35
480.977, 35
481.079, 35
481.181, 35
481.283, 35
481.386, 35
481.488, 35
481.588, 35
481.688, 35
481.792, 35
481.893, 35
481.997, 35
482.098, 35
482.202, 35
482.303, 35
482.405, 35
482.508, 35
482.609, 35
482.71, 35
482.811, 35
482.915, 35
483.017, 35
483.118, 35
483.219, 35
483.32, 35
483.421, 35
483.522, 35
483.623, 35
483.724, 35
483.825, 35
483.929, 35
484.031, 35
484.132, 35
484.233, 35
484.334, 35
484.438, 35
484.539, 35
484.643, 35
484.744, 35
484.848, 35
484.949, 35
485.053, 35
485.155, 35
485.256, 35
485.357, 35
485.458, 35
485.562, 35
485.664, 35
485.767, 35
485.868, 35
485.972, 35
486.073, 35
486.174, 35
486.275, 35
486.376, 35
486.48, 35
486.581, 35
486.682, 35
486.784, 35
486.887, 35
486.991, 35
487.092, 35
487.194, 35
487.297, 35
487.399, 35
487.499, 35
487.601, 35
487.702, 35
487.803, 35
487.904, 35
488.006, 35
488.106, 35
488.208, 35
488.308, 35
488.409, 35
488.51, 35
488.612, 35
488.716, 35
488.817, 35
488.918, 35
489.019, 35
489.12, 35
489.221, 35
489.323, 35
489.424, 35
489.525, 35
489.629, 35
489.73, 35
489.834, 35
489.935, 35
490.039, 35
490.14, 35
490.241, 35
490.342, 35
490.443, 35
490.544, 35
490.646, 35
490.747, 35
490.848, 35
490.952, 35
491.053, 35
491.154, 35
491.255, 35
491.359, 35
491.46, 35
491.563, 35
491.664, 35
491.767, 35
491.868, 35
491.969, 35
492.07, 35
492.174, 35
492.275, 35
492.376, 35
492.477, 35
492.578, 34
492.679, 34
492.783, 34
492.884, 34
492.988, 34
493.09, 34
493.19, 34
493.291, 34
493.395, 34
493.496, 34
493.598, 34
493.698, 34
493.8, 34
493.903, 34
494.004, 34
494.106, 34
494.209, 34
494.313, 34
494.415, 34
494.518, 34
494.619, 34
494.721, 34
494.822, 34
494.923, 34
495.024, 34
495.128, 34
495.23, 34
495.331, 34
495.434, 34
495.536, 34
495.637, 34
495.738, 34
495.842, 34
495.946, 34
496.047, 34
496.148, 34
496.252, 34
496.356, 34
496.457, 34
496.56, 34
496.661, 34
496.763, 34
496.863, 34
496.965, 34
497.065, 34
497.166, 34
497.268, 34
497.369, 34
497.47, 34
497.571, 34
497.672, 34
497.773, 34
497.874, 34
497.975, 34
498.076, 34
498.18, 34
498.281, 34
498.383, 34
498.484, 34
498.585, 34
498.686, 34
498.787, 34
498.891, 34
498.993, 34
499.094, 34
499.195, 34
499.296, 34
499.397, 34
499.498, 34
499.599, 34
499.7, 34
499.805, 34
499.905, 34
500.009, 34
500.111, 34
500.212, 35
500.313, 34
500.414, 35
500.515, 35
500.619, 35
500.72, 35
500.821, 35
500.922, 35
501.023, 35
501.124, 35
501.226, 35
501.329, 35
501.43, 35
501.532, 35
501.633, 35
501.736, 35
501.838, 35
501.941, 35
502.043, 35
502.144, 35
502.245, 35
502.347, 35
502.448, 35
502.548, 35
502.65, 35
502.751, 35
502.855, 35
502.955, 35
503.057, 35
503.158, 35
503.259, 35
503.363, 35
503.464, 35
503.566, 35
503.666, 35
503.77, 35
503.874, 35
503.975, 35
504.076, 35
504.177, 35
504.278, 35
504.379, 35
504.481, 35
504.582, 35
504.683, 35
504.784, 35
504.888, 35
504.989, 35
505.09, 35
505.191, 35
505.293, 35
505.394, 35
505.495, 35
505.596, 35
505.697, 35
505.798, 35
505.9, 35
506.001, 35
506.102, 35
506.203, 35
506.304, 35
506.408, 35
506.509, 35
506.61, 35
506.711, 35
506.812, 35
506.914, 35
507.015, 35
507.116, 35
507.22, 35
507.321, 35
507.422, 35
507.526, 35
507.627, 35
507.731, 35
507.834, 35
507.936, 35
508.039, 35
508.14, 35
508.242, 35
508.344, 35
508.445, 35
508.548, 35
508.65, 35
508.751, 35
508.852, 35
508.954, 35
509.055, 35
509.159, 35
509.259, 35
509.36, 35
509.464, 35
509.565, 35
509.666, 35
509.767, 35
509.868, 35
509.972, 35
510.073, 35
510.174, 35
510.275, 35
510.377, 35
510.477, 35
510.579, 35
510.682, 35
510.784, 35
510.885, 35
510.986, 35
511.088, 35
511.189, 35
511.292, 35
511.394, 35
511.495, 35
511.596, 35
511.697, 35
511.798, 35
511.899, 35
512, 35
512.101, 35
512.202, 35
512.303, 35
512.405, 35
512.509, 35
512.609, 35
512.711, 35
512.812, 35
512.914, 35
513.015, 35
513.116, 35
513.217, 35
513.32, 35
513.422, 35
513.525, 35
513.627, 35
513.73, 35
513.832, 34
513.933, 34
514.034, 34
514.135, 34
514.236, 34
514.337, 34
514.438, 34
514.54, 34
514.641, 34
514.742, 34
514.843, 34
514.944, 34
515.045, 34
515.146, 34
515.247, 34
515.351, 34
515.452, 34
515.554, 34
515.658, 34
515.758, 34
515.86, 34
515.963, 34
516.064, 34
516.166, 34
516.267, 34
516.366, 34
516.468, 34
516.569, 34
516.67, 34
516.771, 34
516.872, 34
516.973, 34
517.077, 34
517.178, 34
517.282, 34
517.383, 34
517.486, 34
517.588, 34
517.691, 34
517.793, 34
517.894, 34
517.998, 34
518.099, 34
518.203, 34
518.304, 34
518.405, 34
518.509, 34
518.61, 34
518.71, 34
518.813, 34
518.917, 34
519.019, 34
519.122, 34
519.224, 34
519.325, 34
519.426, 34
519.527, 34
519.628, 34
519.729, 34
519.83, 34
519.932, 34
520.032, 34
520.134, 34
520.235, 34
520.336, 34
520.437, 34
520.541, 34
520.642, 34
520.743, 34
520.847, 34
520.948, 34
521.049, 34
521.15, 35
521.251, 35
521.356, 35
521.456, 35
521.558, 35
521.659, 35
521.76, 35
521.864, 35
521.965, 35
522.066, 35
522.167, 35
522.268, 35
522.372, 35
522.474, 35
522.574, 35
522.676, 35
522.777, 35
522.88, 35
522.981, 35
523.082, 35
523.184, 35
523.285, 35
523.389, 35
523.493, 35
523.593, 35
523.695, 35
523.796, 35
523.897, 35
523.999, 35
524.1, 35
524.203, 35
524.305, 35
524.406, 35
524.507, 35
524.608, 35
524.709, 35
524.81, 35
524.912, 35
525.015, 35
525.116, 35
525.22, 35
525.321, 35
525.423, 35
525.526, 35
525.628, 35
525.731, 35
525.833, 35
525.936, 35
526.038, 35
526.141, 35
526.242, 35
526.343, 35
526.445, 35
526.546, 35
526.65, 35
526.751, 35
526.852, 35
526.953, 35
527.054, 35
527.155, 35
527.256, 35
527.36, 35
527.462, 35
527.562, 35
527.664, 35
527.765, 35
527.866, 35
527.967, 35
528.071, 35
528.172, 35
528.273, 35
528.374, 35
528.475, 35
528.577, 35
528.678, 35
528.779, 35
528.883, 35
528.984, 35
529.088, 35
529.189, 35
529.29, 35
529.391, 35
529.492, 35
529.594, 35
529.694, 35
529.794, 35
529.898, 35
530.002, 35
530.103, 35
530.204, 35
530.306, 35
530.406, 35
530.51, 35
530.611, 34
530.713, 35
530.814, 34
530.915, 35
531.018, 35
531.12, 34
531.221, 35
531.323, 35
531.424, 35
531.528, 34
531.629, 35
531.733, 35
531.834, 35
531.938, 34
532.039, 35
532.14, 35
532.241, 34
532.342, 35
532.447, 34
532.547, 35
532.651, 35
532.752, 35
532.854, 35
532.954, 35
533.055, 35
533.157, 35
533.258, 35
533.359, 35
533.46, 35
533.564, 35
533.664, 35
533.766, 35
533.867, 35
533.968, 35
534.072, 35
534.173, 35
534.277, 35
534.378, 35
534.479, 35
534.58, 35
534.681, 35
534.782, 35
534.883, 35
534.984, 35
535.085, 35
535.187, 35
535.288, 35
535.389, 35
535.493, 35
535.595, 35
535.696, 35
535.797, 35
535.898, 35
535.999, 35
536.103, 35
536.207, 35
536.308, 35
536.409, 35
536.512, 35
536.614, 35
536.715, 35
536.816, 35
536.916, 35
537.019, 35
537.12, 35
537.221, 35
537.322, 35
537.423, 35
537.524, 35
537.628, 35
537.729, 35
537.833, 35
537.934, 35
538.035, 35
538.136, 35
538.237, 35
538.342, 35
538.444, 35
538.545, 35
538.649, 35
538.75, 35
538.851, 35
538.956, 35
539.056, 35
539.157, 35
539.259, 35
539.36, 35
539.461, 35
539.562, 35
539.663, 35
539.764, 35
539.865, 35
539.969, 35
540.068, 35
540.17, 35
540.271, 35
540.372, 35
540.473, 35
540.574, 35
540.675, 35
540.776, 35
540.877, 35
540.979, 35
541.08, 35
541.182, 35
541.284, 35
541.385, 35
541.489, 35
541.59, 35
541.691, 35
541.792, 35
541.894, 35
541.997, 35
542.099, 35
542.202, 35
542.304, 35
542.405, 35
542.506, 35
542.61, 35
542.711, 35
542.813, 35
542.914, 35
543.015, 35
543.118, 35
543.22, 35
543.321, 35
543.425, 35
543.526, 35
543.627, 35
543.728, 35
543.829, 35
543.93, 35
544.032, 35
544.132, 35
544.233, 35
544.335, 35
544.436, 35
544.537, 35
544.638, 35
544.739, 35
544.84, 35
544.942, 35
545.043, 35
545.144, 35
545.245, 35
545.346, 35
545.45, 35
545.552, 35
545.652, 35
545.753, 35
545.854, 35
545.955, 35
546.057, 35
546.158, 35
546.259, 35
546.361, 35
546.462, 35
546.563, 35
546.664, 35
546.765, 35
546.866, 35
546.97, 35
547.074, 35
547.175, 35
547.276, 35
547.377, 35
547.481, 35
547.582, 35
547.683, 35
547.784, 35
547.886, 35
547.987, 35
548.088, 35
548.192, 35
548.293, 35
548.395, 35
548.498, 35
548.599, 35
548.703, 35
548.804, 35
548.908, 35
549.01, 35
549.113, 35
549.214, 35
549.315, 35
549.416, 35
549.52, 35
549.622, 35
549.722, 35
549.823, 35
549.924, 35
550.025, 35
550.126, 35
550.227, 35
550.328, 35
550.43, 35
550.533, 35
550.635, 35
550.735, 35
550.837, 35
550.938, 35
551.039, 35
551.14, 35
551.241, 35
551.342, 35
551.444, 35
551.545, 35
551.648, 35
551.75, 35
551.854, 35
551.955, 35
552.059, 35
552.16, 35
552.264, 35
552.365, 35
552.466, 35
552.567, 35
552.668, 35
552.772, 35
552.873, 35
552.974, 35
553.075, 35
553.177, 35
553.278, 35
553.379, 35
553.483, 35
553.584, 35
553.688, 35
553.789, 35
553.891, 35
553.991, 35
554.093, 35
554.196, 35
554.298, 35
554.401, 35
554.503, 35
554.604, 35
554.705, 35
554.809, 35
554.913, 35
555.014, 35
555.118, 35
555.219, 35
555.32, 35
555.421, 35
555.522, 35
555.626, 35
555.727, 35
555.831, 34
555.932, 34
556.033, 35
556.134, 34
556.235, 34
556.336, 34
556.438, 34
556.539, 34
556.642, 34
556.743, 34
556.845, 34
556.946, 34
557.05, 34
557.151, 34
557.252, 34
557.354, 34
557.457, 34
557.561, 34
557.662, 34
557.763, 34
557.864, 34
557.964, 34
558.064, 34
558.165, 34
558.266, 34
558.367, 34
558.471, 34
558.572, 34
558.674, 34
558.775, 34
558.876, 34
558.977, 34
559.078, 34
559.179, 34
559.28, 34
559.381, 34
559.483, 34
559.586, 34
559.687, 34
559.791, 34
559.892, 34
559.994, 34
560.097, 34
560.198, 34
560.3, 34
560.401, 34
560.502, 34
560.606, 34
560.707, 34
560.808, 34
560.909, 34
561.013, 34
561.115, 34
561.219, 34
561.32, 34
561.424, 34
561.525, 34
561.626, 34
561.727, 34
561.828, 34
561.929, 34
562.03, 34
562.134, 34
562.235, 34
562.339, 34
562.44, 34
562.544, 34
562.645, 34
562.749, 34
562.85, 34
562.954, 34
563.055, 34
563.156, 34
563.257, 34
563.358, 34
563.459, 34
563.56, 34
563.664, 34
563.765, 34
563.866, 34
563.97, 34
564.071, 34
564.172, 34
564.273, 34
564.377, 34
564.478, 34
564.58, 34
564.684, 34
564.785, 34
564.886, 34
564.99, 34
565.091, 34
565.193, 34
565.294, 34
565.395, 34
565.496, 34
565.597, 34
565.701, 34
565.802, 34
565.904, 34
566.005, 34
566.106, 34
566.207, 34
566.309, 34
566.413, 34
566.514, 34
566.615, 34
566.716, 34
566.817, 34
566.921, 34
567.022, 34
567.123, 34
567.224, 34
567.328, 34
567.429, 34
567.533, 34
567.634, 34
567.735, 34
567.837, 34
567.941, 34
568.042, 34
568.146, 34
568.246, 34
568.348, 34
568.449, 34
568.55, 34
568.651, 34
568.752, 34
568.853, 34
568.954, 34
569.056, 34
569.159, 34
569.26, 34
569.362, 35
569.463, 35
569.564, 35
569.665, 35
569.766, 35
569.867, 35
569.971, 35
570.072, 35
570.173, 35
570.274, 35
570.375, 35
570.477, 35
570.578, 35
570.679, 35
570.78, 35
570.881, 35
570.985, 35
571.086, 35
571.187, 35
571.288, 35
571.389, 35
571.49, 35
571.591, 35
571.695, 35
571.796, 35
571.9, 35
572.001, 35
572.105, 35
572.206, 35
572.31, 35
572.411, 35
572.515, 35
572.616, 35
572.717, 35
572.818, 35
572.919, 35
573.023, 35
573.124, 35
573.228, 35
573.329, 35
573.433, 35
573.534, 35
573.636, 35
573.737, 35
573.837, 35
573.937, 35
574.038, 35
574.139, 35
574.24, 35
574.341, 35
574.445, 35
574.546, 35
574.647, 35
574.748, 35
574.85, 35
574.95, 35
575.051, 35
575.156, 35
575.256, 35
575.358, 35
575.459, 35
575.561, 35
575.664, 35
575.766, 35
575.869, 35
575.971, 35
576.072, 35
576.173, 35
576.274, 35
576.375, 35
576.477, 35
576.578, 35
576.682, 35
576.783, 35
576.884, 35
576.985, 35
577.087, 35
577.188, 35
577.289, 35
577.39, 35
577.494, 35
577.595, 35
577.696, 35
577.797, 35
577.899, 35
578, 35
578.101, 35
578.202, 35
578.303, 35
578.404, 35
578.505, 35
578.609, 35
578.71, 35
578.814, 35
578.915, 34
579.019, 35
579.12, 34
579.221, 34
579.322, 34
579.423, 34
579.527, 34
579.628, 34
579.729, 34
579.83, 34
579.931, 34
580.032, 34
580.136, 34
580.237, 34
580.338, 34
580.439, 34
580.541, 34
580.642, 34
580.745, 34
580.849, 34
580.95, 34
581.051, 34
581.155, 34
581.257, 34
581.358, 34
581.459, 34
581.56, 34
581.664, 34
581.765, 34
581.867, 34
581.97, 34
582.071, 34
582.173, 34
582.274, 34
582.375, 34
582.476, 34
582.577, 34
582.678, 34
582.779, 34
582.88, 34
582.982, 34
583.085, 34
583.187, 34
583.29, 34
583.392, 34
583.496, 34
583.597, 34
583.698, 34
583.8, 34
583.9, 34
584.001, 34
584.102, 34
584.207, 34
584.308, 34
584.412, 34
584.513, 34
584.614, 34
584.716, 34
584.816, 34
584.918, 34
585.019, 34
585.12, 34
585.221, 34
585.325, 34
585.426, 34
585.527, 34
585.627, 34
585.728, 34
585.829, 34
585.93, 34
586.031, 34
586.133, 34
586.234, 34
586.334, 34
586.436, 34
586.537, 34
586.638, 34
586.739, 34
586.84, 34
586.941, 34
587.042, 34
587.144, 34
587.245, 34
587.346, 34
587.447, 34
587.548, 34
587.649, 34
587.753, 34
587.854, 34
587.955, 34
588.056, 34
588.158, 34
588.261, 34
588.363, 34
588.465, 34
588.566, 34
588.667, 34
588.77, 34
588.872, 34
588.973, 34
589.074, 34
589.175, 34
589.279, 34
589.38, 34
589.481, 34
589.582, 34
589.683, 34
589.784, 34
589.886, 34
589.987, 34
590.091, 34
590.192, 34
590.296, 34
590.397, 34
590.498, 34
590.599, 34
590.701, 34
590.801, 34
590.903, 34
591.006, 34
591.11, 34
591.212, 34
591.313, 34
591.414, 34
591.515, 34
591.619, 34
591.72, 34
591.822, 34
591.923, 34
592.027, 34
592.128, 34
592.23, 34
592.333, 34
592.434, 34
592.538, 34
592.639, 34
592.743, 34
592.844, 34
592.945, 34
593.049, 34
593.15, 34
593.254, 34
593.355, 34
593.456, 34
593.558, 34
593.658, 35
593.76, 35
593.86, 35
593.964, 35
594.065, 35
594.167, 35
594.268, 35
594.369, 35
594.47, 35
594.571, 35
594.675, 35
594.776, 35
594.877, 35
594.981, 35
595.083, 35
595.184, 35
595.285, 35
595.386, 35
595.487, 35
595.588, 35
595.689, 35
595.793, 35
595.894, 35
595.995, 35
596.097, 35
596.198, 35
596.302, 35
596.403, 35
596.504, 35
596.608, 35
596.711, 35
596.812, 35
596.916, 35
597.019, 35
597.12, 35
597.221, 35
597.322, 35
597.423, 35
597.524, 35
597.625, 35
597.726, 35
597.827, 35
597.928, 35
598.029, 35
598.13, 35
598.234, 35
598.336, 35
598.439, 35
598.54, 35
598.642, 35
598.746, 35
598.847, 35
598.95, 35
599.052, 35
599.153, 35
599.254, 35
599.355, 35
599.456, 35
599.557, 35
599.661, 35
599.762, 35
599.866, 35
599.967, 35
600.071, 35
600.172, 35
600.273, 35
600.374, 35
600.476, 35
600.579, 35
600.68, 35
600.781, 35
600.882, 35
600.984, 35
601.085, 35
601.186, 35
601.29, 35
601.394, 35
601.495, 35
601.599, 35
601.7, 35
601.801, 35
601.905, 35
602.006, 35
602.108, 35
602.208, 35
602.31, 35
602.414, 35
602.515, 35
602.616, 35
602.717, 35
602.818, 35
602.922, 35
603.023, 35
603.124, 35
603.225, 35
603.326, 35
603.427, 35
603.528, 35
603.63, 35
603.731, 35
603.832, 35
603.936, 35
604.037, 35
604.141, 35
604.241, 35
604.343, 35
604.444, 35
604.545, 35
604.646, 35
604.747, 35
604.851, 35
604.952, 35
605.054, 35
605.157, 35
605.261, 35
605.362, 35
605.465, 35
605.567, 35
605.668, 35
605.769, 35
605.87, 35
605.974, 35
606.075, 35
606.179, 35
606.28, 35
606.381, 35
606.485, 35
606.589, 35
606.691, 35
606.794, 35
606.896, 35
606.997, 35
607.1, 35
607.202, 35
607.303, 35
607.404, 35
607.506, 35
607.61, 35
607.711, 35
607.812, 35
607.913, 35
608.014, 35
608.118, 35
608.219, 35
608.32, 35
608.422, 35
608.523, 35
608.624, 35
608.725, 35
608.826, 35
608.928, 35
609.029, 35
609.132, 35
609.234, 35
609.335, 35
609.436, 35
609.537, 35
609.638, 35
609.739, 35
609.839, 35
609.942, 35
610.046, 35
610.147, 35
610.251, 35
610.352, 35
610.453, 35
610.554, 35
610.656, 35
610.757, 35
610.858, 35
610.962, 35
611.063, 35
611.167, 35
611.268, 35
611.372, 35
611.473, 35
611.577, 35
611.678, 35
611.779, 35
611.88, 35
611.982, 35
612.085, 35
612.186, 35
612.29, 35
612.392, 35
612.492, 35
612.593, 35
612.694, 35
612.796, 35
612.897, 35
612.998, 35
613.099, 34
613.2, 34
613.301, 34
613.402, 34
613.506, 34
613.607, 34
613.708, 34
613.812, 34
613.913, 34
614.017, 34
614.118, 34
614.219, 34
614.321, 34
614.425, 34
614.524, 34
614.625, 34
614.726, 34
614.828, 34
614.929, 34
615.03, 34
615.131, 34
615.232, 34
615.333, 34
615.435, 34
615.536, 34
615.637, 34
615.738, 34
615.842, 34
615.943, 34
616.047, 34
616.147, 34
616.249, 34
616.35, 34
616.451, 34
616.555, 34
616.656, 34
616.757, 34
616.858, 34
616.962, 34
617.063, 34
617.166, 34
617.268, 34
617.369, 34
617.473, 34
617.575, 34
617.678, 34
617.779, 34
617.881, 34
617.985, 34
618.088, 34
618.189, 34
618.293, 34
618.394, 34
618.495, 34
618.596, 34
618.698, 34
618.799, 34
618.9, 34
619.001, 34
619.102, 34
619.206, 34
619.307, 34
619.411, 34
619.512, 34
619.613, 34
619.717, 34
619.818, 34
619.919, 34
620.02, 34
620.124, 34
620.226, 34
620.329, 34
620.43, 34
620.534, 34
620.636, 34
620.739, 34
620.841, 34
620.944, 34
621.046, 34
621.146, 34
621.248, 34
621.349, 34
621.451, 34
621.552, 34
621.653, 34
621.755, 34
621.856, 34
621.96, 34
622.061, 34
622.162, 34
622.263, 34
622.367, 34
622.468, 34
622.569, 34
622.673, 34
622.774, 34
622.875, 34
622.976, 34
623.077, 34
623.179, 34
623.28, 34
623.381, 34
623.482, 34
623.583, 34
623.684, 34
623.785, 34
623.887, 34
623.988, 34
624.092, 34
624.193, 34
624.294, 34
624.395, 34
624.496, 34
624.597, 34
624.698, 34
624.802, 34
624.903, 34
625.005, 34
625.106, 34
625.208, 34
625.309, 34
625.411, 34
625.511, 34
625.613, 34
625.716, 34
625.818, 34
625.921, 34
626.023, 34
626.123, 34
626.225, 34
626.326, 34
626.429, 34
626.531, 34
626.632, 34
626.733, 34
626.834, 34
626.935, 34
627.036, 34
627.137, 34
627.238, 34
627.34, 34
627.443, 34
627.544, 34
627.648, 34
627.749, 34
627.85, 34
627.951, 34
628.052, 34
628.154, 34
628.255, 34
628.358, 34
628.46, 34
628.563, 34
628.665, 34
628.766, 34
628.867, 34
628.968, 34
629.069, 34
629.17, 34
629.271, 34
629.375, 34
629.476, 34
629.58, 34
629.681, 34
629.783, 34
629.883, 34
629.984, 34
630.085, 34
630.187, 34
630.288, 34
630.389, 34
630.491, 34
630.595, 34
630.696, 34
630.797, 34
630.898, 34
630.999, 34
631.1, 34
631.201, 34
631.303, 34
631.407, 34
631.507, 34
631.611, 34
631.713, 34
631.816, 34
631.917, 34
632.021, 34
632.123, 34
632.224, 34
632.325, 34
632.429, 34
632.53, 34
632.634, 34
632.738, 34
632.839, 34
632.94, 34
633.041, 34
633.143, 34
633.246, 34
633.347, 34
633.451, 34
633.552, 34
633.656, 34
633.757, 34
633.859, 34
633.959, 34
634.061, 34
634.162, 34
634.266, 34
634.366, 34
634.468, 34
634.569, 34
634.672, 34
634.774, 34
634.875, 34
634.976, 34
635.077, 34
635.178, 34
635.279, 34
635.38, 34
635.484, 34
635.588, 34
635.689, 34
635.791, 34
635.891, 34
635.992, 34
636.096, 34
636.197, 34
636.301, 34
636.402, 34
636.506, 34
636.608, 34
636.711, 34
636.812, 34
636.916, 34
637.017, 34
637.118, 34
637.219, 34
637.321, 34
637.424, 34
637.525, 34
637.629, 34
637.731, 34
637.834, 34
637.935, 34
638.039, 34
638.141, 34
638.244, 34
638.345, 34
638.447, 34
638.547, 34
638.649, 34
638.753, 34
638.854, 34
638.957, 34
639.059, 34
639.16, 34
639.264, 34
639.365, 34
639.466, 34
639.567, 34
639.669, 34
639.772, 34
639.873, 34
639.975, 34
640.076, 34
640.177, 34
640.278, 34
640.382, 34
640.484, 34
640.584, 34
640.685, 34
640.786, 34
640.89, 34
640.992, 34
641.092, 34
641.194, 34
641.295, 34
641.396, 34
641.497, 34
641.598, 34
641.699, 34
641.8, 34
641.904, 34
642.005, 34
642.107, 34
642.207, 34
642.309, 34
642.41, 34
642.511, 34
642.612, 34
642.714, 34
642.815, 34
642.916, 34
643.017, 34
643.118, 34
643.222, 34
643.323, 34
643.425, 34
643.526, 34
643.627, 34
643.73, 34
643.832, 34
643.936, 34
644.036, 34
644.14, 34
644.242, 34
644.345, 34
644.447, 34
644.55, 34
644.652, 34
644.755, 34
644.857, 34
644.96, 34
645.061, 34
645.165, 34
645.266, 34
645.368, 34
645.469, 34
645.57, 34
645.671, 34
645.772, 34
645.873, 34
645.977, 34
646.078, 34
646.182, 34
646.283, 34
646.387, 34
646.488, 34
646.592, 34
646.693, 34
646.794, 34
646.896, 34
646.997, 34
647.099, 34
647.2, 34
647.301, 35
647.402, 35
647.506, 35
647.607, 35
647.708, 35
647.809, 35
647.913, 35
648.014, 35
648.114, 35
648.215, 35
648.317, 35
648.417, 35
648.521, 35
648.625, 35
648.726, 35
648.827, 35
648.931, 35
649.032, 35
649.133, 35
649.234, 35
649.335, 35
649.437, 35
649.538, 35
649.639, 35
649.741, 35
649.842, 35
649.943, 35
650.047, 35
650.148, 35
650.249, 35
650.351, 35
650.452, 35
650.553, 35
650.654, 35
650.755, 35
650.856, 35
650.958, 35
651.057, 35
651.161, 35
651.264, 35
651.366, 35
651.467, 35
651.571, 35
651.672, 35
651.773, 35
651.874, 35
651.977, 35
652.079, 35
652.18, 35
652.281, 35
652.382, 35
652.484, 35
652.585, 35
652.689, 35
652.79, 35
652.894, 35
652.995, 35
653.099, 35
653.2, 35
653.302, 35
653.403, 35
653.504, 35
653.605, 35
653.706, 35
653.808, 35
653.909, 35
654.01, 35
654.111, 35
654.213, 35
654.313, 35
654.415, 35
654.518, 35
654.62, 35
654.721, 35
654.825, 35
654.926, 35
655.026, 35
655.128, 35
655.229, 35
655.331, 35
655.432, 35
655.533, 35
655.637, 35
655.738, 35
655.839, 35
655.94, 35
656.041, 35
656.142, 35
656.246, 35
656.35, 35
656.451, 35
656.552, 35
656.653, 34
656.755, 35
656.858, 34
656.959, 34
657.061, 34
657.161, 34
657.263, 34
657.366, 34
657.467, 34
657.571, 34
657.672, 34
657.776, 34
657.876, 34
657.979, 34
658.081, 34
658.184, 34
658.285, 34
658.389, 34
658.494, 34
658.595, 34
658.699, 34
658.8, 34
658.901, 34
659.002, 34
659.103, 34
659.207, 34
659.308, 34
659.409, 34
659.51, 34
659.614, 34
659.715, 34
659.819, 34
659.92, 34
660.021, 34
660.122, 34
660.224, 34
660.325, 34
660.428, 34
660.53, 34
660.631, 34
660.732, 34
660.836, 34
660.937, 34
661.038, 34
661.139, 34
661.24, 34
661.341, 34
661.442, 34
661.543, 34
661.645, 34
661.746, 34
661.847, 34
661.949, 34
662.049, 34
662.151, 34
662.252, 34
662.353, 34
662.457, 34
662.558, 34
662.659, 34
662.76, 34
662.862, 34
662.963, 34
663.064, 34
663.165, 34
663.269, 34
663.37, 34
663.474, 34
663.575, 34
663.677, 34
663.778, 34
663.879, 34
663.98, 34
664.082, 34
664.183, 34
664.286, 34
664.388, 34
664.492, 34
664.593, 34
664.695, 34
664.799, 34
664.9, 34
665.004, 34
665.105, 34
665.209, 34
665.31, 34
665.411, 34
665.512, 34
665.613, 34
665.717, 34
665.818, 34
665.919, 34
666.02, 34
666.121, 34
666.222, 34
666.324, 34
666.425, 34
666.529, 34
666.63, 34
666.734, 34
666.835, 34
666.937, 34
667.037, 34
667.139, 34
667.24, 34
667.341, 34
667.442, 34
667.543, 34
667.644, 34
667.745, 34
667.849, 34
667.95, 34
668.052, 34
668.152, 34
668.254, 34
668.354, 34
668.456, 34
668.557, 34
668.658, 34
668.759, 34
668.861, 34
668.961, 34
669.062, 34
669.166, 34
669.268, 34
669.37, 34
669.472, 34
669.573, 34
669.677, 34
669.778, 34
669.879, 34
669.98, 34
670.082, 34
670.185, 34
670.286, 34
670.388, 34
670.488, 34
670.589, 34
670.693, 34
670.795, 34
670.895, 34
670.999, 34
671.1, 34
671.204, 34
671.305, 34
671.407, 34
671.508, 34
671.609, 34
671.71, 34
671.811, 34
671.915, 34
672.016, 34
672.12, 34
672.221, 34
672.325, 34
672.426, 34
672.527, 34
672.631, 34
672.732, 34
672.836, 34
672.938, 34
673.041, 34
673.142, 34
673.246, 34
673.347, 34
673.451, 34
673.552, 34
673.656, 34
673.757, 34
673.861, 34
673.962, 34
674.063, 34
674.164, 34
674.265, 34
674.369, 34
674.47, 34
674.571, 34
674.672, 34
674.774, 34
674.875, 34
674.976, 34
675.077, 34
675.178, 34
675.28, 34
675.38, 34
675.484, 34
675.585, 34
675.689, 34
675.79, 34
675.891, 34
675.993, 34
676.094, 34
676.195, 34
676.296, 34
676.4, 33
676.501, 33
676.604, 33
676.706, 33
676.809, 33
676.911, 33
677.014, 33
677.116, 33
677.217, 33
677.318, 33
677.419, 33
677.521, 33
677.624, 33
677.728, 33
677.829, 33
677.931, 33
678.031, 33
678.132, 33
678.236, 33
678.338, 33
678.441, 33
678.543, 33
678.646, 33
678.747, 33
678.851, 33
678.952, 33
679.056, 33
679.157, 33
679.261, 33
679.362, 33
679.463, 33
679.565, 33
679.667, 33
679.77, 33
679.871, 33
679.975, 33
680.076, 33
680.18, 33
680.282, 33
680.383, 33
680.484, 33
680.585, 33
680.687, 33
680.788, 33
680.889, 33
680.99, 33
681.091, 33
681.192, 33
681.296, 33
681.397, 33
681.498, 33
681.599, 33
681.7, 33
681.802, 33
681.903, 33
682.004, 33
682.105, 33
682.206, 33
682.308, 33
682.41, 33
682.511, 33
682.612, 33
682.713, 33
682.816, 33
682.918, 33
683.019, 33
683.12, 33
683.224, 33
683.325, 33
683.426, 33
683.527, 33
683.629, 33
683.732, 33
683.834, 33
683.935, 33
684.036, 33
684.137, 33
684.238, 33
684.339, 33
684.443, 33
684.544, 33
684.645, 33
684.746, 33
684.847, 33
684.948, 33
685.052, 33
685.154, 33
685.257, 33
685.358, 33
685.46, 33
685.561, 33
685.662, 33
685.763, 33
685.864, 33
685.968, 33
686.069, 33
686.173, 33
686.274, 33
686.375, 33
686.477, 33
686.58, 33
686.681, 33
686.782, 33
686.883, 33
686.985, 33
687.085, 33
687.187, 33
687.291, 33
687.392, 33
687.494, 33
687.595, 33
687.696, 33
687.797, 33
687.899, 33
687.999, 33
688.101, 33
688.204, 33
688.306, 33
688.407, 33
688.508, 33
688.609, 33
688.713, 33
688.814, 33
688.915, 33
689.016, 33
689.118, 33
689.221, 33
689.322, 33
689.423, 33
689.524, 33
689.626, 33
689.729, 33
689.83, 33
689.932, 33
690.033, 33
690.134, 33
690.235, 33
690.336, 33
690.44, 33
690.541, 33
690.644, 33
690.746, 33
690.847, 33
690.948, 33
691.049, 33
691.151, 33
691.251, 33
691.353, 33
691.454, 33
691.555, 33
691.659, 33
691.76, 33
691.861, 33
691.965, 33
692.066, 33
692.169, 33
692.271, 33
692.375, 33
692.476, 33
692.577, 33
692.678, 33
692.779, 33
692.883, 33
692.984, 33
693.088, 33
693.189, 33
693.29, 33
693.391, 33
693.493, 33
693.594, 33
693.695, 33
693.796, 33
693.898, 33
693.999, 33
694.099, 33
694.201, 33
694.305, 33
694.406, 33
694.507, 33
694.608, 33
694.709, 33
694.81, 33
694.911, 33
695.015, 33
695.116, 33
695.217, 33
695.318, 33
695.419, 33
695.523, 33
695.624, 33
695.728, 33
695.829, 33
695.93, 33
696.032, 33
696.133, 33
696.234, 33
696.338, 33
696.442, 33
696.543, 33
696.644, 33
696.745, 33
696.846, 33
696.95, 33
697.051, 33
697.155, 33
697.256, 33
697.36, 33
697.461, 33
697.565, 33
697.666, 33
697.77, 33
697.871, 33
697.972, 33
698.073, 33
698.174, 33
698.275, 33
698.374, 33
698.477, 33
698.577, 33
698.678, 33
698.78, 33
698.881, 33
698.982, 33
699.086, 33
699.187, 33
699.29, 33
699.392, 33
700.102, 33
700.203, 33
700.304, 33
700.405, 33
700.506, 33
700.607, 33
700.711, 33
700.812, 33
700.913, 33
701.014, 33
701.115, 33
701.216, 33
701.317, 33
701.419, 33
701.52, 33
701.621, 33
701.722, 33
701.823, 33
701.924, 33
702.025, 33
702.126, 33
702.227, 33
702.328, 33
702.432, 33
702.533, 33
702.634, 33
702.735, 33
702.836, 33
702.937, 33
703.038, 33
703.14, 33
703.241, 33
703.342, 33
703.443, 33
703.544, 33
703.648, 33
703.749, 33
703.85, 33
703.951, 33
704.052, 33
704.153, 33
704.254, 33
704.358, 33
704.459, 33
704.563, 33
704.664, 33
704.765, 33
704.866, 33
704.967, 33
705.068, 33
705.172, 33
705.273, 33
705.374, 33
705.475, 32
705.577, 32
705.68, 33
705.781, 33
705.882, 32
705.983, 33
706.085, 32
706.186, 32
706.287, 33
706.391, 32
706.491, 33
706.593, 33
706.694, 33
706.795, 32
706.899, 32
707, 33
707.101, 33
707.202, 33
707.303, 33
707.404, 32
707.505, 32
707.606, 32
707.707, 32
707.811, 32
707.912, 32
708.013, 33
708.114, 33
708.215, 33
708.316, 32
708.418, 33
708.521, 32
708.622, 32
708.723, 32
708.824, 33
708.926, 33
709.027, 32
709.128, 33
709.229, 32
709.33, 32
709.431, 32
709.532, 32
709.633, 32
709.734, 32
709.835, 33
709.937, 33
710.037, 32
710.139, 32
710.242, 32
710.343, 32
710.445, 32
710.545, 32
710.647, 32
710.751, 32
710.851, 32
710.953, 32
711.054, 32
711.155, 32
711.256, 32
711.357, 32
711.458, 32
711.559, 32
711.663, 33
711.764, 32
711.865, 32
711.966, 32
712.067, 32
712.168, 32
712.269, 32
712.373, 32
712.474, 32
712.575, 32
712.676, 32
712.777, 32
712.879, 32
712.98, 32
713.081, 32
713.182, 32
713.283, 32
713.384, 32
713.485, 32
713.586, 32
713.687, 32
713.788, 32
713.889, 32
713.991, 32
714.094, 32
714.195, 32
714.299, 32
714.4, 32
714.501, 32
714.602, 32
714.703, 32
714.804, 32
714.905, 32
715.007, 32
715.108, 32
715.209, 32
715.313, 32
715.413, 32
715.515, 32
715.616, 32
715.719, 32
715.821, 32
715.922, 32
716.023, 32
716.124, 32
716.228, 32
716.331, 32
716.433, 32
716.534, 32
716.635, 32
716.736, 32
716.837, 32
716.938, 32
717.039, 32
717.14, 32
717.241, 32
717.342, 32
717.443, 32
717.547, 32
717.648, 32
717.749, 32
717.85, 32
717.951, 32
718.053, 32
718.154, 32
718.257, 32
718.358, 32
718.46, 32
718.561, 32
718.662, 32
718.763, 32
718.864, 32
718.965, 32
719.066, 32
719.17, 32
719.271, 32
719.372, 32
719.473, 32
719.574, 32
719.675, 32
719.776, 32
719.877, 32
719.979, 32
720.08, 32
720.183, 32
720.284, 32
720.386, 32
720.487, 32
720.588, 32
720.689, 32
720.79, 32
720.891, 32
720.992, 32
721.093, 32
721.194, 32
721.295, 32
721.399, 32
721.5, 32
721.601, 32
721.702, 32
721.803, 32
721.904, 32
722.006, 32
722.109, 32
722.21, 32
722.311, 32
722.412, 32
722.514, 32
722.615, 32
722.716, 32
722.82, 32
722.92, 32
723.022, 32
723.123, 32
723.224, 32
723.325, 32
723.426, 32
723.53, 32
723.631, 32
723.732, 32
723.833, 32
723.934, 32
724.038, 32
724.142, 32
724.243, 32
724.347, 32
724.448, 32
724.549, 32
724.65, 32
724.754, 32
724.855, 32
724.956, 32
725.057, 32
725.158, 32
725.259, 32
725.36, 32
725.461, 32
725.562, 32
725.663, 32
725.764, 32
725.865, 32
725.967, 32
726.068, 32
726.169, 32
726.272, 32
726.373, 32
726.477, 32
726.578, 32
726.68, 32
726.781, 32
726.882, 32
726.983, 32
727.084, 32
727.185, 32
727.286, 32
727.387, 32
727.488, 32
727.589, 32
727.693, 32
727.794, 32
727.895, 32
727.997, 32
728.097, 32
728.198, 32
728.3, 32
728.401, 32
728.502, 32
728.606, 32
728.707, 32
728.808, 32
728.909, 32
729.01, 32
729.111, 32
729.212, 32
729.313, 32
729.414, 32
729.515, 32
729.619, 32
729.72, 32
729.821, 32
729.922, 32
730.023, 32
730.124, 32
730.226, 32
730.329, 32
730.43, 32
730.532, 32
730.633, 32
730.733, 32
730.835, 32
730.936, 32
731.037, 32
731.138, 32
731.239, 32
731.34, 32
731.441, 32
731.545, 32
731.646, 32
731.747, 32
731.848, 32
731.949, 32
732.05, 32
732.151, 32
732.255, 32
732.356, 32
732.457, 32
732.559, 32
732.659, 32
732.761, 32
732.862, 32
732.963, 32
733.064, 32
733.165, 32
733.266, 32
733.367, 32
733.471, 32
733.572, 32
733.673, 32
733.774, 32
733.875, 32
733.976, 32
734.077, 32
734.179, 32
734.279, 32
734.38, 32
734.484, 32
734.585, 32
734.687, 32
734.787, 32
734.889, 32
734.99, 32
735.091, 32
735.192, 32
735.293, 32
735.397, 32
735.498, 32
735.599, 32
735.7, 32
735.801, 32
735.902, 32
736.003, 32
736.104, 32
736.205, 32
736.309, 32
736.41, 32
736.511, 32
736.612, 32
736.713, 32
736.814, 32
736.916, 32
737.017, 32
737.118, 32
737.219, 32
737.32, 32
737.421, 32
737.522, 32
737.623, 32
737.724, 32
737.828, 32
737.929, 32
738.03, 32
738.131, 32
738.232, 32
738.336, 32
738.437, 32
738.539, 32
738.639, 32
738.74, 32
738.842, 32
738.943, 32
739.044, 32
739.145, 32
739.249, 32
739.35, 32
739.451, 32
739.552, 32
739.653, 32
739.754, 33
739.855, 32
739.956, 32
740.057, 32
740.161, 32
740.262, 32
740.363, 32
740.464, 33
740.565, 32
740.666, 32
740.767, 32
740.868, 33
740.97, 32
741.071, 32
741.172, 32
741.273, 32
741.374, 32
741.475, 33
741.576, 33
741.68, 33
741.781, 32
741.885, 32
741.986, 32
742.087, 32
742.188, 32
742.289, 32
742.39, 32
742.491, 32
742.592, 32
742.693, 32
742.794, 32
742.895, 32
742.997, 33
743.1, 32
743.201, 33
743.303, 32
743.404, 32
743.505, 32
743.606, 33
743.707, 33
743.808, 32
743.909, 33
744.013, 33
744.114, 32
744.215, 32
744.316, 32
744.417, 32
744.518, 33
744.619, 33
744.72, 32
744.821, 32
744.923, 32
745.024, 32
745.125, 33
745.226, 32
745.33, 32
745.431, 33
745.532, 32
745.633, 33
745.734, 33
745.835, 32
745.936, 32
746.04, 33
746.141, 32
746.242, 33
746.343, 33
746.444, 32
746.545, 32
746.646, 32
746.747, 32
746.849, 33
746.952, 32
747.053, 33
747.154, 33
747.256, 33
747.357, 33
747.458, 33
747.559, 33
747.663, 32
747.764, 33
747.865, 33
747.966, 32
748.067, 32
748.168, 32
748.269, 33
748.37, 33
748.471, 32
748.572, 33
748.673, 32
748.774, 33
748.878, 32
748.979, 32
749.08, 33
749.181, 33
749.282, 32
749.384, 33
749.485, 32
749.589, 33
749.69, 32
749.791, 33
749.892, 32
749.993, 32
750.094, 32
750.195, 32
750.296, 33
750.397, 33
750.498, 33
750.599, 33
750.7, 33
750.804, 33
750.905, 33
751.006, 33
751.107, 33
751.208, 32
751.31, 32
751.411, 33
751.514, 33
751.615, 33
751.717, 33
751.818, 33
751.919, 33
752.02, 33
752.121, 33
752.222, 33
752.323, 33
752.424, 33
752.525, 33
752.626, 33
752.73, 33
752.831, 32
752.932, 33
753.033, 33
753.134, 32
753.236, 33
753.337, 33
753.438, 33
753.539, 33
753.64, 33
753.744, 33
753.845, 33
753.946, 33
754.047, 33
754.148, 33
754.249, 33
754.35, 33
754.451, 33
754.552, 33
754.656, 33
754.757, 33
754.858, 33
754.959, 33
755.06, 33
755.161, 33
755.263, 33
755.364, 33
755.465, 33
755.569, 33
755.67, 33
755.771, 33
755.872, 33
755.973, 33
756.074, 33
756.175, 33
756.276, 33
756.377, 33
756.478, 33
756.579, 33
756.68, 33
756.781, 33
756.882, 33
756.984, 33
757.087, 33
757.188, 33
757.292, 33
757.393, 33
757.494, 33
757.595, 33
757.696, 33
757.798, 33
757.899, 33
758, 33
758.101, 33
758.205, 33
758.306, 33
758.409, 33
758.511, 33
758.612, 33
758.713, 33
758.814, 33
758.915, 33
759.016, 33
759.12, 33
759.221, 33
759.322, 33
759.423, 33
759.524, 33
759.625, 33
759.726, 33
759.83, 33
759.931, 33
760.032, 33
760.133, 33
760.234, 33
760.335, 33
760.437, 33
760.54, 33
760.641, 33
760.745, 33
760.846, 33
760.947, 33
761.048, 33
761.149, 33
761.251, 33
761.352, 33
761.453, 33
761.554, 33
761.655, 33
761.756, 33
761.857, 33
761.961, 33
762.062, 33
