time,torque
0.405, 0
0.509, 0
0.618, 0
0.725, 0
0.834, 0
0.941, 0
1.047, 0
1.159, 0
1.268, 0
1.378, 0
1.487, 0
1.596, 0
1.703, 0
1.812, 0
1.921, 0
2.03, 0
2.137, 0
2.246, 0
2.355, 0
2.465, 0
2.571, 0
2.675, 0
2.784, 0
2.891, 0
3, 0
3.109, 0
3.218, 0
3.328, 0
3.434, 0
3.541, 0
3.647, 0
3.756, 0
3.866, 0
3.972, 0
4.082, 0
4.191, 0
4.297, 0
4.404, 0
4.51, 0
4.62, 0
4.729, 0
4.835, 0
4.945, 0
5.054, 0
5.163, 0
5.272, 0
5.382, 0
5.488, 0
5.597, 0
5.707, 0
5.813, 0
5.925, 0
6.032, 0
6.141, 0
6.25, 0
6.357, 0
6.463, 0
6.57, 0
6.676, 0
6.785, 0
6.895, 0
7.004, 0
7.113, 0
7.223, 0
7.326, 0
7.436, 0
7.542, 0
7.651, 0
7.758, 0
7.865, 0
7.976, 0
8.086, 0
8.192, 0
8.299, 0
8.408, 0
8.512, 0
8.621, 0
8.73, 0
8.837, 0
8.943, 0
9.053, 0
9.162, 0
9.268, 0
9.375, 0
9.484, 0
9.593, 0
9.7, 0
9.806, 0
9.913, 0
10.022, 0
10.129, 0
10.238, 0
10.347, 0
10.456, 0
10.563, 0
10.667, 0
10.776, 0
10.88, 0
10.986, 0
11.093, 0
11.199, 0
11.308, 0
11.415, 0
11.522, 0
11.631, 0
11.74, 0
11.849, 0
11.958, 0
12.062, 0
12.172, 0
12.278, 0
12.387, 0
12.494, 0
12.601, 0
12.712, 0
12.822, 0
12.931, 0
13.04, 0
13.149, 0
13.256, 0
13.365, 0
13.474, 0
13.584, 0
13.69, 0
13.799, 0
13.909, 0
14.018, 0
14.124, 0
14.228, 0
14.337, 0
14.444, 0
14.553, 0
14.662, 0
14.772, 0
14.881, 0
14.987, 0
15.094, 0
15.2, 0
15.31, 0
15.419, 0
15.526, 0
15.635, 0
15.744, 0
15.85, 0
15.957, 0
16.064, 0
16.173, 0
16.282, 0
16.389, 0
16.498, 0
16.607, 0
16.716, 0
16.826, 0
16.935, 0
17.041, 0
17.151, 0
17.26, 0
17.367, 0
17.478, 0
17.585, 0
17.694, 0
17.804, 0
17.91, 0
18.016, 0
18.123, 0
18.23, 0
18.339, 0
18.448, 0
18.557, 0
18.666, 0
18.776, 0
18.879, 0
18.989, 0
19.095, 0
19.205, 0
19.311, 0
19.418, 0
19.53, 0
19.639, 0
19.745, 0
19.852, 0
19.961, 0
20.068, 0
20.174, 0
20.283, 0
20.393, 0
20.502, 0
20.611, 0
20.72, 0
20.83, 0
20.936, 0
21.045, 0
21.155, 0
21.264, 0
21.373, 0
21.48, 0
21.589, 0
21.698, 0
21.805, 0
21.908, 0
22.018, 0
22.124, 0
22.233, 0
22.343, 0
22.452, 0
22.561, 0
22.668, 0
22.774, 0
22.881, 0
22.99, 0
23.099, 0
23.206, 0
23.315, 0
23.424, 0
23.531, 0
23.638, 0
23.744, 0
23.853, 0
23.96, 0
24.069, 0
24.178, 0
24.287, 0
24.397, 0
24.506, 0
24.615, 0
24.724, 0
24.831, 0
24.94, 0
25.049, 0
25.159, 0
25.265, 0
25.374, 0
25.484, 0
25.593, 0
25.697, 0
25.803, 0
25.912, 0
26.019, 0
26.128, 0
26.235, 0
26.347, 0
26.456, 0
26.563, 0
26.669, 0
26.776, 0
26.885, 0
26.994, 0
27.101, 0
27.21, 0
27.319, 0
27.428, 0
27.538, 0
27.647, 0
27.753, 0
27.863, 0
27.972, 0
28.079, 0
28.182, 0
28.291, 0
28.401, 0
28.51, 0
28.617, 0
28.726, 0
28.835, 0
28.942, 0
29.051, 0
29.16, 0
29.269, 0
29.378, 0
29.485, 0
29.591, 0
29.701, 0
29.81, 0
29.919, 0
30.023, 0
30.132, 0
30.242, 0
30.348, 0
30.455, 0
30.561, 0
30.668, 0
30.777, 0
30.886, 0
30.995, 0
31.105, 0
31.214, 0
31.318, 0
31.427, 0
31.534, 0
31.643, 0
31.749, 0
31.856, 0
31.968, 0
32.077, 0
32.186, 0
32.295, 0
32.405, 0
32.511, 0
32.62, 0
32.73, 0
32.839, 0
32.946, 0
33.055, 0
33.164, 0
33.273, 0
33.38, 0
33.483, 0
33.593, 0
33.699, 0
33.809, 0
33.918, 0
34.025, 0
34.136, 0
34.243, 0
34.347, 0
34.456, 0
34.562, 0
34.672, 0
34.781, 0
34.89, 0
34.999, 0
35.106, 0
35.212, 0
35.322, 0
35.426, 0
35.535, 0
35.644, 0
35.753, 0
35.862, 0
35.972, 0
36.081, 0
36.19, 0
36.297, 0
36.406, 0
36.515, 0
36.622, 0
36.734, 0
36.84, 0
36.949, 0
37.059, 0
37.166, 0
37.272, 0
37.378, 0
37.485, 0
37.594, 0
37.703, 0
37.813, 0
37.922, 0
38.031, 0
38.135, 0
38.244, 0
38.351, 0
38.46, 0
38.567, 0
38.673, 0
38.785, 0
38.894, 0
39.001, 0
39.107, 0
39.216, 0
39.32, 0
39.429, 0
39.539, 0
39.648, 0
39.757, 0
39.866, 0
39.976, 0
40.085, 0
40.191, 0
40.301, 0
40.41, 0
40.519, 0
40.629, 0
40.735, 0
40.844, 0
40.954, 0
41.06, 0
41.164, 0
41.273, 0
41.38, 0
41.489, 0
41.598, 0
41.707, 0
41.817, 0
41.923, 0
42.03, 0
42.136, 0
42.245, 0
42.355, 0
42.461, 0
42.57, 0
42.68, 0
42.786, 0
42.893, 0
43.002, 0
43.108, 0
43.215, 0
43.324, 0
43.434, 0
43.543, 0
43.652, 0
43.761, 0
43.871, 0
43.98, 0
44.086, 0
44.196, 0
44.305, 0
44.414, 0
44.52, 0
44.63, 0
44.739, 0
44.848, 0
44.952, 0
45.059, 0
45.168, 0
45.275, 0
45.384, 0
45.49, 0
45.602, 0
45.711, 0
45.818, 0
45.924, 0
46.031, 0
46.141, 0
46.249, 0
46.356, 0
46.465, 0
46.574, 0
46.681, 0
46.787, 0
46.894, 0
47.003, 0
47.113, 0
47.219, 0
47.328, 0
47.438, 0
47.547, 0
47.656, 0
47.765, 0
47.872, 0
47.981, 0
48.09, 0
48.2, 0
48.309, 0
48.415, 0
48.525, 0
48.634, 0
48.74, 0
48.844, 0
48.953, 0
49.06, 0
49.167, 0
49.279, 0
49.388, 0
49.497, 0
49.604, 0
49.71, 0
49.817, 0
49.923, 0
50.032, 0
50.142, 0
50.251, 0
50.36, 0
50.469, 0
50.573, 0
50.682, 0
50.789, 0
50.895, 0
51.005, 0
51.111, 0
51.223, 0
51.332, 0
51.442, 0
51.551, 0
51.66, 0
51.767, 0
51.876, 0
51.985, 0
52.094, 0
52.201, 0
52.31, 0
52.419, 0
52.529, 0
52.635, 0
52.739, 0
52.848, 0
52.955, 0
53.064, 0
53.173, 0
53.28, 0
53.392, 0
53.498, 0
53.602, 0
53.711, 0
53.82, 24
53.929, 18
54.038, 11
54.145, 17
54.257, 19
54.366, 19
54.475, 20
54.585, 20
54.694, 22
54.801, 23
54.892, 23
55.001, 23
55.107, 23
55.216, 23
55.328, 23
55.438, 23
55.547, 23
55.656, 22
55.766, 21
55.875, 20
55.984, 19
56.094, 17
56.203, 17
56.312, 16
56.418, 16
56.527, 17
56.634, 18
56.743, 20
56.85, 21
56.954, 25
57.063, 34
57.17, 38
57.279, 41
57.389, 42
57.498, 43
57.607, 43
57.717, 43
57.826, 43
57.935, 43
58.044, 43
58.154, 43
58.264, 43
58.37, 45
58.474, 48
58.581, 51
58.69, 53
58.797, 56
58.903, 61
59.012, 65
59.122, 68
59.232, 60
59.341, 42
59.45, 41
59.559, 30
59.669, 25
59.778, 23
59.887, 21
59.994, 21
60.104, 9
60.213, 1
60.317, 65535
60.424, 65535
60.53, 0
60.642, 24
60.748, 34
60.858, 42
60.965, 48
61.069, 54
61.175, 39
61.282, 13
61.392, 2
61.499, 0
61.608, 65535
61.715, 17
61.824, 31
61.933, 39
62.043, 44
62.146, 46
62.256, 48
62.365, 26
62.472, 7
62.581, 0
62.687, 65535
62.797, 0
62.904, 30
63.013, 46
63.12, 63
63.229, 71
63.338, 74
63.448, 74
63.552, 40
63.658, 12
63.765, 2
63.871, 0
63.981, 65535
64.087, 17
64.196, 56
64.303, 73
64.409, 79
64.519, 81
64.626, 79
64.732, 33
64.839, 10
64.945, 1
65.055, 65535
65.164, 65535
65.27, 24
65.375, 58
65.487, 72
65.596, 76
65.703, 77
65.815, 67
65.924, 21
66.034, 5
66.14, 0
66.244, 65535
66.353, 65535
66.457, 65535
66.564, 65535
66.673, 4
66.78, 14
66.886, 10
66.993, 18
67.103, 26
67.209, 8
67.316, 1
67.425, 65535
67.534, 65535
67.64, 65535
67.75, 65535
67.854, 65535
67.96, 13
68.067, 33
68.173, 37
68.283, 38
68.393, 39
68.499, 46
68.608, 61
68.718, 73
68.826, 78
68.933, 81
69.037, 82
69.146, 83
69.258, 82
69.368, 80
69.477, 80
69.586, 79
69.693, 79
69.799, 79
69.909, 79
70.019, 79
70.128, 77
70.237, 77
70.347, 80
70.456, 90
70.563, 100
70.672, 100
70.779, 100
70.888, 100
70.997, 98
71.106, 95
71.216, 85
71.325, 75
71.432, 65
71.539, 56
71.649, 47
71.758, 39
71.869, 32
71.979, 28
72.085, 23
72.195, 20
72.304, 19
72.413, 16
72.522, 16
72.632, 13
72.743, 12
72.853, 13
72.962, 12
73.074, 13
73.18, 13
73.271, 12
73.377, 13
73.484, 11
73.593, 12
73.702, 13
73.812, 15
73.918, 15
74.022, 14
74.131, 14
74.241, 15
74.347, 14
74.454, 15
74.564, 13
74.675, 14
74.786, 14
74.895, 14
75.004, 14
75.113, 14
75.223, 14
75.329, 15
75.441, 15
75.545, 14
75.651, 14
75.758, 14
75.868, 14
75.977, 14
76.081, 14
76.188, 13
76.3, 14
76.407, 14
76.518, 15
76.625, 14
76.737, 13
76.846, 13
76.95, 13
77.056, 13
77.166, 14
77.278, 13
77.384, 13
77.489, 13
77.595, 13
77.701, 13
77.792, 13
77.898, 14
78.008, 13
78.114, 12
78.223, 13
78.33, 13
78.44, 13
78.546, 13
78.652, 13
78.745, 14
78.857, 14
78.964, 14
79.07, 15
79.18, 14
79.286, 14
79.39, 14
79.499, 15
79.611, 13
79.72, 14
79.827, 13
79.936, 13
80.048, 13
80.157, 12
80.267, 11
80.376, 11
80.485, 10
80.595, 11
80.698, 13
80.808, 13
80.915, 13
81.021, 14
81.127, 14
81.234, 13
81.344, 14
81.453, 15
81.562, 15
81.669, 15
81.778, 14
81.869, 14
81.978, 13
82.085, 12
82.194, 6
82.301, 0
82.407, 65535
82.513, 65535
82.62, 65535
82.727, 65535
82.836, 65535
82.943, 65535
83.055, 65535
83.162, 65535
83.273, 65535
83.383, 65535
83.492, 65535
83.598, 65535
83.708, 65535
83.82, 65535
83.929, 65535
84.038, 65535
84.15, 65535
84.257, 65535
84.363, 65535
84.467, 0
84.576, 15
84.684, 25
84.793, 35
84.904, 47
84.995, 54
85.101, 62
85.192, 66
85.298, 65
85.41, 64
85.517, 60
85.629, 50
85.735, 46
85.842, 44
85.951, 43
86.06, 40
86.169, 37
86.276, 34
86.388, 30
86.5, 28
86.612, 26
86.719, 23
86.825, 21
86.932, 21
87.023, 20
87.129, 21
87.241, 23
87.347, 24
87.456, 24
87.563, 25
87.672, 25
87.779, 25
87.888, 23
87.981, 24
88.09, 23
88.2, 20
88.292, 19
88.402, 20
88.511, 18
88.623, 17
88.732, 17
88.842, 17
88.953, 17
89.061, 16
89.167, 16
89.274, 15
89.383, 16
89.493, 16
89.605, 15
89.712, 16
89.823, 16
89.933, 16
90.042, 16
90.154, 15
90.263, 15
90.369, 14
90.476, 14
90.58, 13
90.687, 13
90.791, 12
90.9, 12
91.006, 12
91.115, 11
91.225, 11
91.337, 11
91.449, 12
91.556, 12
91.662, 11
91.769, 12
91.878, 13
91.984, 13
92.094, 13
92.204, 12
92.313, 12
92.422, 13
92.529, 14
92.639, 13
92.75, 13
92.859, 14
92.969, 15
93.078, 13
93.184, 13
93.288, 13
93.398, 100
93.507, 100
93.614, 100
93.72, 60
93.832, 64
93.941, 76
94.048, 90
94.157, 100
94.266, 100
94.374, 100
94.483, 100
94.589, 100
94.693, 100
94.802, 100
94.916, 100
95.023, 100
95.133, 100
95.239, 100
95.348, 99
95.455, 99
95.564, 99
95.671, 100
95.783, 100
95.894, 100
96.004, 100
96.111, 100
96.221, 100
96.329, 100
96.436, 93
96.54, 36
96.646, 11
96.753, 7
96.867, 20
96.977, 30
97.089, 37
97.196, 44
97.302, 47
97.409, 44
97.518, 39
97.628, 35
97.736, 32
97.846, 30
97.952, 29
98.062, 34
98.172, 41
98.281, 49
98.39, 58
98.494, 66
98.601, 70
98.707, 73
98.814, 82
98.92, 87
99.027, 90
99.134, 92
99.243, 94
99.352, 95
99.459, 97
99.57, 99
99.68, 100
99.79, 100
99.899, 100
100.011, 100
100.118, 100
100.227, 100
100.336, 100
100.443, 87
100.555, 29
100.661, 8
100.768, 1
100.872, 0
100.979, 65535
101.087, 65535
101.194, 65535
101.303, 65535
101.41, 65535
101.517, 65535
101.623, 65535
101.735, 65535
101.842, 65535
101.946, 65535
102.054, 65535
102.145, 65535
102.251, 65535
102.36, 65535
102.467, 65535
102.576, 65535
102.683, 65535
102.774, 65535
102.88, 65535
102.986, 65535
103.077, 65535
103.183, 65535
103.29, 65535
103.396, 65535
103.503, 65535
103.612, 65535
103.716, 65535
103.819, 65535
103.929, 65535
104.035, 65535
104.126, 65535
104.237, 65535
104.344, 65535
104.456, 65535
104.568, 65535
104.68, 65535
104.789, 65535
104.901, 65535
105.01, 65535
105.117, 65535
105.226, 65535
105.333, 65535
105.44, 65535
105.549, 65535
105.658, 65535
105.762, 0
105.869, 11
105.976, 14
106.082, 18
106.188, 19
106.298, 23
106.407, 25
106.517, 17
106.623, 9
106.727, 4
106.833, 0
106.943, 0
107.052, 65535
107.162, 65535
107.27, 65535
107.381, 6
107.49, 14
107.599, 24
107.705, 29
107.815, 33
107.922, 38
108.031, 41
108.138, 44
108.242, 48
108.351, 51
108.444, 52
108.553, 55
108.66, 58
108.769, 69
108.88, 74
108.986, 81
109.098, 85
109.208, 85
109.317, 85
109.426, 89
109.535, 92
109.645, 93
109.751, 96
109.86, 99
109.968, 76
110.077, 27
110.183, 7
110.293, 0
110.399, 0
110.506, 65535
110.618, 65535
110.727, 65535
110.836, 65535
110.943, 65535
111.049, 65535
111.158, 65535
111.268, 65535
111.377, 65535
111.481, 65535
111.588, 65535
111.697, 65535
111.806, 65535
111.918, 65535
112.025, 65535
112.134, 65535
112.241, 65535
112.35, 65535
112.459, 65535
112.569, 65535
112.672, 65535
112.779, 65535
112.888, 65535
112.979, 65535
113.082, 65535
113.191, 0
113.295, 12
113.404, 21
113.514, 29
113.623, 36
113.727, 45
113.836, 58
113.943, 68
114.044, 73
114.137, 78
114.241, 81
114.348, 82
114.457, 88
114.563, 93
114.673, 100
114.785, 100
114.896, 100
115.008, 100
115.118, 100
115.222, 100
115.334, 100
115.437, 100
115.547, 100
115.656, 100
115.765, 100
115.875, 100
115.979, 100
116.086, 100
116.198, 100
116.307, 100
116.413, 100
116.526, 100
116.632, 100
116.744, 100
116.851, 100
116.963, 100
117.075, 100
117.183, 100
117.274, 100
117.383, 100
117.493, 100
117.602, 100
117.709, 100
117.818, 100
117.909, 100
118.016, 100
118.125, 100
118.234, 100
118.341, 100
118.448, 100
118.554, 100
118.661, 100
118.772, 100
118.884, 100
118.996, 100
119.106, 100
119.212, 100
119.316, 100
119.425, 100
119.532, 100
119.641, 100
119.751, 100
119.858, 100
119.97, 100
120.079, 100
120.189, 100
120.295, 100
120.404, 100
120.511, 100
120.621, 93
120.727, 88
120.841, 82
120.951, 78
121.06, 77
121.169, 76
121.276, 77
121.383, 80
121.489, 86
121.596, 93
121.7, 99
121.806, 100
121.916, 100
122.025, 100
122.135, 100
122.243, 100
122.353, 100
122.462, 100
122.566, 100
122.675, 100
122.785, 100
122.891, 100
122.998, 100
123.11, 100
123.219, 100
123.329, 100
123.438, 100
123.541, 100
123.651, 100
123.762, 100
123.872, 100
123.978, 100
124.085, 100
124.194, 100
124.304, 100
124.41, 100
124.514, 100
124.623, 100
124.733, 100
124.842, 100
124.954, 100
125.06, 100
125.17, 100
125.273, 100
125.38, 100
125.489, 100
125.597, 100
125.708, 100
125.815, 100
125.921, 100
126.028, 100
126.14, 100
126.246, 100
126.353, 100
126.465, 100
126.577, 100
126.686, 100
126.793, 100
126.907, 100
127.017, 100
127.126, 100
127.233, 100
127.339, 100
127.449, 100
127.561, 100
127.67, 100
127.777, 100
127.884, 100
127.995, 100
128.105, 100
128.214, 100
128.32, 100
128.43, 100
128.54, 94
128.646, 71
128.756, 54
128.865, 48
128.974, 46
129.086, 43
129.195, 42
129.305, 40
129.414, 39
129.52, 39
129.627, 40
129.737, 41
129.844, 43
129.956, 43
130.065, 42
130.174, 43
130.283, 43
130.39, 42
130.499, 42
130.606, 45
130.716, 49
130.824, 53
130.934, 49
131.04, 50
131.152, 48
131.264, 50
131.373, 58
131.48, 63
131.589, 66
131.698, 67
131.805, 67
131.909, 67
132.019, 66
132.13, 63
132.24, 58
132.349, 56
132.458, 56
132.565, 59
132.677, 63
132.786, 65
132.893, 67
132.999, 49
133.106, 16
133.215, 3
133.325, 0
133.431, 65535
133.541, 65535
133.65, 65535
133.757, 65535
133.863, 65535
133.973, 65535
134.085, 65535
134.194, 65535
134.303, 65535
134.412, 65535
134.522, 65535
134.634, 65535
134.743, 65535
134.858, 65535
134.967, 65535
135.076, 65535
135.186, 65535
135.295, 65535
135.402, 65535
135.508, 65535
135.615, 65535
135.727, 65535
135.833, 65535
135.945, 65535
136.055, 65535
136.163, 65535
136.27, 65535
136.383, 65535
136.487, 65535
136.595, 65535
136.686, 65535
136.795, 65535
136.901, 65535
136.992, 65535
137.101, 65535
137.213, 65535
137.319, 65535
137.429, 65535
137.536, 65535
137.64, 65535
137.749, 65535
137.858, 65535
137.97, 65535
138.077, 65535
138.186, 65535
138.292, 4
138.396, 7
138.506, 12
138.607, 16
138.714, 20
138.825, 23
138.932, 25
139.041, 30
139.148, 37
139.257, 44
139.363, 54
139.473, 63
139.582, 70
139.694, 76
139.8, 78
139.907, 76
140.014, 74
140.126, 73
140.235, 73
140.344, 73
140.453, 73
140.56, 73
140.663, 73
140.773, 73
140.882, 77
140.984, 79
141.09, 79
141.202, 79
141.311, 80
141.418, 80
141.524, 80
141.634, 81
141.743, 81
141.852, 82
141.959, 83
142.062, 87
142.172, 97
142.278, 100
142.388, 100
142.497, 100
142.601, 100
142.71, 100
142.82, 100
142.926, 100
143.035, 100
143.143, 100
143.249, 100
143.355, 100
143.463, 100
143.569, 100
143.676, 100
143.788, 100
143.894, 100
144, 100
144.107, 100
144.219, 100
144.328, 100
144.435, 100
144.544, 100
144.651, 100
144.761, 100
144.87, 100
144.979, 100
145.086, 100
145.197, 100
145.309, 100
145.415, 100
145.522, 100
145.628, 100
145.738, 100
145.847, 100
145.957, 100
146.063, 100
146.17, 100
146.279, 100
146.391, 100
146.495, 100
146.601, 100
146.708, 100
146.818, 100
146.924, 100
147.031, 100
147.14, 100
147.246, 100
147.353, 100
147.462, 100
147.572, 100
147.678, 100
147.785, 100
147.892, 100
147.998, 100
148.108, 100
148.217, 100
148.324, 100
148.428, 100
148.537, 100
148.647, 100
148.755, 100
148.867, 100
148.974, 100
149.084, 100
149.19, 100
149.3, 90
149.409, 85
149.516, 85
149.625, 87
149.737, 89
149.846, 90
149.955, 82
150.062, 66
150.171, 45
150.278, 36
150.388, 31
150.498, 28
150.604, 28
150.716, 29
150.825, 34
150.935, 42
151.041, 46
151.148, 48
151.257, 55
151.366, 56
151.473, 57
151.579, 54
151.686, 52
151.795, 46
151.899, 47
152.003, 52
152.107, 56
152.217, 62
152.309, 63
152.415, 63
152.506, 65
152.612, 67
152.719, 46
152.826, 15
152.937, 3
153.046, 0
153.156, 65535
153.262, 65535
153.369, 65535
153.479, 65535
153.588, 65535
153.698, 65535
153.807, 65535
153.916, 65535
154.026, 65535
154.132, 65535
154.241, 65535
154.348, 65535
154.454, 65535
154.545, 65535
154.654, 65535
154.76, 65535
154.864, 65535
154.976, 65535
155.083, 65535
155.189, 65535
155.296, 65535
155.402, 65535
155.506, 65535
155.615, 65535
155.722, 65535
155.829, 65535
155.938, 65535
156.044, 65535
156.135, 65535
156.245, 65535
156.351, 65535
156.455, 65535
156.567, 65535
156.676, 65535
156.785, 65535
156.895, 65535
157.002, 65535
157.108, 65535
157.215, 65535
157.321, 65535
157.43, 65535
157.537, 65535
157.649, 65535
157.758, 3
157.868, 6
157.974, 4
158.084, 4
158.19, 10
158.3, 13
158.409, 16
158.518, 19
158.628, 26
158.734, 42
158.841, 66
158.952, 78
159.062, 90
159.168, 100
159.278, 100
159.384, 100
159.494, 100
159.603, 100
159.712, 100
159.819, 100
159.91, 100
160.017, 100
160.126, 100
160.217, 100
160.326, 100
160.433, 100
160.544, 100
160.656, 100
160.768, 100
160.878, 100
160.984, 100
161.093, 100
161.201, 100
161.307, 100
161.416, 100
161.52, 100
161.626, 100
161.737, 100
161.843, 100
161.949, 100
162.059, 100
162.162, 100
162.272, 100
162.381, 100
162.488, 100
162.597, 100
162.707, 100
162.814, 100
162.922, 100
163.029, 100
163.133, 100
163.242, 100
163.344, 100
163.45, 100
163.562, 100
163.674, 100
163.786, 100
163.892, 100
164.002, 100
164.108, 100
164.217, 100
164.324, 100
164.433, 100
164.54, 100
164.646, 100
164.753, 100
164.859, 100
164.969, 100
165.075, 100
165.185, 100
165.294, 100
165.401, 100
165.504, 100
165.616, 100
165.723, 89
165.814, 33
165.921, 9
166.028, 1
166.134, 0
166.246, 65535
166.355, 65535
166.461, 65535
166.569, 65535
166.677, 65535
166.787, 65535
166.896, 65535
167.005, 65535
167.112, 65535
167.219, 65535
167.328, 65535
167.438, 65535
167.547, 65535
167.657, 65535
167.765, 65535
167.876, 65535
167.982, 65535
168.092, 65535
168.198, 65535
168.308, 65535
168.414, 65535
168.518, 65535
168.624, 65535
168.735, 65535
168.845, 65535
168.956, 65535
169.065, 65535
169.172, 65535
169.283, 65535
169.39, 65535
169.499, 65535
169.606, 65535
169.715, 65535
169.821, 65535
169.928, 65535
170.037, 65535
170.144, 65535
170.25, 65535
170.36, 4
170.469, 6
170.575, 9
170.679, 12
170.791, 16
170.898, 23
171.004, 26
171.114, 34
171.22, 44
171.332, 56
171.439, 72
171.548, 85
171.657, 99
171.764, 100
171.873, 100
171.98, 100
172.087, 100
172.197, 100
172.305, 100
172.411, 100
172.517, 100
172.624, 100
172.73, 100
172.837, 100
172.949, 100
173.061, 100
173.17, 100
173.282, 100
173.388, 100
173.498, 100
173.604, 100
173.711, 100
173.821, 100
173.93, 100
174.037, 100
174.149, 100
174.253, 100
174.362, 100
174.471, 100
174.581, 100
174.687, 100
174.794, 100
174.904, 100
175.013, 100
175.117, 100
175.224, 100
175.335, 100
175.445, 100
175.551, 100
175.657, 100
175.767, 100
175.877, 100
175.983, 100
176.089, 100
176.18, 100
176.289, 100
176.395, 100
176.504, 100
176.611, 100
176.717, 100
176.821, 100
176.931, 100
177.037, 100
177.144, 100
177.248, 100
177.357, 100
177.466, 100
177.573, 100
177.684, 100
177.794, 100
177.903, 100
178.012, 100
178.12, 100
178.226, 100
178.335, 100
178.439, 100
178.545, 100
178.655, 100
178.761, 100
178.871, 100
178.977, 100
179.084, 100
179.19, 100
179.297, 100
179.406, 100
179.515, 100
179.619, 100
179.728, 100
179.835, 100
179.944, 100
180.056, 100
180.165, 100
180.272, 100
180.382, 100
180.491, 100
180.603, 100
180.713, 100
180.822, 100
180.929, 100
181.038, 100
181.142, 100
181.253, 100
181.363, 100
181.469, 100
181.56, 100
181.668, 100
181.775, 100
181.882, 100
181.988, 100
182.097, 100
182.204, 100
182.311, 100
182.415, 100
182.524, 100
182.628, 100
182.732, 100
182.841, 100
182.951, 100
183.057, 100
183.164, 100
183.27, 100
183.38, 100
183.486, 100
183.593, 100
183.699, 100
183.809, 100
183.915, 100
184.021, 100
184.128, 100
184.235, 100
184.347, 100
184.456, 100
184.562, 100
184.666, 100
184.757, 100
184.863, 100
184.97, 100
185.076, 100
185.183, 100
185.289, 100
185.399, 100
185.508, 100
185.617, 100
185.721, 100
185.83, 100
185.937, 100
186.044, 100
186.156, 100
186.262, 100
186.353, 100
186.459, 100
186.568, 100
186.678, 100
186.787, 100
186.896, 100
187.006, 100
187.112, 100
187.218, 100
187.325, 100
187.432, 100
187.544, 100
187.651, 100
187.763, 100
187.869, 100
187.976, 100
188.067, 100
188.176, 100
188.282, 100
188.389, 100
188.496, 100
188.606, 100
188.715, 100
188.825, 100
188.933, 100
189.024, 100
189.13, 100
189.24, 100
189.346, 100
189.452, 100
189.562, 100
189.669, 100
189.78, 100
189.89, 100
189.996, 100
190.106, 100
190.212, 100
190.322, 100
190.432, 100
190.541, 100
190.65, 100
190.757, 100
190.863, 100
190.954, 100
191.06, 100
191.167, 100
191.274, 100
191.38, 100
191.492, 100
191.599, 100
191.708, 100
191.82, 100
191.929, 100
192.036, 100
192.143, 100
192.252, 100
192.359, 100
192.468, 100
192.578, 100
192.687, 100
192.796, 100
192.905, 100
193.012, 100
193.121, 100
193.233, 100
193.339, 100
193.449, 100
193.558, 100
193.667, 100
193.777, 100
193.883, 100
193.974, 100
194.08, 100
194.187, 100
194.293, 100
194.398, 100
194.507, 100
194.611, 100
194.722, 100
194.831, 100
194.938, 100
195.043, 100
195.149, 100
195.258, 100
195.365, 100
195.477, 100
195.588, 100
195.7, 100
195.81, 100
195.916, 100
196.026, 100
196.135, 100
196.244, 100
196.351, 100
196.461, 100
196.567, 100
196.671, 100
196.783, 100
196.892, 100
197.001, 100
197.111, 100
197.217, 100
197.323, 100
197.433, 55
197.543, 16
197.649, 3
197.752, 0
197.843, 0
197.952, 65535
198.056, 65535
198.162, 65535
198.269, 65535
198.378, 65535
198.487, 65535
198.591, 65535
198.693, 65535
198.799, 65535
198.905, 65535
199.012, 65535
199.122, 65535
199.231, 65535
199.339, 65535
199.445, 65535
199.551, 65535
199.655, 65535
199.767, 65535
199.874, 65535
199.98, 65535
200.086, 65535
200.194, 65535
200.303, 65535
200.412, 65535
200.522, 65535
200.631, 65535
200.74, 65535
200.846, 65535
200.953, 65535
201.062, 65535
201.171, 65535
201.278, 65535
201.385, 65535
201.491, 65535
201.598, 65535
201.704, 65535
201.811, 65535
201.92, 65535
202.029, 65535
202.136, 65535
202.248, 65535
202.36, 65535
202.472, 65535
202.581, 65535
202.687, 65535
202.778, 65535
202.888, 65535
202.995, 65535
203.104, 65535
203.214, 65535
203.317, 65535
203.426, 0
203.538, 11
203.645, 22
203.749, 30
203.859, 41
203.965, 60
204.077, 82
204.181, 93
204.288, 97
204.397, 97
204.504, 95
204.615, 94
204.724, 95
204.834, 100
204.94, 100
205.047, 100
205.154, 100
205.26, 100
205.371, 100
205.48, 100
205.589, 100
205.698, 100
205.804, 100
205.911, 100
206.018, 100
206.122, 100
206.225, 100
206.33, 100
206.436, 100
206.545, 100
206.652, 100
206.761, 100
206.868, 100
206.975, 100
207.087, 100
207.195, 100
207.305, 100
207.412, 100
207.518, 100
207.625, 100
207.728, 100
207.835, 100
207.942, 100
208.049, 100
208.161, 100
208.27, 100
208.377, 100
208.484, 100
208.592, 100
208.701, 100
208.806, 100
208.912, 100
209.019, 100
209.134, 100
209.238, 100
209.347, 100
209.459, 100
209.565, 100
209.672, 100
209.781, 100
209.89, 100
209.997, 100
210.102, 100
210.208, 100
210.317, 100
210.427, 100
210.536, 100
210.645, 100
210.754, 100
210.861, 100
210.973, 100
211.085, 100
211.197, 100
211.307, 100
211.414, 100
211.52, 100
211.626, 100
211.735, 100
211.839, 100
211.943, 100
212.05, 100
212.157, 100
212.263, 100
212.375, 100
212.484, 100
212.591, 100
212.7, 100
212.806, 100
212.913, 100
213.019, 100
213.123, 100
213.23, 100
213.34, 100
213.451, 100
213.561, 100
213.664, 100
213.771, 100
213.88, 100
213.984, 100
214.09, 100
214.197, 100
214.303, 100
214.41, 100
214.517, 100
214.621, 100
214.727, 100
214.818, 100
214.929, 100
215.02, 100
215.129, 100
215.235, 100
215.345, 100
215.452, 100
215.558, 100
215.667, 100
215.772, 100
215.878, 100
215.982, 100
216.088, 100
216.198, 59
216.307, 17
216.413, 4
216.517, 0
216.624, 0
216.73, 65535
216.842, 65535
216.949, 65535
217.058, 65535
217.165, 65535
217.268, 65535
217.378, 65535
217.48, 65535
217.585, 65535
217.689, 65535
217.796, 65535
217.905, 65535
218.012, 65535
218.118, 65535
218.228, 65535
218.334, 65535
218.425, 65535
218.531, 65535
218.641, 65535
218.747, 65535
218.853, 65535
218.96, 65535
219.066, 65535
219.176, 65535
219.29, 65535
219.4, 65535
219.507, 65535
219.617, 65535
219.721, 65535
219.828, 65535
219.939, 65535
220.049, 65535
220.155, 65535
220.246, 65535
220.355, 65535
220.461, 65535
220.568, 65535
220.675, 65535
220.784, 65535
220.888, 65535
220.994, 65535
221.101, 65535
221.207, 65535
221.317, 65535
221.421, 65535
221.532, 65535
221.642, 8
221.749, 26
221.858, 46
221.964, 72
222.076, 100
222.188, 100
222.3, 100
222.41, 100
222.516, 100
222.622, 100
222.732, 100
222.841, 100
222.948, 100
223.059, 100
223.169, 100
223.276, 100
223.382, 100
223.491, 100
223.601, 100
223.71, 100
223.822, 100
223.934, 100
224.043, 100
224.15, 100
224.256, 100
224.366, 100
224.472, 100
224.576, 100
224.683, 100
224.791, 100
224.896, 100
225.003, 100
225.11, 49
225.216, 15
225.32, 3
225.43, 0
225.536, 65535
225.642, 65535
225.752, 65535
225.864, 65535
225.97, 65535
226.077, 65535
226.187, 65535
226.296, 65535
226.403, 65535
226.515, 65535
226.624, 65535
226.715, 65535
226.821, 65535
226.928, 65535
227.034, 65535
227.141, 65535
227.25, 65535
227.341, 65535
227.45, 15
227.556, 28
227.668, 35
227.778, 52
227.887, 80
227.99, 100
228.097, 100
228.21, 100
228.319, 100
228.425, 100
228.532, 100
228.638, 100
228.748, 100
228.852, 100
228.958, 100
229.065, 100
229.172, 100
229.278, 100
229.39, 100
229.496, 100
229.606, 100
229.71, 100
229.819, 100
229.926, 100
230.032, 100
230.141, 100
230.248, 100
230.357, 100
230.466, 100
230.573, 100
230.68, 100
230.786, 100
230.896, 100
231.002, 100
231.111, 100
231.221, 100
231.332, 100
231.423, 100
231.532, 100
231.639, 100
231.745, 100
231.852, 100
231.958, 100
232.065, 100
232.177, 100
232.283, 100
232.39, 100
232.499, 100
232.606, 100
232.71, 100
232.822, 100
232.931, 100
233.037, 100
233.147, 100
233.254, 100
233.365, 100
233.473, 100
233.582, 100
233.691, 100
233.801, 100
233.91, 100
234.017, 100
234.129, 100
234.238, 100
234.345, 100
234.448, 100
234.555, 100
234.661, 100
234.771, 100
234.881, 100
234.99, 100
235.099, 100
235.206, 100
235.315, 100
235.421, 100
235.512, 100
235.624, 100
235.733, 100
235.84, 100
235.946, 100
236.05, 100
236.16, 100
236.266, 100
236.376, 100
236.486, 100
236.593, 100
236.707, 100
236.817, 100
236.923, 100
237.03, 100
237.142, 100
237.251, 100
237.36, 100
237.467, 100
237.576, 100
237.68, 100
237.786, 100
237.893, 100
238, 100
238.107, 100
238.213, 100
238.32, 100
238.429, 100
238.541, 100
238.65, 100
238.759, 100
238.866, 100
238.976, 100
239.082, 100
239.189, 100
239.298, 100
239.404, 100
239.514, 100
239.62, 100
239.727, 100
239.836, 100
239.946, 100
240.055, 100
240.164, 100
240.271, 100
240.38, 100
240.487, 100
240.596, 100
240.702, 100
240.81, 100
240.918, 100
241.027, 100
241.137, 100
241.247, 100
241.356, 100
241.465, 100
241.572, 100
241.682, 100
241.788, 100
241.898, 100
242.001, 100
242.108, 100
242.217, 100
242.324, 100
242.433, 100
242.539, 100
242.651, 100
242.763, 100
242.873, 100
242.984, 100
243.094, 100
243.203, 100
243.312, 100
243.422, 100
243.531, 100
243.64, 100
243.749, 100
243.856, 100
243.965, 100
244.074, 100
244.184, 100
244.291, 100
244.4, 100
244.506, 100
244.597, 100
244.703, 100
244.812, 100
244.921, 100
245.033, 100
245.14, 100
245.241, 100
245.353, 100
245.46, 100
245.566, 100
245.678, 100
245.788, 100
245.895, 100
246.004, 100
246.11, 100
246.22, 100
246.332, 100
246.444, 100
246.553, 100
246.659, 100
246.766, 100
246.873, 100
246.982, 100
247.089, 100
247.195, 100
247.304, 100
247.408, 100
247.52, 100
247.632, 100
247.742, 100
247.853, 100
247.96, 100
248.069, 100
248.176, 100
248.282, 100
248.391, 100
248.498, 100
248.602, 100
248.709, 100
248.816, 100
248.925, 100
249.031, 100
249.138, 100
249.244, 100
249.354, 100
249.46, 100
249.569, 100
249.676, 100
249.78, 42
249.884, 13
249.996, 3
250.102, 0
250.207, 65535
250.31, 65535
250.42, 65535
250.529, 65535
250.638, 65535
250.742, 65535
250.851, 65535
250.96, 65535
251.064, 65535
251.155, 65535
251.264, 65535
251.37, 65535
251.48, 65535
251.589, 65535
251.696, 65535
251.805, 65535
251.911, 65535
252.013, 65535
252.119, 65535
252.231, 65535
252.337, 65535
252.442, 65535
252.553, 65535
252.663, 65535
252.769, 65535
252.876, 65535
252.985, 65535
253.095, 65535
253.201, 65535
253.305, 65535
253.411, 65535
253.52, 65535
253.627, 65535
253.733, 65535
253.843, 65535
253.949, 65535
254.059, 65535
254.162, 65535
254.269, 65535
254.378, 65535
254.485, 65535
254.594, 65535
254.698, 65535
254.805, 0
254.911, 8
255.023, 20
255.132, 28
255.241, 40
255.348, 54
255.455, 61
255.562, 78
255.673, 89
255.778, 89
255.884, 86
255.994, 82
256.103, 81
256.212, 80
256.324, 82
256.434, 84
256.543, 85
256.649, 88
256.759, 91
256.865, 93
256.975, 93
257.081, 94
257.193, 95
257.302, 97
257.412, 98
257.521, 100
257.625, 100
257.732, 100
257.836, 100
257.947, 100
258.054, 100
258.161, 100
258.273, 100
258.382, 100
258.494, 100
258.6, 100
258.71, 100
258.811, 100
258.917, 100
259.027, 100
259.134, 100
259.243, 100
259.35, 100
259.461, 100
259.57, 100
259.68, 100
259.789, 100
259.901, 100
260.013, 100
260.125, 100
260.234, 100
260.346, 100
260.455, 100
260.565, 100
260.674, 100
260.781, 100
260.89, 100
260.996, 100
261.103, 100
261.212, 100
261.316, 100
261.42, 100
261.524, 100
261.631, 100
261.737, 100
261.846, 100
261.95, 100
262.062, 100
262.169, 100
262.275, 100
262.382, 100
262.491, 100
262.6, 100
262.691, 100
262.8, 100
262.907, 100
263.014, 100
263.12, 100
263.227, 100
263.336, 100
263.446, 100
263.549, 100
263.656, 100
263.765, 100
263.877, 100
263.987, 100
264.096, 100
264.207, 100
264.314, 100
264.42, 100
264.527, 100
264.637, 100
264.743, 100
264.85, 100
264.959, 100
265.068, 100
265.178, 100
265.284, 100
265.394, 100
265.505, 100
265.615, 100
265.724, 100
265.834, 100
265.943, 100
266.053, 100
266.161, 100
266.271, 100
266.377, 100
266.487, 100
266.596, 100
266.702, 100
266.809, 100
266.915, 100
267.025, 94
267.131, 81
267.238, 73
267.345, 63
267.449, 59
267.558, 62
267.664, 63
267.771, 63
267.88, 69
267.984, 76
268.096, 84
268.202, 91
268.306, 96
268.416, 95
268.527, 94
268.634, 86
268.741, 83
268.847, 76
268.957, 74
269.063, 75
269.17, 75
269.279, 78
269.383, 77
269.489, 77
269.597, 81
269.706, 84
269.815, 87
269.924, 55
270.036, 16
270.143, 3
270.249, 0
270.359, 65535
270.465, 65535
270.575, 65535
270.681, 65535
270.791, 65535
270.894, 65535
271.004, 65535
271.11, 65535
271.212, 65535
271.318, 65535
271.425, 65535
271.531, 65535
271.638, 65535
271.744, 65535
271.853, 65535
271.96, 65535
272.07, 65535
272.179, 65535
272.289, 65535
272.395, 65535
272.504, 65535
272.608, 65535
272.717, 65535
272.824, 65535
272.932, 65535
273.043, 65535
273.153, 65535
273.262, 65535
273.374, 65535
273.486, 65535
273.595, 65535
273.701, 65535
273.805, 65535
273.918, 65535
274.027, 65535
274.136, 65535
274.246, 65535
274.353, 65535
274.462, 65535
274.566, 65535
274.672, 65535
274.782, 0
274.891, 20
274.998, 28
275.102, 32
275.214, 39
275.32, 51
275.425, 76
275.528, 100
275.64, 100
275.749, 100
275.858, 100
275.968, 100
276.075, 100
276.184, 100
276.291, 100
276.4, 100
276.506, 100
276.61, 100
276.701, 100
276.81, 100
276.919, 100
277.026, 100
277.132, 100
277.239, 100
277.345, 100
277.452, 100
277.555, 100
277.66, 100
277.766, 100
277.873, 100
277.979, 100
278.088, 100
278.195, 100
278.304, 100
278.413, 100
278.517, 100
278.608, 100
278.714, 100
278.826, 100
278.935, 100
279.045, 100
279.154, 100
279.266, 100
279.372, 100
279.482, 100
279.592, 100
279.698, 100
279.804, 100
279.911, 100
280.017, 100
280.127, 100
280.236, 100
280.346, 100
280.455, 100
280.562, 100
280.668, 100
280.775, 100
280.879, 100
280.988, 100
281.095, 100
281.204, 100
281.313, 100
281.417, 100
281.524, 100
281.631, 100
281.74, 100
281.844, 100
281.953, 100
282.062, 100
282.171, 100
282.281, 100
282.39, 100
282.496, 100
282.603, 100
282.712, 100
282.821, 100
282.925, 100
283.032, 100
283.138, 100
283.248, 100
283.357, 100
283.467, 100
283.573, 100
283.682, 100
283.789, 100
283.896, 100
284.007, 100
284.12, 100
284.226, 100
284.333, 100
284.442, 100
284.552, 90
284.658, 31
284.768, 9
284.874, 1
284.983, 0
285.087, 65535
285.196, 65535
285.298, 65535
285.404, 65535
285.508, 65535
285.615, 65535
285.724, 65535
285.833, 65535
285.943, 65535
286.052, 65535
286.161, 65535
286.267, 65535
286.358, 65535
286.467, 65535
286.577, 65535
286.683, 65535
286.787, 65535
286.893, 65535
287.003, 65535
287.109, 65535
287.222, 65535
287.331, 65535
287.438, 65535
287.545, 65535
287.648, 65535
287.755, 65535
287.865, 65535
287.971, 65535
288.078, 0
288.19, 5
288.297, 6
288.409, 7
288.518, 9
288.627, 10
288.737, 12
288.843, 16
288.948, 22
289.054, 31
289.164, 44
289.273, 60
289.38, 76
289.484, 91
289.595, 100
289.702, 100
289.806, 100
289.91, 100
290.022, 100
290.131, 100
290.24, 100
290.35, 100
290.461, 100
290.564, 100
290.67, 100
290.78, 100
290.886, 100
290.996, 100
291.102, 100
291.211, 100
291.318, 100
291.427, 100
291.534, 100
291.64, 100
291.747, 100
291.854, 100
291.96, 100
292.067, 100
292.176, 100
292.285, 100
292.392, 100
292.501, 100
292.608, 100
292.719, 100
292.829, 100
292.938, 100
293.045, 100
293.151, 100
293.258, 100
293.368, 100
293.474, 100
293.58, 100
293.687, 100
293.793, 100
293.898, 100
294.01, 100
294.119, 100
294.225, 100
294.337, 100
294.443, 100
294.55, 100
294.657, 100
294.748, 100
294.854, 100
294.961, 100
295.068, 100
295.174, 100
295.281, 100
295.387, 100
295.494, 100
295.6, 100
295.71, 100
295.82, 100
295.929, 100
296.035, 100
296.14, 100
296.249, 100
296.355, 100
296.465, 100
296.575, 100
296.684, 100
296.793, 100
296.903, 100
297.012, 100
297.119, 100
297.231, 100
297.341, 100
297.45, 100
297.559, 100
297.669, 100
297.778, 100
297.885, 100
297.994, 100
298.104, 100
298.215, 100
298.323, 100
298.431, 100
298.538, 100
298.645, 100
298.751, 100
298.858, 100
298.967, 100
299.074, 100
299.186, 100
299.293, 100
299.399, 100
299.506, 100
299.612, 100
299.719, 100
299.825, 100
299.932, 100
300.042, 100
300.151, 100
300.26, 100
300.37, 100
300.479, 100
300.585, 100
300.692, 100
300.799, 100
300.9, 100
301.007, 100
301.113, 100
301.22, 100
301.326, 100
301.433, 100
301.539, 100
301.649, 100
301.755, 100
301.846, 100
301.957, 100
302.064, 100
302.173, 100
302.282, 100
302.392, 100
302.501, 100
302.61, 100
302.717, 100
302.826, 100
302.933, 100
303.037, 100
303.14, 100
303.25, 100
303.359, 100
303.469, 100
303.578, 100
303.682, 100
303.789, 100
303.901, 100
304.01, 100
304.114, 100
304.224, 100
304.333, 100
304.44, 100
304.546, 100
304.656, 100
304.763, 100
304.874, 100
304.981, 100
305.088, 100
305.197, 100
305.306, 100
305.412, 100
305.519, 100
305.623, 100
305.73, 100
305.842, 100
305.948, 100
306.052, 100
306.159, 100
306.269, 100
306.379, 100
306.483, 100
306.589, 100
306.698, 100
306.802, 100
306.906, 100
306.997, 100
307.106, 100
307.212, 100
307.321, 100
307.431, 100
307.543, 100
307.649, 100
307.756, 100
307.863, 100
307.969, 100
308.076, 100
308.182, 100
308.291, 100
308.398, 100
308.51, 100
308.619, 100
308.728, 100
308.838, 100
308.947, 100
309.054, 100
309.16, 100
309.269, 100
309.373, 100
309.48, 100
309.584, 100
309.69, 100
309.797, 100
309.904, 100
310.01, 100
310.114, 100
310.22, 100
310.327, 100
310.437, 100
310.543, 100
310.652, 100
310.762, 100
310.868, 100
310.978, 100
311.082, 100
311.188, 100
311.297, 100
311.406, 100
311.516, 100
311.625, 100
311.732, 100
311.844, 100
311.95, 100
312.054, 100
312.161, 100
312.271, 100
312.377, 100
312.489, 100
312.596, 100
312.687, 100
312.795, 100
312.899, 100
313.008, 100
313.118, 100
313.224, 100
313.328, 100
313.434, 100
313.541, 100
313.651, 100
313.76, 100
313.866, 100
313.976, 100
314.082, 100
314.186, 100
314.298, 100
314.407, 100
314.517, 100
314.623, 36
314.729, 11
314.839, 2
314.948, 0
315.055, 65535
315.167, 65535
315.274, 65535
315.386, 65535
315.495, 65535
315.599, 65535
315.708, 65535
315.815, 65535
315.924, 65535
316.028, 65535
316.135, 65535
316.245, 65535
316.354, 65535
316.464, 65535
316.573, 65535
316.68, 65535
316.783, 65535
316.89, 65535
316.997, 65535
317.109, 65535
317.218, 65535
317.327, 65535
317.439, 65535
317.551, 65535
317.661, 65535
317.767, 65535
317.873, 65535
317.983, 65535
318.09, 65535
318.202, 65535
318.311, 65535
318.417, 65535
318.522, 65535
318.628, 65535
318.734, 65535
318.841, 65535
318.947, 65535
319.057, 65535
319.169, 65535
319.278, 65535
319.384, 65535
319.491, 65535
319.595, 65535
319.702, 65535
319.811, 65535
319.917, 65535
320.027, 65535
320.136, 0
320.243, 14
320.349, 25
320.453, 32
320.56, 36
320.671, 39
320.781, 50
320.89, 69
320.997, 79
321.106, 85
321.216, 90
321.322, 93
321.432, 97
321.538, 100
321.647, 100
321.754, 100
321.861, 100
321.972, 100
322.079, 100
322.186, 100
322.295, 100
322.404, 100
322.513, 100
322.623, 100
322.73, 100
322.839, 100
322.943, 100
323.049, 100
323.159, 100
323.268, 100
323.374, 100
323.478, 100
323.584, 100
323.691, 100
323.801, 100
323.91, 100
324.019, 100
324.126, 100
324.235, 100
324.341, 100
324.448, 100
324.56, 100
324.669, 100
324.776, 100
324.882, 100
324.992, 100
325.098, 100
325.208, 100
325.317, 100
325.429, 100
325.535, 100
325.645, 100
325.754, 100
325.863, 100
325.973, 100
326.082, 100
326.191, 100
326.301, 100
326.407, 100
326.513, 100
326.62, 100
326.724, 100
326.828, 100
326.94, 100
327.052, 100
327.162, 100
327.273, 100
327.382, 100
327.492, 100
327.604, 100
327.713, 100
327.82, 100
327.931, 100
328.022, 100
328.134, 100
328.241, 100
328.35, 100
328.46, 100
328.568, 100
328.678, 100
328.787, 100
328.896, 100
329.005, 100
329.112, 100
329.224, 100
329.333, 100
329.443, 100
329.552, 100
329.656, 100
329.765, 100
329.875, 100
329.986, 100
330.093, 100
330.202, 100
330.312, 100
330.418, 100
330.525, 100
330.632, 100
330.742, 100
330.851, 100
330.957, 100
331.064, 100
331.171, 100
331.277, 100
331.387, 100
331.493, 100
331.603, 100
331.709, 100
331.819, 100
331.926, 100
332.038, 100
332.145, 100
332.251, 100
332.36, 100
332.467, 100
332.576, 100
332.688, 100
332.794, 100
332.904, 100
333.013, 100
333.12, 100
333.226, 100
333.336, 90
333.445, 26
333.551, 7
333.658, 1
333.764, 0
333.871, 65535
333.981, 65535
334.09, 65535
334.201, 65535
334.292, 65535
334.401, 65535
334.508, 65535
334.601, 65535
334.71, 65535
334.811, 65535
334.917, 65535
335.024, 65535
335.131, 65535
335.24, 65535
335.35, 65535
335.458, 65535
335.549, 65535
335.659, 65535
335.768, 65535
335.875, 65535
335.981, 65535
336.091, 65535
336.197, 65535
336.304, 65535
336.413, 65535
336.52, 65535
336.627, 65535
336.736, 65535
336.845, 65535
336.952, 65535
337.058, 65535
337.165, 65535
337.271, 65535
337.381, 65535
337.487, 65535
337.592, 65535
337.703, 65535
337.811, 4
337.917, 6
338.024, 7
338.134, 13
338.243, 17
338.355, 19
338.464, 22
338.573, 30
338.682, 44
338.792, 73
338.901, 100
339.01, 100
339.12, 100
339.232, 100
339.344, 100
339.453, 100
339.56, 100
339.669, 100
339.778, 100
339.882, 100
339.988, 100
340.098, 100
340.204, 100
340.308, 100
340.42, 100
340.527, 100
340.633, 100
340.745, 100
340.857, 100
340.964, 100
341.07, 100
341.177, 100
341.286, 100
341.393, 100
341.502, 100
341.608, 100
341.715, 100
341.824, 100
341.934, 100
342.043, 97
342.152, 30
342.262, 8
342.368, 1
342.473, 0
342.579, 65535
342.686, 65535
342.795, 65535
342.899, 65535
343.011, 65535
343.121, 65535
343.23, 65535
343.337, 65535
343.446, 65535
343.553, 65535
343.662, 65535
343.771, 65535
343.877, 65535
343.982, 65535
344.088, 65535
344.197, 0
344.303, 24
344.41, 38
344.519, 53
344.629, 66
344.738, 83
344.844, 100
344.951, 100
345.06, 100
345.167, 100
345.276, 100
345.383, 100
345.492, 100
345.602, 100
345.708, 100
345.815, 100
345.926, 100
346.017, 100
346.123, 100
346.23, 100
346.339, 100
346.446, 100
346.552, 100
346.662, 100
346.768, 100
346.877, 100
346.984, 100
347.091, 100
347.192, 100
347.304, 100
347.41, 100
347.521, 100
347.627, 100
347.733, 100
347.84, 100
347.946, 100
348.056, 100
348.165, 100
348.275, 100
348.381, 100
348.485, 100
348.592, 100
348.696, 100
348.805, 100
348.911, 100
349.02, 100
349.13, 100
349.239, 100
349.351, 100
349.46, 100
349.567, 100
349.676, 100
349.78, 100
349.887, 100
349.997, 100
350.104, 100
350.21, 100
350.317, 100
350.424, 100
350.53, 100
350.639, 100
350.748, 100
350.853, 100
350.959, 100
351.066, 100
351.172, 100
351.28, 100
351.391, 100
351.501, 100
351.61, 100
351.72, 100
351.826, 100
351.938, 100
352.047, 100
352.157, 100
352.263, 100
352.375, 100
352.479, 100
352.589, 100
352.698, 100
352.804, 100
352.911, 100
353.017, 100
353.127, 100
353.233, 100
353.34, 100
353.449, 100
353.556, 100
353.666, 100
353.775, 100
353.885, 100
353.994, 100
354.101, 100
354.208, 100
354.317, 100
354.423, 100
354.527, 100
354.618, 100
354.724, 100
354.831, 100
354.937, 100
355.044, 100
355.15, 100
355.257, 100
355.366, 100
355.475, 100
355.582, 100
355.694, 100
355.803, 100
355.912, 100
356.019, 100
356.125, 100
356.229, 100
356.34, 100
356.449, 100
356.558, 100
356.667, 100
356.777, 100
356.886, 100
356.995, 100
357.105, 100
357.211, 100
357.32, 100
357.411, 100
357.517, 100
357.623, 100
357.733, 100
357.837, 100
357.946, 100
358.055, 100
358.165, 100
358.276, 100
358.367, 100
358.476, 100
358.583, 100
358.692, 100
358.798, 100
358.905, 100
359.017, 100
359.126, 100
359.238, 100
359.344, 100
359.451, 100
359.563, 100
359.67, 100
359.779, 100
359.883, 100
359.989, 100
360.093, 100
360.205, 100
360.314, 100
360.421, 100
360.527, 100
360.634, 100
360.744, 100
360.853, 100
360.959, 100
361.066, 100
361.175, 100
361.282, 100
361.388, 100
361.498, 100
361.607, 100
361.713, 100
361.82, 100
361.926, 100
362.034, 100
362.14, 100
362.249, 100
362.356, 100
362.462, 100
362.569, 100
362.678, 100
362.787, 100
362.897, 100
363.006, 100
363.116, 100
363.226, 100
363.329, 100
363.439, 100
363.545, 100
363.649, 100
363.755, 100
363.866, 100
363.977, 100
364.087, 100
364.197, 100
364.305, 100
364.416, 100
364.523, 100
364.632, 100
364.739, 100
364.848, 100
364.955, 100
365.064, 100
365.17, 100
365.28, 100
365.389, 100
365.493, 100
365.599, 100
365.706, 100
365.812, 100
365.903, 100
366.012, 100
366.121, 100
366.23, 100
366.337, 100
366.449, 100
366.556, 100
366.665, 100
366.774, 100
366.883, 100
366.99, 100
367.094, 100
367.203, 100
367.31, 100
367.422, 46
367.528, 14
367.635, 3
367.744, 0
367.854, 65535
367.963, 65535
368.072, 65535
368.184, 65535
368.291, 65535
368.4, 65535
368.507, 65535
368.613, 65535
368.72, 65535
368.824, 65535
368.927, 65535
369.031, 65535
369.138, 65535
369.245, 65535
369.354, 65535
369.464, 65535
369.573, 65535
369.679, 65535
369.786, 65535
369.893, 65535
369.999, 65535
370.106, 65535
370.21, 65535
370.319, 65535
370.428, 65535
370.535, 65535
370.641, 65535
370.745, 65535
370.852, 65535
370.958, 65535
371.065, 65535
371.177, 65535
371.286, 65535
371.396, 65535
371.505, 65535
371.614, 65535
371.721, 65535
371.833, 65535
371.939, 65535
372.046, 65535
372.155, 10
372.265, 24
372.374, 29
372.484, 31
372.59, 34
372.694, 41
372.798, 55
372.905, 64
373.014, 72
373.12, 76
373.229, 77
373.336, 76
373.445, 76
373.554, 78
373.661, 86
373.768, 99
373.877, 100
373.986, 100
374.098, 100
374.207, 100
374.314, 100
374.42, 100
374.511, 100
374.618, 100
374.722, 100
374.828, 100
374.935, 100
375.046, 100
375.156, 100
375.265, 100
375.369, 100
375.478, 100
375.585, 100
375.688, 100
375.795, 100
375.902, 100
376.009, 100
376.118, 100
376.227, 100
376.338, 100
376.448, 100
376.555, 100
376.646, 100
376.754, 100
376.861, 100
376.973, 100
377.082, 100
377.192, 100
377.302, 100
377.41, 100
377.52, 100
377.629, 100
377.736, 100
377.839, 100
377.946, 100
378.056, 100
378.166, 100
378.275, 100
378.384, 100
378.491, 100
378.598, 100
378.707, 100
378.817, 100
378.928, 100
379.04, 100
379.147, 100
379.256, 100
379.36, 100
379.469, 100
379.562, 100
379.671, 100
379.781, 100
379.882, 100
379.989, 100
380.095, 100
380.202, 100
380.311, 100
380.423, 100
380.532, 100
380.642, 100
380.749, 100
380.853, 100
380.964, 100
381.074, 100
381.183, 100
381.292, 100
381.396, 100
381.5, 100
381.606, 100
381.715, 100
381.825, 100
381.931, 100
382.038, 100
382.142, 100
382.252, 100
382.358, 100
382.468, 100
382.575, 100
382.683, 100
382.79, 100
382.9, 100
383.006, 100
383.112, 100
383.219, 100
383.326, 100
383.432, 100
383.542, 100
383.653, 100
383.763, 100
383.869, 100
383.96, 100
384.069, 100
384.178, 100
384.284, 100
384.394, 100
384.5, 100
384.61, 100
384.719, 100
384.826, 100
384.935, 100
385.041, 100
385.148, 100
385.257, 100
385.364, 100
385.47, 100
385.577, 99
385.687, 91
385.794, 86
385.903, 84
386.012, 87
386.116, 90
386.228, 92
386.337, 95
386.447, 98
386.556, 100
386.666, 100
386.775, 100
386.884, 100
386.994, 100
387.1, 100
387.207, 100
387.314, 100
387.417, 100
387.521, 100
387.625, 100
387.732, 68
387.841, 19
387.948, 5
388.057, 0
388.169, 0
388.275, 65535
388.382, 65535
388.491, 65535
388.596, 65535
388.705, 65535
388.817, 65535
388.908, 65535
389.017, 65535
389.121, 65535
389.23, 65535
389.339, 65535
389.446, 65535
389.55, 65535
389.656, 65535
389.763, 65535
389.87, 65535
389.981, 65535
390.093, 65535
390.197, 65535
390.307, 65535
390.413, 65535
390.52, 65535
390.629, 65535
390.738, 65535
390.845, 65535
390.951, 65535
391.058, 65535
391.17, 65535
391.276, 65535
391.38, 65535
391.487, 65535
391.596, 65535
391.705, 65535
391.814, 65535
391.924, 65535
392.033, 65535
392.142, 65535
392.252, 65535
392.362, 65535
392.471, 65535
392.575, 65535
392.684, 65535
392.791, 65535
392.897, 11
393.007, 28
393.113, 49
393.223, 83
393.329, 100
393.436, 100
393.54, 100
393.644, 100
393.75, 100
393.854, 100
393.961, 100
394.052, 100
394.159, 100
394.268, 100
394.359, 100
394.468, 100
394.572, 100
394.678, 100
394.788, 100
394.9, 100
395.009, 100
395.118, 100
395.23, 100
395.342, 100
395.449, 100
395.561, 100
395.667, 100
395.774, 100
395.883, 100
395.992, 100
396.102, 100
396.205, 100
396.315, 100
396.421, 100
396.528, 100
396.637, 100
396.746, 100
396.85, 100
396.957, 100
397.069, 100
397.178, 100
397.287, 100
397.397, 100
397.508, 100
397.615, 100
397.721, 100
397.828, 100
397.937, 100
398.047, 100
398.153, 100
398.26, 100
398.366, 100
398.457, 100
398.564, 100
398.673, 100
398.784, 100
398.893, 100
398.999, 100
399.108, 100
399.218, 100
399.328, 100
399.434, 100
399.543, 100
399.647, 100
399.759, 100
399.871, 100
399.981, 100
400.092, 100
400.199, 100
400.306, 100
400.412, 100
400.524, 100
400.633, 100
400.74, 100
400.849, 100
400.956, 100
401.062, 100
401.169, 100
401.275, 100
401.382, 100
401.489, 100
401.595, 100
401.705, 100
401.814, 100
401.923, 100
402.033, 100
402.139, 100
402.248, 100
402.352, 100
402.464, 100
402.571, 60
402.677, 18
402.784, 4
402.893, 0
403.002, 0
403.107, 65535
403.213, 65535
403.32, 65535
403.429, 65535
403.533, 65535
403.645, 65535
403.752, 65535
403.861, 65535
403.97, 65535
404.079, 65535
404.184, 65535
404.293, 65535
404.403, 65535
404.509, 65535
404.616, 65535
404.728, 65535
404.835, 65535
404.941, 65535
405.05, 65535
405.157, 65535
405.263, 65535
405.373, 65535
405.476, 65535
405.583, 65535
405.689, 65535
405.796, 65535
405.903, 65535
406.01, 65535
406.113, 65535
406.22, 65535
406.329, 7
406.436, 12
406.548, 17
406.654, 26
406.761, 34
406.87, 37
406.977, 38
407.081, 38
407.192, 45
407.302, 58
407.412, 74
407.518, 89
407.627, 100
407.736, 100
407.843, 100
407.95, 100
408.057, 100
408.163, 100
408.27, 100
408.379, 100
408.485, 100
408.597, 100
408.706, 100
408.816, 100
408.925, 100
409.034, 100
409.144, 100
409.253, 100
409.362, 100
409.469, 100
409.575, 100
409.683, 100
409.786, 100
409.89, 100
409.994, 100
410.101, 100
410.21, 100
410.319, 100
410.426, 100
410.532, 100
410.639, 100
410.746, 100
410.856, 100
410.965, 100
411.069, 100
411.179, 100
411.287, 100
411.397, 100
411.503, 100
411.607, 100
411.716, 100
411.823, 100
411.93, 100
412.039, 100
412.148, 100
412.257, 100
412.361, 100
412.47, 100
412.575, 100
412.687, 100
412.796, 100
412.906, 100
413.018, 100
413.125, 100
413.232, 100
413.338, 100
413.448, 100
413.554, 100
413.664, 100
413.773, 100
413.882, 100
413.991, 100
414.098, 100
414.208, 100
414.317, 100
414.421, 100
414.527, 100
414.639, 100
414.746, 100
414.852, 100
414.964, 100
415.071, 100
415.181, 100
415.29, 100
415.4, 100
415.509, 100
415.618, 100
415.727, 100
415.837, 100
415.946, 100
416.053, 100
416.166, 100
416.276, 87
416.383, 75
416.495, 73
416.604, 76
416.711, 75
416.82, 79
416.932, 87
417.041, 100
417.15, 100
417.257, 100
417.363, 100
417.47, 100
417.572, 100
417.683, 100
417.79, 100
417.9, 100
418.007, 100
418.114, 100
418.22, 100
418.332, 100
418.442, 100
418.556, 100
418.666, 100
418.772, 100
418.879, 100
418.986, 100
419.092, 100
419.199, 100
419.305, 100
419.412, 100
419.519, 100
419.63, 100
419.742, 100
419.853, 100
419.961, 100
420.071, 100
420.18, 100
420.287, 100
420.393, 100
420.5, 100
420.612, 100
420.718, 100
420.827, 100
420.934, 100
421.043, 100
421.15, 100
421.254, 100
421.36, 100
421.47, 100
421.579, 100
421.689, 100
421.798, 100
421.907, 100
422.017, 100
422.128, 100
422.235, 100
422.344, 100
422.451, 100
422.557, 100
422.666, 100
422.773, 100
422.864, 100
422.973, 100
423.083, 100
423.192, 100
423.299, 100
423.408, 100
423.518, 100
423.624, 100
423.734, 100
423.84, 100
423.931, 100
424.037, 100
424.144, 100
424.248, 100
424.359, 100
424.469, 100
424.575, 100
424.682, 100
424.786, 100
424.89, 100
424.994, 100
425.1, 100
425.207, 100
425.317, 100
425.426, 100
425.535, 100
425.644, 100
425.751, 100
425.86, 100
425.953, 100
426.062, 100
426.171, 100
426.281, 100
426.391, 100
426.5, 100
426.606, 100
426.716, 100
426.822, 100
426.931, 100
427.041, 100
427.147, 100
427.257, 100
427.366, 100
427.478, 100
427.587, 100
427.696, 100
427.806, 100
427.913, 100
428.019, 100
428.129, 100
428.238, 100
428.345, 100
428.451, 100
428.561, 100
428.67, 100
428.78, 100
428.889, 100
428.996, 100
429.102, 100
429.195, 100
429.304, 100
429.41, 100
429.517, 100
429.628, 100
429.737, 100
429.843, 100
429.955, 100
430.062, 100
430.174, 100
430.281, 100
430.39, 100
430.499, 100
430.606, 100
430.715, 100
430.824, 100
430.932, 100
431.038, 100
431.148, 100
431.254, 100
431.363, 100
431.47, 100
431.58, 100
431.689, 100
431.795, 100
431.902, 100
432.008, 100
432.099, 100
432.206, 100
432.315, 100
432.421, 100
432.528, 100
432.637, 100
432.741, 100
432.845, 100
432.957, 100
433.064, 39
433.176, 12
433.282, 2
433.392, 0
433.498, 65535
433.608, 65535
433.714, 65535
433.821, 65535
433.927, 65535
434.034, 65535
434.138, 65535
434.247, 65535
434.356, 65535
434.463, 65535
434.57, 65535
434.674, 65535
434.78, 65535
434.889, 65535
434.996, 65535
435.106, 65535
435.215, 65535
435.318, 65535
435.428, 65535
435.532, 65535
435.642, 65535
435.751, 65535
435.86, 65535
435.967, 65535
436.077, 65535
436.183, 65535
436.29, 65535
436.401, 65535
436.511, 65535
436.617, 65535
436.708, 65535
436.814, 65535
436.921, 65535
437.027, 65535
437.134, 65535
437.24, 65535
437.347, 65535
437.458, 65535
437.564, 65535
437.671, 65535
437.778, 65535
437.89, 65535
437.999, 65535
438.108, 65535
438.218, 65535
438.327, 65535
438.436, 65535
438.543, 0
438.649, 19
438.756, 31
438.863, 36
438.97, 39
439.082, 42
439.191, 49
439.298, 59
439.407, 81
439.519, 95
439.628, 100
439.733, 100
439.839, 100
439.946, 100
440.055, 100
440.164, 100
440.273, 100
440.383, 100
440.492, 100
440.602, 100
440.714, 100
440.818, 100
440.929, 100
441.036, 100
441.143, 100
441.252, 100
441.361, 100
441.471, 100
441.577, 100
441.686, 100
441.796, 100
441.905, 100
442.014, 100
442.121, 100
442.23, 100
442.335, 100
442.441, 100
442.55, 100
442.659, 100
442.766, 100
442.872, 100
442.976, 100
443.086, 100
443.192, 100
443.302, 100
443.413, 100
443.523, 100
443.627, 100
443.739, 100
443.845, 100
443.952, 100
444.061, 100
444.165, 100
444.274, 100
444.384, 100
444.494, 100
444.6, 100
444.709, 100
444.816, 100
444.925, 100
445.032, 100
445.141, 100
445.251, 100
445.36, 100
445.467, 100
445.576, 100
445.686, 100
445.795, 100
445.902, 100
446.009, 100
446.115, 100
446.221, 100
446.331, 100
446.44, 100
446.546, 100
446.65, 100
446.757, 100
446.863, 100
446.97, 100
447.077, 100
447.183, 100
447.287, 100
447.397, 100
447.506, 100
447.613, 100
447.721, 100
447.828, 100
447.937, 100
448.044, 100
448.151, 100
448.26, 100
448.369, 100
448.476, 100
448.58, 100
448.692, 100
448.801, 100
448.908, 100
449.02, 100
449.126, 100
449.228, 100
449.334, 100
449.441, 100
449.547, 100
449.654, 100
449.76, 100
449.867, 100
449.976, 100
450.083, 100
450.193, 100
450.299, 100
450.408, 100
450.515, 100
450.621, 100
450.728, 100
450.84, 100
450.949, 100
451.058, 100
451.167, 100
451.277, 100
451.384, 100
451.493, 100
451.602, 100
451.709, 100
451.816, 100
451.925, 56
452.032, 17
452.138, 4
452.245, 0
452.354, 0
452.466, 65535
452.578, 65535
452.687, 65535
452.794, 65535
452.901, 65535
453.01, 65535
453.116, 65535
453.223, 65535
453.332, 65535
453.439, 65535
453.545, 65535
453.655, 65535
453.764, 65535
453.871, 65535
453.978, 65535
454.084, 65535
454.191, 65535
454.3, 65535
454.41, 65535
454.516, 65535
454.628, 65535
454.734, 65535
454.846, 65535
454.95, 65535
455.06, 65535
455.169, 65535
455.278, 65535
455.39, 65535
455.499, 65535
455.606, 65535
455.713, 65535
455.821, 65535
455.932, 65535
456.038, 65535
456.147, 65535
456.257, 65535
456.363, 65535
456.471, 65535
456.58, 0
456.689, 7
456.799, 9
456.909, 19
457.02, 28
457.129, 35
457.235, 40
457.326, 45
457.435, 73
457.541, 100
457.645, 100
457.758, 100
457.867, 100
457.976, 100
458.086, 100
458.195, 100
458.301, 100
458.408, 100
458.518, 100
458.627, 100
458.736, 100
458.843, 100
458.955, 100
459.061, 100
459.168, 100
459.275, 100
459.381, 100
459.487, 100
459.597, 100
459.703, 100
459.815, 100
459.925, 100
460.037, 100
460.144, 100
460.25, 100
460.357, 100
460.469, 100
460.578, 100
460.687, 100
460.797, 35
460.903, 10
461.013, 1
461.12, 0
461.224, 65535
461.327, 65535
461.437, 65535
461.543, 65535
461.645, 65535
461.751, 65535
461.863, 65535
461.975, 65535
462.082, 65535
462.191, 65535
462.3, 65535
462.409, 65535
462.519, 65535
462.625, 65535
462.734, 65535
462.838, 65535
462.945, 0
463.054, 9
463.158, 9
463.262, 6
463.368, 21
463.475, 40
463.585, 61
463.694, 71
463.804, 76
463.913, 94
464.023, 100
464.135, 100
464.244, 100
464.356, 100
464.466, 100
464.572, 100
464.678, 100
464.782, 100
464.891, 100
465.001, 100
465.11, 100
465.217, 100
465.326, 100
465.432, 100
465.539, 100
465.646, 100
465.752, 100
465.864, 100
465.973, 100
466.083, 100
466.192, 100
466.301, 100
466.405, 100
466.515, 100
466.621, 100
466.728, 100
466.837, 100
466.946, 100
467.056, 100
467.162, 100
467.274, 100
467.384, 100
467.49, 100
467.597, 100
467.706, 100
467.813, 100
467.92, 100
468.029, 100
468.138, 100
468.245, 100
468.351, 100
468.458, 100
468.567, 100
468.677, 100
468.786, 100
468.893, 100
468.999, 100
469.106, 100
469.212, 100
469.316, 100
469.423, 100
469.529, 100
469.638, 100
469.745, 100
469.854, 100
469.961, 100
470.067, 100
470.177, 100
470.286, 100
470.393, 100
470.502, 100
470.611, 100
470.715, 100
470.825, 100
470.936, 100
471.046, 100
471.155, 100
471.262, 100
471.368, 100
471.477, 100
471.589, 100
471.698, 100
471.789, 100
471.895, 100
472.007, 100
472.116, 100
472.226, 100
472.335, 100
472.447, 100
472.554, 100
472.663, 100
472.769, 100
472.873, 100
472.98, 100
473.089, 100
473.198, 100
473.308, 100
473.417, 100
473.527, 100
473.636, 100
473.745, 100
473.855, 100
473.961, 100
474.065, 100
474.174, 100
474.283, 100
474.385, 100
474.491, 100
474.601, 100
474.71, 100
474.817, 100
474.926, 100
475.035, 100
475.145, 100
475.254, 100
475.36, 100
475.47, 100
475.561, 100
475.667, 100
475.776, 100
475.88, 100
475.99, 100
476.098, 100
476.205, 100
476.315, 100
476.421, 100
476.531, 100
476.637, 100
476.739, 100
476.845, 100
476.952, 100
477.061, 100
477.167, 100
477.274, 100
477.386, 100
477.493, 100
477.6, 100
477.706, 100
477.815, 100
477.924, 100
478.029, 100
478.135, 100
478.242, 100
478.348, 100
478.458, 100
478.567, 100
478.673, 100
478.78, 100
478.886, 100
478.998, 100
479.111, 100
479.219, 100
479.329, 100
479.438, 100
479.548, 100
479.66, 100
479.769, 100
479.873, 100
479.979, 100
480.07, 100
480.179, 100
480.283, 100
480.389, 100
480.496, 100
480.602, 100
480.707, 100
480.813, 100
480.919, 100
481.027, 100
481.137, 100
481.244, 100
481.356, 100
481.46, 100
481.553, 100
481.664, 100
481.77, 100
481.874, 100
481.983, 100
482.093, 100
482.202, 100
482.311, 100
482.421, 100
482.53, 100
482.642, 100
482.748, 100
482.858, 100
482.965, 100
483.071, 100
483.18, 100
483.285, 100
483.394, 100
483.498, 100
483.604, 100
483.708, 100
483.812, 100
483.919, 100
484.031, 100
484.137, 100
484.244, 100
484.35, 100
484.454, 100
484.563, 100
484.668, 100
484.774, 100
484.881, 100
484.987, 100
485.097, 100
485.207, 100
485.316, 100
485.426, 100
485.532, 100
485.639, 100
485.748, 100
485.857, 100
485.967, 100
486.078, 100
486.185, 100
486.295, 100
486.409, 100
486.519, 100
486.625, 77
486.729, 23
486.835, 6
486.945, 0
487.054, 0
487.164, 65535
487.27, 65535
487.374, 65535
487.483, 65535
487.59, 65535
487.699, 65535
487.809, 65535
487.918, 65535
488.025, 65535
488.136, 65535
488.243, 65535
488.35, 65535
488.459, 65535
488.565, 65535
488.656, 65535
488.762, 65535
488.871, 65535
488.978, 65535
489.085, 65535
489.189, 65535
489.292, 65535
489.397, 65535
489.509, 65535
489.618, 65535
489.727, 65535
489.837, 65535
489.943, 65535
490.05, 65535
490.159, 65535
490.268, 65535
490.378, 65535
490.487, 65535
490.596, 65535
490.706, 65535
490.815, 65535
490.922, 65535
491.028, 65535
491.134, 65535
491.238, 65535
491.348, 65535
491.457, 65535
491.567, 13
491.679, 29
491.789, 37
491.89, 40
491.997, 44
492.103, 50
492.212, 60
492.316, 66
492.407, 71
492.515, 84
492.622, 98
492.726, 100
492.835, 100
492.942, 100
493.051, 100
493.158, 100
493.269, 100
493.376, 100
493.488, 100
493.598, 100
493.704, 100
493.808, 100
493.92, 100
494.029, 100
494.138, 100
494.248, 100
494.358, 100
494.466, 100
494.576, 100
494.685, 100
494.794, 100
494.904, 100
495.013, 100
495.123, 100
495.23, 100
495.339, 100
495.449, 100
495.558, 100
495.664, 100
495.774, 100
495.88, 100
495.987, 100
496.096, 100
496.203, 100
496.314, 100
496.424, 100
496.533, 100
496.642, 100
496.753, 100
496.864, 100
496.97, 100
497.079, 100
497.185, 100
497.295, 100
497.402, 100
497.511, 100
497.617, 100
497.726, 100
497.833, 100
497.945, 100
498.051, 100
498.158, 100
498.268, 100
498.375, 100
498.484, 100
498.588, 100
498.694, 100
498.804, 100
498.913, 100
499.02, 100
499.129, 100
499.236, 100
499.342, 100
499.449, 100
499.559, 100
499.662, 100
499.772, 100
499.876, 100
499.982, 100
500.092, 100
500.201, 100
500.308, 100
500.417, 100
500.524, 100
500.635, 100
500.745, 100
500.854, 100
500.964, 100
501.07, 100
501.174, 100
501.286, 100
501.393, 100
501.499, 100
501.606, 100
501.717, 100
501.824, 100
501.928, 100
502.04, 100
502.147, 100
502.254, 100
502.36, 100
502.466, 100
502.573, 100
502.679, 100
502.789, 100
502.895, 100
502.986, 100
503.095, 100
503.204, 100
503.311, 100
503.414, 100
503.525, 100
503.634, 100
503.743, 100
503.85, 100
503.959, 100
504.068, 100
504.178, 100
504.287, 100
504.39, 100
504.5, 100
504.609, 100
504.716, 100
504.823, 100
504.932, 100
505.035, 100
505.142, 100
505.249, 100
505.359, 100
505.465, 99
505.572, 94
505.681, 90
505.785, 81
505.894, 61
506.001, 46
506.11, 48
506.217, 52
506.323, 61
506.43, 67
506.536, 69
506.646, 76
506.752, 85
506.859, 89
506.971, 81
507.08, 28
507.19, 8
507.296, 1
507.4, 0
507.504, 65535
507.611, 65535
507.719, 65535
507.826, 65535
507.936, 65535
508.047, 65535
508.157, 65535
508.268, 65535
508.371, 65535
508.48, 65535
508.587, 65535
508.694, 65535
508.803, 65535
508.915, 65535
509.021, 65535
509.128, 65535
509.235, 65535
509.341, 65535
509.453, 65535
509.562, 65535
509.672, 65535
509.781, 65535
509.885, 65535
509.994, 65535
510.1, 65535
510.204, 65535
510.316, 65535
510.423, 65535
510.535, 65535
510.641, 65535
510.751, 65535
510.86, 65535
510.951, 65535
511.057, 65535
511.164, 65535
511.27, 65535
511.361, 65535
511.467, 65535
511.576, 65535
511.683, 65535
511.792, 65535
511.883, 65535
511.989, 15
512.099, 22
512.208, 30
512.318, 34
512.427, 42
512.533, 68
512.64, 92
512.744, 100
512.85, 100
512.958, 100
513.064, 100
513.173, 100
513.277, 100
513.384, 100
513.495, 100
513.602, 100
513.711, 100
513.818, 100
513.927, 100
514.037, 100
514.143, 100
514.253, 100
514.359, 100
514.466, 100
514.575, 100
514.685, 100
514.791, 100
514.9, 100
515.012, 100
515.122, 100
515.228, 100
515.34, 100
515.449, 100
515.554, 100
515.665, 100
515.775, 100
515.884, 100
515.991, 100
516.098, 100
516.204, 100
516.314, 100
516.423, 100
516.533, 100
516.643, 100
516.749, 100
516.858, 100
516.965, 100
517.072, 100
517.183, 100
517.293, 100
517.402, 100
517.511, 100
517.618, 100
517.724, 100
517.829, 100
517.938, 100
518.044, 100
518.154, 100
518.26, 100
518.37, 100
518.474, 100
518.578, 100
518.688, 100
518.794, 100
518.904, 100
519.01, 100
519.123, 100
519.229, 100
519.336, 100
519.442, 100
519.554, 100
519.666, 100
519.77, 100
519.88, 100
519.986, 100
520.093, 100
520.202, 100
520.311, 100
520.421, 100
520.527, 100
520.634, 100
520.741, 100
520.852, 100
520.962, 100
521.071, 100
521.18, 100
521.29, 100
521.399, 100
521.506, 100
521.615, 100
521.725, 100
521.831, 100
521.938, 100
522.047, 100
522.156, 100
522.265, 100
522.372, 100
522.479, 34
522.583, 11
522.689, 2
522.796, 0
522.907, 65535
523.014, 65535
523.126, 65535
523.233, 65535
523.339, 65535
523.446, 65535
523.553, 65535
523.662, 65535
523.769, 65535
523.873, 65535
523.982, 65535
524.086, 65535
524.192, 65535
524.302, 65535
524.406, 65535
524.515, 65535
524.624, 65535
524.734, 65535
524.843, 65535
524.95, 65535
525.059, 65535
525.165, 65535
525.269, 65535
525.377, 65535
525.483, 7
525.59, 9
525.696, 8
525.806, 10
525.912, 10
526.024, 9
526.133, 15
526.243, 30
526.352, 41
526.461, 43
526.573, 47
526.68, 57
526.789, 65
526.896, 71
527.002, 80
527.111, 93
527.218, 100
527.33, 100
527.439, 100
527.549, 100
527.659, 100
527.765, 100
527.871, 100
527.981, 100
528.087, 100
528.197, 100
528.289, 100
528.396, 100
528.505, 100
528.613, 100
528.719, 100
528.825, 100
528.932, 100
529.039, 100
529.145, 100
529.254, 100
529.345, 100
529.451, 100
529.561, 100
529.672, 100
529.778, 100
529.885, 100
529.991, 100
530.098, 100
530.205, 100
530.308, 100
530.415, 100
530.524, 100
530.631, 100
530.737, 100
530.846, 100
530.95, 100
531.057, 100
531.164, 100
531.274, 100
531.378, 100
531.485, 100
531.593, 100
531.701, 100
531.81, 100
531.916, 100
532.025, 100
532.132, 100
532.241, 100
532.351, 100
532.457, 100
532.548, 100
532.654, 100
532.761, 100
532.867, 100
532.971, 100
533.077, 100
533.186, 100
533.296, 100
533.402, 100
533.506, 100
533.613, 100
533.719, 100
533.829, 100
533.935, 100
534.044, 100
534.154, 100
534.26, 100
534.367, 100
534.473, 100
534.583, 100
534.689, 100
534.796, 100
534.905, 100
535.012, 100
535.121, 100
535.228, 100
535.337, 100
535.428, 100
535.534, 100
535.643, 100
535.75, 100
535.859, 100
535.966, 100
536.075, 100
536.185, 100
536.289, 100
536.395, 100
536.502, 100
536.611, 100
536.715, 100
536.828, 100
536.937, 100
537.046, 100
537.156, 100
537.262, 100
537.374, 100
537.483, 100
537.593, 100
537.702, 100
537.811, 100
537.92, 100
538.03, 100
538.139, 100
538.248, 100
538.359, 100
538.466, 100
538.575, 100
538.681, 100
538.788, 100
538.895, 100
539.002, 100
539.111, 100
539.217, 100
539.324, 100
539.428, 100
539.54, 100
539.646, 100
539.753, 100
539.86, 100
539.969, 100
540.077, 100
540.184, 100
540.29, 100
540.397, 100
540.503, 100
540.61, 100
540.716, 100
540.826, 100
540.932, 100
541.023, 100
541.133, 100
541.243, 100
541.352, 100
541.462, 100
541.571, 100
541.675, 100
541.781, 100
541.891, 100
541.998, 100
542.104, 100
542.21, 100
542.321, 100
542.43, 100
542.539, 100
542.648, 100
542.755, 100
542.864, 100
542.974, 100
543.08, 100
543.187, 100
543.296, 100
543.4, 100
543.507, 100
543.613, 100
543.72, 100
543.827, 100
543.936, 100
544.045, 100
544.149, 100
544.256, 100
544.362, 100
544.468, 100
544.578, 100
544.685, 100
544.797, 100
544.904, 100
545.016, 100
545.122, 100
545.228, 100
545.332, 100
545.439, 100
545.548, 100
545.652, 100
545.761, 100
545.868, 100
545.977, 100
546.084, 100
546.188, 100
546.294, 100
546.404, 100
546.511, 100
546.62, 100
546.729, 100
546.836, 100
546.94, 100
547.049, 100
547.159, 100
547.265, 100
547.372, 100
547.481, 100
547.59, 100
547.697, 100
547.801, 100
547.913, 100
548.02, 100
548.126, 100
548.235, 100
548.345, 100
548.449, 100
548.558, 100
548.667, 100
548.779, 100
548.889, 100
549.001, 100
549.107, 100
549.214, 100
549.321, 100
549.427, 100
549.533, 100
549.64, 100
549.747, 100
549.858, 100
549.965, 100
550.071, 100
550.181, 100
550.29, 100
550.397, 100
550.503, 100
550.613, 100
550.719, 100
550.823, 100
550.927, 100
551.036, 100
551.145, 100
551.25, 100
551.356, 100
551.466, 100
551.575, 100
551.682, 100
551.791, 100
551.9, 100
552.009, 100
552.116, 100
552.225, 100
552.334, 100
552.444, 100
552.551, 100
552.657, 93
552.766, 35
552.873, 10
552.985, 1
553.092, 0
553.201, 65535
553.311, 65535
553.42, 65535
553.532, 65535
553.642, 65535
553.748, 65535
553.855, 65535
553.964, 65535
554.074, 65535
554.183, 65535
554.29, 65535
554.396, 65535
554.503, 65535
554.612, 65535
554.722, 65535
554.831, 65535
554.937, 65535
555.041, 65535
555.151, 65535
555.257, 65535
555.361, 65535
555.465, 65535
555.572, 65535
555.681, 65535
555.787, 65535
555.894, 65535
556.001, 65535
556.112, 65535
556.221, 65535
556.331, 65535
556.438, 65535
556.552, 65535
556.659, 65535
556.768, 65535
556.874, 65535
556.965, 65535
557.072, 65535
557.181, 65535
557.288, 65535
557.394, 65535
557.506, 65535
557.615, 65535
557.725, 65535
557.831, 65535
557.941, 65535
558.048, 65535
558.154, 65535
558.266, 65535
558.375, 65535
558.485, 65535
558.595, 65535
558.701, 10
558.807, 18
558.911, 21
559.018, 25
559.127, 33
559.236, 42
559.343, 49
559.452, 63
559.562, 72
559.668, 85
559.772, 93
559.879, 94
559.985, 96
560.092, 98
560.196, 99
560.302, 99
560.412, 100
560.518, 100
560.628, 100
560.734, 100
560.841, 100
560.951, 100
561.058, 100
561.165, 100
561.273, 100
561.377, 100
561.486, 100
561.596, 100
561.705, 100
561.814, 100
561.921, 100
562.027, 100
562.136, 100
562.243, 100
562.35, 100
562.459, 100
562.565, 100
562.672, 100
562.779, 100
562.885, 100
562.989, 100
563.095, 100
563.202, 100
563.309, 100
563.415, 100
563.522, 100
563.631, 100
563.738, 100
563.85, 100
563.959, 100
564.071, 100
564.18, 100
564.29, 100
564.399, 100
564.509, 100
564.615, 100
564.722, 100
564.829, 100
564.936, 100
565.045, 100
565.151, 100
565.258, 100
565.368, 100
565.477, 100
565.587, 100
565.696, 100
565.806, 100
565.915, 100
566.024, 100
566.13, 100
566.24, 100
566.347, 100
566.456, 100
566.563, 100
566.67, 100
566.779, 100
566.885, 100
566.992, 100
567.104, 100
567.21, 100
567.319, 100
567.429, 100
567.536, 100
567.648, 100
567.758, 100
567.867, 100
567.973, 100
568.077, 100
568.181, 100
568.287, 100
568.397, 100
568.506, 100
568.616, 100
568.725, 100
568.834, 100
568.943, 100
569.053, 100
569.162, 100
569.271, 100
569.381, 100
569.488, 100
569.599, 100
569.709, 100
569.818, 100
569.924, 100
570.034, 100
570.146, 100
570.252, 100
570.357, 100
570.468, 100
570.578, 100
570.687, 100
570.796, 100
570.908, 100
571.015, 100
571.124, 100
571.231, 100
571.337, 100
571.446, 100
571.553, 100
571.665, 100
571.774, 100
571.881, 100
571.987, 100
572.097, 100
572.206, 100
572.313, 100
572.422, 100
572.534, 100
572.64, 100
572.747, 100
572.853, 90
572.96, 28
573.067, 8
573.174, 1
573.283, 0
573.392, 65535
573.502, 65535
573.611, 65535
573.72, 65535
573.827, 65535
573.936, 65535
574.043, 65535
574.149, 65535
574.24, 65535
574.349, 65535
574.458, 65535
574.568, 65535
574.677, 65535
574.786, 65535
574.894, 65535
575, 65535
575.106, 65535
575.213, 65535
575.323, 65535
575.432, 65535
575.541, 65535
575.651, 65535
575.757, 65535
575.864, 65535
575.971, 65535
576.077, 65535
576.182, 65535
576.291, 65535
576.401, 65535
576.504, 65535
576.611, 65535
576.72, 65535
576.829, 65535
576.936, 65535
577.046, 65535
577.155, 65535
577.261, 65535
577.352, 65535
577.461, 65535
577.565, 65535
577.671, 65535
577.781, 0
577.89, 12
577.997, 23
578.103, 33
578.213, 46
578.324, 73
578.431, 100
578.535, 100
578.641, 100
578.748, 100
578.855, 100
578.961, 100
579.071, 100
579.177, 100
579.286, 100
579.396, 100
579.505, 100
579.611, 100
579.702, 100
579.811, 100
579.918, 100
580.027, 100
580.131, 100
580.243, 100
580.354, 100
580.464, 100
580.576, 100
580.685, 100
580.794, 100
580.901, 100
581.01, 100
581.114, 100
581.205, 100
581.314, 98
581.423, 35
581.533, 10
581.64, 1
581.751, 0
581.861, 65535
581.971, 65535
582.077, 65535
582.183, 65535
582.293, 65535
582.402, 65535
582.509, 65535
582.618, 65535
582.724, 65535
582.831, 65535
582.941, 65535
583.05, 65535
583.159, 65535
583.263, 65535
583.373, 65535
583.484, 65535
583.594, 65535
583.704, 65535
583.813, 65535
583.917, 65535
584.023, 10
584.13, 19
584.237, 29
584.343, 39
584.45, 51
584.556, 64
584.667, 75
584.776, 87
584.885, 99
584.994, 100
585.103, 100
585.213, 100
585.32, 100
585.426, 100
585.536, 100
585.643, 100
585.753, 100
585.861, 100
585.952, 100
586.061, 100
586.152, 100
586.261, 100
586.367, 100
586.474, 100
586.575, 100
586.687, 100
586.796, 100
586.9, 100
587.009, 100
587.116, 100
587.22, 100
587.329, 100
587.436, 100
587.542, 100
587.65, 100
587.761, 100
587.868, 100
587.974, 100
588.078, 100
588.185, 100
588.291, 100
588.402, 100
588.511, 100
588.621, 100
588.729, 100
588.82, 100
588.929, 100
589.036, 100
589.145, 100
589.252, 100
589.361, 100
589.473, 100
589.582, 100
589.689, 100
589.795, 100
589.904, 100
590.009, 100
590.118, 100
590.227, 100
590.334, 100
590.437, 100
590.544, 100
590.657, 100
590.766, 100
590.873, 100
590.98, 100
591.086, 100
591.198, 100
591.307, 100
591.414, 100
591.523, 100
591.63, 100
591.736, 100
591.844, 100
591.953, 100
592.06, 100
592.17, 100
592.279, 100
592.388, 100
592.492, 100
592.598, 100
592.705, 100
592.809, 100
592.918, 100
593.027, 100
593.137, 100
593.248, 100
593.355, 100
593.464, 100
593.571, 100
593.675, 100
593.784, 100
593.896, 100
594.003, 100
594.11, 100
594.222, 100
594.333, 100
594.443, 100
594.549, 100
594.658, 100
594.765, 100
594.872, 100
594.976, 100
595.088, 100
595.197, 100
595.307, 100
595.416, 100
595.52, 100
595.626, 100
595.736, 100
595.842, 100
595.952, 100
596.058, 100
596.168, 100
596.277, 100
596.386, 100
596.495, 100
596.605, 100
596.712, 100
596.821, 100
596.93, 100
597.04, 100
597.147, 100
597.253, 100
597.363, 100
597.475, 100
597.584, 100
597.696, 100
597.805, 100
597.914, 100
598.024, 100
598.133, 100
598.242, 100
598.349, 100
598.461, 100
598.568, 100
598.677, 100
598.784, 100
598.893, 100
599.002, 100
599.106, 100
599.213, 100
599.319, 100
599.429, 100
599.535, 100
599.639, 100
599.745, 100
599.852, 100
599.959, 100
600.066, 100
600.172, 100
600.278, 100
600.382, 100
600.494, 100
600.603, 100
600.713, 100
600.819, 100
600.929, 100
601.036, 100
601.145, 100
601.252, 100
601.356, 100
601.468, 100
601.574, 100
601.684, 100
601.796, 100
601.905, 100
602.014, 100
602.124, 100
602.231, 100
602.342, 100
602.451, 100
602.561, 100
602.668, 100
602.774, 100
602.883, 100
602.993, 100
603.097, 100
603.206, 100
603.316, 100
603.422, 100
603.532, 100
603.641, 100
603.747, 100
603.854, 100
603.961, 100
604.067, 100
604.179, 100
604.291, 100
604.403, 100
604.512, 100
604.619, 100
604.73, 100
604.821, 100
604.93, 100
605.037, 100
605.146, 100
605.255, 100
605.362, 100
605.469, 100
605.578, 100
605.684, 100
605.794, 100
605.897, 100
606.007, 100
606.116, 100
606.228, 100
606.334, 100
606.436, 100
606.542, 100
606.633, 100
606.745, 100
606.855, 100
606.967, 100
607.073, 100
607.183, 100
607.295, 100
607.405, 100
607.514, 100
607.621, 100
607.73, 100
607.836, 100
607.946, 96
608.052, 36
608.159, 11
608.269, 2
608.378, 0
608.487, 65535
608.597, 65535
608.706, 65535
608.815, 65535
608.922, 65535
609.034, 65535
609.141, 65535
609.247, 65535
609.356, 65535
609.466, 65535
609.575, 65535
609.684, 65535
609.795, 65535
609.901, 65535
610.01, 65535
610.117, 65535
610.226, 65535
610.336, 65535
610.442, 65535
610.533, 65535
610.639, 65535
610.746, 65535
610.856, 65535
610.965, 65535
611.071, 65535
611.175, 65535
611.282, 65535
611.388, 65535
611.495, 65535
611.602, 65535
611.714, 65535
611.823, 65535
611.932, 65535
612.039, 65535
612.143, 65535
612.247, 65535
612.353, 65535
612.46, 65535
612.571, 65535
612.678, 65535
612.785, 65535
612.894, 65535
613.003, 65535
613.112, 65535
613.22, 65535
613.331, 65535
613.437, 65535
613.544, 65535
613.648, 65535
613.757, 65535
613.864, 65535
613.971, 65535
614.077, 65535
614.184, 65535
614.294, 65535
614.406, 65535
614.516, 65535
614.625, 65535
614.735, 65535
614.847, 65535
614.953, 21
615.065, 34
615.175, 39
615.284, 40
615.391, 37
615.498, 32
615.607, 26
615.713, 22
615.823, 21
615.929, 24
616.038, 31
616.148, 36
616.259, 41
616.35, 48
616.459, 57
616.566, 61
616.677, 63
616.789, 63
616.896, 64
617.005, 64
617.114, 65
617.221, 67
617.331, 73
617.437, 77
617.547, 77
617.653, 76
617.763, 76
617.869, 75
617.976, 75
618.083, 75
618.192, 74
618.298, 74
618.389, 73
618.493, 72
618.599, 71
618.706, 69
618.815, 68
618.922, 67
619.031, 68
619.141, 70
619.252, 71
619.362, 73
619.471, 73
619.581, 74
619.69, 74
619.8, 74
619.906, 75
620.015, 75
620.119, 76
620.226, 76
620.332, 77
620.441, 77
620.548, 75
620.657, 74
620.764, 73
620.876, 72
620.988, 71
621.095, 70
621.204, 70
621.314, 70
621.424, 69
621.533, 68
621.642, 67
621.752, 68
621.867, 68
621.971, 68
622.077, 68
622.184, 68
622.293, 67
622.397, 65
622.501, 63
622.605, 62
622.711, 62
622.818, 61
622.927, 59
623.031, 54
623.14, 50
623.247, 48
623.356, 47
623.463, 47
623.569, 46
623.676, 44
623.78, 43
623.887, 42
623.996, 42
624.108, 42
624.212, 41
624.324, 40
624.431, 39
624.535, 39
624.646, 38
624.75, 38
624.856, 38
624.967, 38
625.074, 38
625.18, 38
625.29, 38
625.4, 38
625.506, 38
625.618, 36
625.724, 35
625.829, 34
625.94, 34
626.049, 34
626.156, 34
626.247, 34
626.353, 36
626.462, 42
626.572, 50
626.678, 56
626.785, 60
626.891, 63
626.998, 64
627.11, 66
627.216, 67
627.323, 69
627.432, 73
627.539, 77
627.648, 81
627.752, 84
627.861, 88
627.952, 91
628.058, 99
628.165, 100
628.274, 100
628.384, 100
628.49, 100
628.596, 100
628.706, 100
628.812, 100
628.925, 100
629.034, 100
629.143, 100
629.249, 86
629.359, 27
629.462, 8
629.567, 1
629.679, 0
629.788, 65535
629.9, 0
630.012, 12
630.121, 17
630.233, 21
630.34, 26
630.45, 26
630.559, 27
630.668, 28
630.775, 31
630.882, 32
630.988, 39
631.095, 47
631.204, 52
631.314, 55
631.423, 55
631.532, 56
631.641, 55
631.751, 52
631.86, 53
631.967, 56
632.079, 59
632.188, 65
632.298, 70
632.405, 79
632.517, 98
632.626, 100
632.733, 100
632.844, 65
632.951, 19
633.058, 5
633.164, 0
633.271, 0
633.382, 65535
633.489, 65535
633.596, 65535
633.705, 65535
633.812, 65535
633.918, 65535
634.027, 65535
634.131, 65535
634.238, 65535
634.345, 65535
634.451, 65535
634.558, 65535
634.664, 65535
634.771, 65535
634.88, 65535
634.987, 65535
635.093, 65535
635.203, 65535
635.312, 65535
635.418, 65535
635.525, 65535
635.632, 65535
635.738, 65535
635.845, 65535
635.951, 65535
636.042, 65535
636.148, 65535
636.239, 65535
636.345, 65535
636.452, 65535
636.558, 65535
636.67, 65535
636.776, 65535
636.881, 65535
636.992, 65535
637.102, 65535
637.208, 65535
637.318, 65535
637.424, 65535
637.531, 65535
637.632, 65535
637.744, 65535
637.853, 65535
637.96, 65535
638.069, 65535
638.176, 65535
638.282, 65535
638.392, 65535
638.498, 9
638.589, 14
638.695, 23
638.804, 32
638.911, 35
639.018, 39
639.121, 43
639.225, 48
639.329, 56
639.436, 68
639.545, 82
639.65, 92
639.756, 99
639.862, 98
639.969, 91
640.078, 89
640.183, 95
640.289, 100
640.395, 100
640.499, 100
640.609, 100
640.715, 100
640.825, 100
640.931, 100
641.04, 100
641.147, 100
641.254, 100
641.36, 100
641.467, 100
641.573, 100
641.68, 100
641.789, 100
641.896, 100
642.006, 100
642.115, 100
642.224, 100
642.331, 100
642.443, 100
642.549, 100
642.656, 100
642.763, 100
642.869, 100
642.976, 100
643.085, 100
643.192, 100
643.301, 100
643.411, 100
643.517, 100
643.627, 100
643.734, 100
643.843, 100
643.952, 100
644.056, 100
644.162, 100
644.269, 100
644.375, 100
644.485, 100
644.594, 100
644.704, 100
644.81, 100
644.919, 100
645.023, 100
645.13, 100
645.239, 100
645.346, 100
645.452, 100
645.559, 100
645.665, 100
645.775, 100
645.881, 100
645.99, 100
646.1, 100
646.206, 100
646.315, 100
646.422, 100
646.529, 100
646.636, 100
646.742, 100
646.833, 100
646.94, 99
647.05, 82
647.161, 70
647.271, 64
647.377, 33
647.484, 10
647.593, 1
647.703, 0
647.809, 65535
647.918, 65535
648.026, 65535
648.133, 65535
648.237, 65535
648.344, 65535
648.437, 65535
648.541, 65535
648.647, 65535
648.753, 65535
648.863, 65535
648.966, 65535
649.073, 65535
649.177, 65535
649.283, 65535
649.39, 65535
649.481, 65535
649.59, 65535
649.7, 65535
649.804, 65535
649.911, 65535
650.02, 65535
650.124, 65535
650.23, 65535
650.34, 65535
650.449, 65535
650.555, 65535
650.663, 65535
650.771, 65535
650.878, 65535
650.969, 65535
651.076, 65535
651.182, 65535
651.289, 65535
651.398, 65535
651.505, 65535
651.615, 65535
651.726, 65535
651.817, 65535
651.926, 65535
652.035, 65535
652.144, 65535
652.254, 65535
652.36, 65535
652.451, 65535
652.56, 65535
652.67, 65535
652.776, 65535
652.88, 65535
652.992, 65535
653.102, 65535
653.212, 65535
653.321, 65535
653.43, 65535
653.534, 9
653.643, 21
653.754, 26
653.863, 32
653.972, 39
654.078, 52
654.185, 68
654.292, 82
654.404, 98
654.513, 100
654.62, 100
654.729, 100
654.838, 100
654.942, 100
655.049, 100
655.155, 100
655.263, 100
655.369, 100
655.481, 100
655.59, 100
655.697, 100
655.801, 100
655.908, 100
656.017, 100
656.124, 100
656.232, 100
656.342, 100
656.448, 100
656.558, 100
656.664, 100
656.755, 100
656.861, 100
656.971, 100
657.08, 100
657.187, 100
657.293, 100
657.405, 100
657.517, 100
657.624, 100
657.733, 100
657.84, 100
657.952, 100
658.059, 100
658.17, 100
658.277, 100
658.384, 100
658.494, 100
658.603, 100
658.71, 100
658.816, 100
658.907, 100
659.013, 100
659.122, 100
659.229, 100
659.335, 100
659.442, 100
659.551, 100
659.658, 100
659.77, 100
659.876, 100
659.985, 100
660.095, 100
660.204, 100
660.314, 100
660.423, 100
660.535, 85
660.639, 30
660.748, 8
660.857, 1
660.967, 0
661.073, 65535
661.183, 65535
661.292, 65535
661.398, 65535
661.508, 65535
661.62, 65535
661.727, 65535
661.833, 65535
661.94, 65535
662.044, 65535
662.135, 65535
662.241, 65535
662.347, 65535
662.457, 65535
662.567, 65535
662.676, 65535
662.785, 65535
662.894, 65535
663.001, 13
663.108, 23
663.2, 26
663.31, 30
663.416, 32
663.523, 32
663.633, 33
663.74, 33
663.846, 33
663.952, 33
664.06, 33
664.169, 31
664.278, 29
664.388, 29
664.494, 29
664.606, 29
664.717, 28
664.824, 28
664.936, 28
665.042, 29
665.154, 29
665.263, 28
665.368, 27
665.474, 27
665.586, 27
665.695, 27
665.805, 27
665.911, 27
666.02, 27
666.124, 27
666.234, 27
666.341, 25
666.447, 22
666.553, 18
666.665, 6
666.772, 0
666.882, 0
666.988, 65535
667.079, 65535
667.185, 65535
667.294, 65535
667.404, 65535
667.514, 65535
667.62, 65535
667.729, 65535
667.836, 65535
667.948, 65535
668.057, 65535
668.169, 65535
668.281, 65535
668.39, 65535
668.497, 65535
668.606, 65535
668.713, 65535
668.819, 65535
668.931, 65535
669.04, 65535
669.144, 65535
669.255, 65535
669.365, 65535
669.472, 65535
669.584, 65535
669.693, 65535
669.8, 65535
669.909, 65535
670.021, 65535
670.127, 65535
670.237, 65535
670.34, 65535
670.447, 65535
670.554, 65535
670.663, 65535
670.769, 65535
670.879, 65535
670.986, 65535
671.09, 65535
671.199, 65535
671.303, 65535
671.412, 65535
671.522, 65535
671.628, 65535
671.734, 65535
671.844, 65535
671.956, 65535
672.066, 65535
672.174, 65535
672.284, 65535
672.391, 65535
672.494, 65535
672.604, 65535
672.71, 65535
672.82, 65535
672.929, 65535
673.036, 65535
673.147, 65535
673.257, 65535
673.366, 65535
673.475, 65535
673.579, 65535
673.689, 65535
673.795, 65535
673.904, 65535
674.016, 65535
674.123, 65535
674.23, 65535
674.339, 65535
674.448, 65535
674.555, 65535
674.662, 65535
674.771, 65535
674.877, 65535
674.981, 65535
675.085, 65535
675.192, 65535
675.301, 65535
675.41, 65535
675.518, 65535
675.629, 65535
675.736, 65535
675.848, 65535
675.957, 65535
676.061, 65535
676.167, 65535
676.258, 65535
676.367, 65535
676.476, 65535
676.582, 65535
676.686, 65535
676.79, 65535
676.881, 65535
676.987, 65535
677.096, 65535
677.203, 65535
677.313, 65535
677.419, 65535
677.529, 65535
677.638, 65535
677.747, 65535
677.851, 65535
677.957, 65535
678.061, 65535
678.17, 65535
678.28, 65535
678.387, 65535
678.496, 65535
678.602, 65535
678.711, 65535
678.818, 65535
678.927, 65535
679.034, 65535
679.143, 65535
679.25, 65535
679.359, 65535
679.466, 65535
679.576, 65535
679.686, 65535
679.792, 65535
679.899, 65535
680.005, 65535
680.109, 65535
680.215, 65535
680.323, 65535
680.429, 65535
680.539, 65535
680.648, 65535
680.755, 65535
680.861, 65535
680.968, 65535
681.077, 65535
681.184, 65535
681.29, 65535
681.394, 65535
681.501, 65535
681.61, 65535
681.701, 65535
681.807, 65535
681.913, 65535
682.02, 65535
682.13, 65535
682.242, 65535
682.349, 2
682.458, 5
682.549, 6
682.655, 11
682.764, 14
682.868, 11
682.975, 6
683.066, 5
683.175, 0
683.284, 0
683.388, 65535
683.498, 65535
683.607, 65535
683.713, 65535
683.82, 65535
683.929, 65535
684.038, 65535
684.145, 65535
684.257, 65535
684.363, 65535
684.473, 65535
684.582, 10
684.692, 14
684.801, 15
684.91, 15
685.017, 14
685.124, 10
685.235, 7
685.345, 6
685.451, 5
685.558, 5
685.664, 5
685.771, 5
685.881, 5
685.99, 5
686.096, 4
686.203, 2
686.312, 0
686.419, 65535
686.53, 65535
686.64, 65535
686.747, 65535
686.851, 65535
686.96, 65535
687.067, 65535
687.173, 65535
687.28, 65535
687.39, 65535
687.5, 65535
687.606, 65535
687.713, 1
687.822, 1
687.931, 1
688.035, 1
688.142, 4
688.251, 6
688.36, 7
688.47, 7
688.576, 7
688.685, 7
688.794, 7
688.902, 7
689.011, 6
689.12, 6
689.224, 6
689.333, 6
689.442, 6
689.552, 6
689.656, 6
689.767, 6
689.858, 6
689.967, 6
690.076, 6
690.18, 6
690.287, 6
690.396, 6
690.503, 6
690.614, 6
690.724, 6
690.836, 6
690.948, 6
691.057, 6
691.164, 6
691.273, 6
691.377, 6
691.484, 6
691.59, 6
691.697, 6
691.804, 6
691.91, 6
692.017, 6
692.128, 6
692.238, 6
692.347, 6
692.438, 6
692.547, 6
692.64, 6
692.746, 6
692.856, 6
692.962, 6
693.069, 6
693.179, 6
693.285, 12
693.397, 18
693.504, 19
693.616, 8
693.723, 1
693.832, 0
693.944, 65535
694.053, 65535
694.16, 65535
694.272, 65535
694.381, 65535
694.49, 65535
694.594, 65535
694.698, 65535
694.805, 65535
694.914, 65535
695.023, 65535
695.132, 65535
695.239, 65535
695.343, 65535
695.455, 65535
695.561, 65535
695.67, 65535
695.78, 65535
695.887, 65535
695.996, 65535
696.103, 65535
696.209, 65535
696.3, 65535
696.406, 65535
696.513, 65535
696.624, 65535
696.715, 65535
696.824, 65535
696.931, 65535
697.04, 65535
697.147, 65535
697.253, 65535
697.36, 65535
697.466, 65535
697.575, 65535
697.682, 65535
697.791, 65535
697.9, 65535
698.004, 0
698.111, 0
698.22, 0
698.329, 0
698.437, 0
698.542, 0
698.651, 0
698.76, 0
698.867, 0
698.976, 0
699.086, 0
699.195, 0
699.304, 0
699.408, 0
700.058, 0
700.167, 0
700.274, 0
700.38, 0
700.49, 0
700.596, 0
700.706, 0
700.812, 0
700.921, 0
701.031, 0
701.137, 0
701.241, 0
701.35, 0
701.457, 0
701.566, 0
701.675, 0
701.785, 0
701.894, 0
702, 0
702.107, 0
702.213, 0
702.323, 0
702.432, 0
702.541, 0
702.65, 0
702.757, 0
702.866, 0
702.976, 0
703.085, 0
703.191, 0
703.301, 0
703.41, 0
703.516, 0
703.626, 0
703.735, 0
703.844, 0
703.954, 0
704.06, 0
704.167, 0
704.276, 0
704.385, 0
704.492, 0
704.598, 0
704.708, 0
704.817, 0
704.926, 0
705.03, 0
705.139, 0
705.249, 0
705.358, 0
705.462, 0
705.568, 0
705.68, 0
705.789, 0
705.896, 0
706.002, 0
706.109, 0
706.216, 0
706.325, 0
706.434, 0
706.541, 0
706.653, 0
706.762, 0
706.871, 0
706.98, 0
707.087, 0
707.196, 0
707.305, 0
707.415, 0
707.524, 0
707.631, 0
707.74, 0
707.849, 0
707.956, 0
708.059, 0
708.169, 0
708.278, 0
708.387, 0
708.494, 0
708.603, 0
708.712, 0
708.819, 0
708.923, 0
709.032, 0
709.139, 0
709.245, 0
709.357, 0
709.466, 0
709.576, 0
709.682, 0
709.789, 0
709.896, 0
710.005, 0
710.114, 0
710.22, 0
710.33, 0
710.439, 0
710.548, 0
710.657, 0
710.767, 0
710.876, 0
710.982, 0
711.092, 0
711.201, 0
711.31, 0
711.417, 0
711.526, 0
711.636, 0
711.745, 0
711.849, 0
711.955, 0
712.064, 0
712.174, 0
712.281, 0
712.387, 0
712.499, 0
712.608, 0
712.714, 0
712.818, 0
712.928, 0
713.034, 0
713.143, 0
713.253, 0
713.362, 0
713.471, 0
713.578, 0
713.684, 0
713.791, 0
713.9, 0
714.01, 0
714.119, 0
714.228, 0
714.334, 0
714.444, 0
714.553, 0
714.662, 0
714.769, 0
714.878, 0
714.987, 0
715.094, 0
715.198, 0
715.307, 0
715.416, 0
715.526, 0
715.632, 0
715.742, 0
715.851, 0
715.96, 0
716.069, 0
716.179, 0
716.288, 0
716.395, 0
716.501, 0
716.607, 0
716.714, 0
716.821, 0
716.93, 0
717.039, 0
717.148, 0
717.258, 0
717.367, 0
717.471, 0
717.58, 0
717.687, 0
717.796, 0
717.905, 0
718.014, 0
718.124, 0
718.23, 0
718.339, 0
718.449, 0
718.558, 0
718.664, 0
718.774, 0
718.883, 0
718.99, 0
719.093, 0
719.203, 0
719.312, 0
719.421, 0
719.528, 0
719.637, 0
719.746, 0
719.853, 0
719.962, 0
720.071, 0
720.178, 0
720.29, 0
720.396, 0
720.503, 0
720.609, 0
720.714, 0
720.825, 0
720.935, 0
721.044, 0
721.153, 0
721.26, 0
721.366, 0
721.476, 0
721.58, 0
721.689, 0
721.798, 0
721.907, 0
722.016, 0
722.126, 0
722.235, 0
722.344, 0
722.451, 0
722.56, 0
722.669, 0
722.778, 0
722.888, 0
722.994, 0
723.104, 0
723.213, 0
723.32, 0
723.426, 0
723.533, 0
723.642, 0
723.751, 0
723.858, 0
723.967, 0
724.076, 0
724.186, 0
724.289, 0
724.399, 0
724.508, 0
724.614, 0
724.721, 0
724.828, 0
724.939, 0
725.049, 0
725.155, 0
725.262, 0
725.368, 0
725.478, 0
725.587, 0
725.693, 0
725.803, 0
725.912, 0
726.018, 0
726.125, 0
726.231, 0
726.341, 0
726.45, 0
726.559, 0
726.669, 0
726.775, 0
726.884, 0
726.994, 0
727.103, 0
727.21, 0
727.319, 0
727.428, 0
727.535, 0
727.644, 0
727.753, 0
727.862, 0
727.972, 0
728.078, 0
728.185, 0
728.291, 0
728.401, 0
728.51, 0
728.616, 0
728.726, 0
728.835, 0
728.942, 0
729.048, 0
729.155, 0
729.264, 0
729.371, 0
729.482, 0
729.592, 0
729.701, 0
729.808, 0
729.917, 0
730.024, 0
730.13, 0
730.237, 0
730.346, 0
730.455, 0
730.564, 0
730.671, 0
730.78, 0
730.889, 0
730.999, 0
731.105, 0
731.214, 0
731.324, 0
731.43, 0
731.54, 0
731.646, 0
731.758, 0
731.867, 0
731.971, 0
732.08, 0
732.19, 0
732.299, 0
732.406, 0
732.515, 0
732.624, 0
732.733, 0
732.842, 0
732.949, 0
733.058, 0
733.165, 0
733.269, 0
733.375, 0
733.485, 0
733.594, 0
733.7, 0
733.807, 0
733.916, 0
734.02, 0
734.129, 0
734.238, 0
734.348, 0
734.457, 0
734.566, 0
734.675, 0
734.785, 0
734.891, 0
735.001, 0
735.11, 0
735.216, 0
735.323, 0
735.435, 0
735.544, 0
735.654, 0
735.76, 0
735.867, 0
735.973, 0
736.082, 0
736.192, 0
736.298, 0
736.408, 0
736.517, 0
736.626, 0
736.73, 0
736.839, 0
736.946, 0
737.055, 0
737.162, 0
737.268, 0
737.38, 0
737.489, 0
737.596, 0
737.703, 0
737.812, 0
737.918, 0
738.025, 0
738.134, 0
738.243, 0
738.353, 0
738.462, 0
738.571, 0
738.68, 0
738.787, 0
738.896, 0
739.005, 0
739.112, 0
739.221, 0
739.33, 0
739.44, 0
739.549, 0
739.653, 0
739.762, 0
739.869, 0
739.978, 0
740.087, 0
740.194, 0
740.303, 0
740.412, 0
740.519, 0
740.625, 0
740.732, 0
740.841, 0
740.951, 0
741.057, 0
741.166, 0
741.276, 0
741.382, 0
741.489, 0
741.595, 0
741.704, 0
741.811, 0
741.923, 0
742.032, 0
742.141, 0
742.248, 0
742.357, 0
742.467, 0
742.576, 0
742.682, 0
742.792, 0
742.898, 0
743.008, 0
743.117, 0
743.226, 0
743.335, 0
743.445, 0
743.548, 0
743.658, 0
743.764, 0
743.874, 0
743.98, 0
744.087, 0
744.199, 0
744.308, 0
744.414, 0
744.521, 0
744.628, 0
744.737, 0
744.846, 0
744.953, 0
745.062, 0
745.171, 0
745.28, 0
745.39, 0
745.493, 0
745.603, 0
745.707, 0
745.816, 0
745.925, 0
746.034, 0
746.144, 0
746.253, 0
746.362, 0
746.469, 0
746.578, 0
746.687, 0
746.796, 0
746.906, 0
747.012, 0
747.122, 0
747.231, 0
747.337, 0
747.444, 0
747.553, 0
747.657, 0
747.764, 0
747.876, 0
747.985, 0
748.094, 0
748.201, 0
748.307, 0
748.414, 0
748.523, 0
748.63, 0
748.742, 0
748.851, 0
748.96, 0
749.067, 0
749.176, 0
749.283, 0
749.389, 0
749.496, 0
749.605, 0
749.714, 0
749.823, 0
749.93, 0
750.039, 0
750.148, 0
750.258, 0
750.364, 0
750.473, 0
750.583, 0
750.69, 0
750.799, 0
750.905, 0
751.017, 0
751.126, 0
751.23, 0
751.34, 0
751.449, 0
751.558, 0
751.665, 0
751.772, 0
751.883, 0
751.993, 0
752.102, 0
752.208, 0
752.318, 0
752.424, 0
752.528, 0
752.634, 0
752.744, 0
752.853, 0
752.959, 0
753.066, 0
753.175, 0
753.279, 0
753.388, 0
753.498, 0
753.607, 0
753.716, 0
753.825, 0
753.935, 0
754.044, 0
754.15, 0
754.26, 0
754.369, 0
754.476, 0
754.583, 0
754.694, 0
754.803, 0
754.913, 0
755.02, 0
755.126, 0
755.233, 0
755.342, 0
755.451, 0
755.557, 0
755.667, 0
755.776, 0
755.885, 0
755.989, 0
756.098, 0
756.205, 0
756.314, 0
756.421, 0
756.527, 0
756.639, 0
756.749, 0
756.855, 0
756.962, 0
757.071, 0
757.175, 0
757.284, 0
757.393, 0
757.5, 0
757.606, 0
757.716, 0
757.825, 0
757.931, 0
758.041, 0
758.15, 0
758.259, 0
758.366, 0
758.475, 0
758.584, 0
758.694, 0
758.803, 0
758.91, 0
759.019, 0
759.128, 0
759.232, 0
759.344, 0
759.453, 0
759.562, 0
759.671, 0
759.778, 0
759.885, 0
759.991, 0
760.098, 0
760.207, 0
760.316, 0
760.425, 0
760.535, 0
760.642, 0
760.748, 0
760.855, 0
760.964, 0
761.071, 0
761.182, 0
761.292, 0
761.401, 0
761.507, 0
761.617, 0
761.726, 0
761.835, 0
761.942, 0
762.051, 0
762.158, 0
